stt,food_code,group_num,group_name,name_vi,name_vi_raw,name_en,waste_pct,source_page,water_g,water_g_src,energy_kcal,energy_kcal_src,energy_kj,energy_kj_src,protein_g,protein_g_src,fat_g,fat_g_src,carb_g,carb_g_src,fiber_g,fiber_g_src,ash_g,ash_g_src,sugar_g,sugar_g_src,galactose_g,galactose_g_src,maltose_g,maltose_g_src,lactose_g,lactose_g_src,fructose_g,fructose_g_src,glucose_g,glucose_g_src,sucrose_g,sucrose_g_src,calcium_mg,calcium_mg_src,iron_mg,iron_mg_src,magnesium_mg,magnesium_mg_src,manganese_mg,manganese_mg_src,phosphorus_mg,phosphorus_mg_src,potassium_mg,potassium_mg_src,sodium_mg,sodium_mg_src,zinc_mg,zinc_mg_src,copper_ug,copper_ug_src,selenium_ug,selenium_ug_src,vitc_mg,vitc_mg_src,vitb1_thiamine_mg,vitb1_thiamine_mg_src,vitb2_riboflavin_mg,vitb2_riboflavin_mg_src,vitpp_niacin_mg,vitpp_niacin_mg_src,vitb5_pantothenic_mg,vitb5_pantothenic_mg_src,vitb6_mg,vitb6_mg_src,folate_ug,folate_ug_src,vitb9_folic_acid_ug,vitb9_folic_acid_ug_src,vith_biotin_ug,vith_biotin_ug_src,vitb12_ug,vitb12_ug_src,vita_retinol_ug,vita_retinol_ug_src,vitd_ug,vitd_ug_src,vite_mg,vite_mg_src,vitk_ug,vitk_ug_src,betacarotene_ug,betacarotene_ug_src,alphacarotene_ug,alphacarotene_ug_src,betacryptoxanthin_ug,betacryptoxanthin_ug_src,lycopene_ug,lycopene_ug_src,lutein_zeaxanthin_ug,lutein_zeaxanthin_ug_src,purine_mg,purine_mg_src,total_isoflavone_mg,total_isoflavone_mg_src,daidzein_mg,daidzein_mg_src,genistein_mg,genistein_mg_src,glycetin_mg,glycetin_mg_src,total_saturated_fa_g,total_saturated_fa_g_src,palmitic_c16_0_g,palmitic_c16_0_g_src,margaric_c17_0_g,margaric_c17_0_g_src,stearic_c18_0_g,stearic_c18_0_g_src,arachidic_c20_0_g,arachidic_c20_0_g_src,behenic_c22_0_g,behenic_c22_0_g_src,lignoceric_c24_0_g,lignoceric_c24_0_g_src,total_monounsaturated_fa_g,total_monounsaturated_fa_g_src,myristoleic_c14_1_g,myristoleic_c14_1_g_src,palmitoleic_c16_1_g,palmitoleic_c16_1_g_src,oleic_c18_1_g,oleic_c18_1_g_src,total_polyunsaturated_fa_g,total_polyunsaturated_fa_g_src,linoleic_c18_2n6_g,linoleic_c18_2n6_g_src,linolenic_c18_2n3_g,linolenic_c18_2n3_g_src,arachidonic_c20_4_g,arachidonic_c20_4_g_src,eicosapentaenoic_c20_5n3_g,eicosapentaenoic_c20_5n3_g_src,docosahexaenoic_c22_6n3_g,docosahexaenoic_c22_6n3_g_src,total_trans_fa_g,total_trans_fa_g_src,cholesterol_mg,cholesterol_mg_src,phytosterol_mg,phytosterol_mg_src,lysine_mg,lysine_mg_src,methionine_mg,methionine_mg_src,tryptophan_mg,tryptophan_mg_src,phenylalanine_mg,phenylalanine_mg_src,threonine_mg,threonine_mg_src,valine_mg,valine_mg_src,leucine_mg,leucine_mg_src,isoleucine_mg,isoleucine_mg_src,arginine_mg,arginine_mg_src,histidine_mg,histidine_mg_src,cystine_mg,cystine_mg_src,tyrosine_mg,tyrosine_mg_src,alanine_mg,alanine_mg_src,aspartic_acid_mg,aspartic_acid_mg_src,glutamic_acid_mg,glutamic_acid_mg_src,glycine_mg,glycine_mg_src,proline_mg,proline_mg_src,serine_mg,serine_mg_src
1,1001,1,Ngũ cốc và sản phẩm chế biến,Gạo nếp cái,GẠO NẾP CÁI,"Glutinous rice, milled",0.0,14,14.0,1,344,,1441,,8.6,1,1.5,1,74.5,1,0.6,1,0.8,1,,,,,,,,,,,,,,,32,1,1.20,1,17,1,1.100,1,98,1,282,1,3,1,2.20,1,280,1,,,0,1,0.14,1,0.06,2,2.4,2,,,,,,,,,,,,,0,1,0.00,1,,,,,0,1,0,1,0,1,0,1,0,1,,,,,,,,,,,,,,,,,,,,,,,,,,,,,,,,,,,,,,,,,,,,,,,0,2,,,207,2,66,2,,,229,2,177,2,317,2,531,2,222,2,435,2,133,2,96,2,111,2,347,2,443,2,1210,2,281,2,376,2,330099,22
2,1002,1,Ngũ cốc và sản phẩm chế biến,Gạo nếp máy (loại thường),GẠO NẾP MÁY (Loại thường),"Glutinous rice, milled",0.0,15,13.9,2,346,,1447,,8.4,2,1.6,2,74.9,2,0.5,2,0.7,2,,,,,,,,,,,,,,,16,2,1.20,2,17,2,1.100,2,130,2,282,2,3,2,2.20,2,280,2,15.1,3,0,3,0.16,2,0.06,2,2.4,2,0.284,3,0.107,3,7,3,0,3,,,0,3,0,3,,,,,,,0,3,0,3,0,3,0,3,0,3,,,,,,,,,,,0.110,3,0.090,3,0.000,3,0.010,3,0.000,3,0.000,3,0.000,3,0.200,3,0.000,3,0.000,3,0.200,3,0.200,3,0.190,3,0.010,3,0.000,3,0.000,3,0.000,3,,,0,3,,,246,3,160,3,79,3,364,3,244,3,416,3,563,3,294,3,568,3,160,3,140,3,228,3,395,3,640,3,1328,3,310,3,321,3,358,3
3,1003,1,Ngũ cốc và sản phẩm chế biến,Gạo tẻ giã,GẠO TẺ GIÃ,"Under milled, home-pounded rice",0.0,16,14.0,1,344,,1439,,8.1,1,1.3,1,75.0,1,0.7,1,0.9,1,,,,,,,,,,,,,,,36,1,0.20,1,52,1,1.500,1,108,1,202,1,5,1,1.90,1,360,1,38.8,1,0,1,0.12,1,0.04,1,1.9,1,,,,,,,,,3,5,,,0,1,,,,,,,0,3,0,3,0,3,0,3,0,3,,,,,,,,,,,,,,,,,,,,,,,,,,,,,,,,,,,,,,,,,,,,,,,0,1,,,,,,,,,,,,,,,,,,,,,,,,,,,,,,,,,,,,,,
4,1004,1,Ngũ cốc và sản phẩm chế biến,Gạo tẻ máy,GẠO TẺ MÁY,Ordinary polished rice,0.0,17,14.0,1,344,,1439,,7.9,1,1.0,1,75.9,1,0.4,1,0.8,1,,,,,,,,,,,,,,,30,1,1.30,1,14,1,0.900,1,104,1,241,1,5,1,1.50,1,230,1,31.8,1,0,1,0.10,1,0.03,1,1.6,1,1.342,3,0.145,3,9,3,0,3,3,5,0,3,0,1,,,,,,,0,3,0,3,0,3,0,3,0,3,,,,,,,,,,,0.160,3,0.140,3,0.000,3,0.010,3,0.000,3,0.000,3,0.000,3,0.180,3,0.000,3,0.000,3,0.180,3,0.160,3,0.130,3,0.030,3,0.000,3,0.000,3,0.000,3,,,0,3,,,239,3,155,3,77,3,353,3,236,3,403,3,546,3,285,3,551,3,155,3,135,3,221,3,383,3,621,3,1288,3,301,3,311,3,347,3
5,1005,1,Ngũ cốc và sản phẩm chế biến,Gạo lứt,GẠO LỨT,"Rice, brown or hulled",0.0,18,12.4,3,345,,1443,,7.5,3,2.7,3,72.8,3,3.4,3,1.3,3,,,,,,,,,,,,,,,16,2,2.80,2,52,2,1.500,2,246,2,202,2,5,2,1.90,2,360,2,38.8,2,0,2,0.34,2,0.07,2,5.0,2,1.5,2,0.62,2,20,3,0,3,,,,,0,2,,,,,,,0,3,0,3,0,3,0,3,0,3,,,,,,,,,,,0.540,3,0.460,3,0.000,3,0.050,3,0.000,3,0.000,3,0.000,3,0.970,3,0.000,3,0.010,3,0.960,3,0.960,3,0.920,3,0.040,3,0.000,3,0.000,3,0.000,3,,,0,3,,,286,3,169,3,96,3,387,3,275,3,440,3,620,3,318,3,569,3,190,3,91,3,281,3,437,3,702,3,1528,3,369,3,352,3,388,3
6,1006,1,Ngũ cốc và sản phẩm chế biến,Kê,KÊ,Foxtail millet,2.0,19,14.0,1,331,,1385,,7.0,1,3.0,1,69.0,1,3.4,1,3.6,1,,,,,,,,,,,,,,,22,1,2.70,1,430,1,1.700,1,290,1,249,1,7,1,1.50,1,440,1,2.7,3,0,1,0.40,1,0.09,1,1.6,1,0.848,3,0.384,3,85,3,0,3,,,0,3,0,1,,,0.05,3,0.9,3,60,3,,,,,,,,,62,4,,,,,,,,,0.720,3,0.530,3,0.000,3,0.150,3,0.000,3,0.000,3,0.000,3,0.770,3,0.000,3,0.010,3,0.740,3,2.130,3,2.020,3,0.120,3,0.000,3,0.000,3,0.000,3,,,0,3,,,135,3,140,3,76,3,368,3,224,3,367,3,889,3,295,3,243,3,150,3,135,3,216,3,626,3,461,3,1522,3,182,3,557,3,409,3
7,1007,1,Ngũ cốc và sản phẩm chế biến,Ngô bắp tươi,NGÔ BẮP TƯƠI,"Fresh maize seeds, raw",45.0,20,52.0,1,196,,818,,4.1,1,2.3,1,39.6,1,1.2,1,0.8,1,1.7,5,,,0.1,5,0,5,0.2,5,0.6,5,,,4,5,0.60,5,39,5,0.350,5,170,5,306,5,3,5,1.40,5,240,5,4,5,12,5,0.15,5,0.08,5,1.8,5,0.54,5,0.16,5,33,5,0,5,0.5,5,0,3,0,1,,,0.8,5,0,5,,,,,,,,,,,52,4,,,,,,,,,0.280,5,0.240,5,0.000,5,0.040,5,0.000,3,0.000,3,0.000,3,0.520,5,0.000,5,0.000,5,0.520,5,0.890,5,0.860,5,0.030,5,0.000,5,0.000,5,0.000,5,,,0,5,,,100,5,71,5,24,5,190,5,140,5,180,5,470,5,140,5,150,5,100,5,59,5,140,5,280,5,240,5,760,5,140,5,330,5,190,5
8,1008,1,Ngũ cốc và sản phẩm chế biến,Ngô vàng hạt khô,NGÔ VÀNG HẠT KHÔ,"Yellow maize, dried seeds",2.0,21,14.0,1,354,,1482,,8.6,1,4.7,1,69.4,1,2.0,1,1.3,1,0.64,3,,,,,,,,,,,,,30,1,2.30,1,127,3,0.490,3,190,1,287,3,35,3,2.21,3,314,3,15.5,3,0,1,0.28,1,0.11,1,2.0,1,0.424,3,0.622,3,19,3,0,3,,,0,3,0,1,,,0.49,3,0.3,3,97,3,63,3,0,3,0,3,1355,3,,,,,,,,,,,0.670,3,0.570,3,0.000,5,0.080,3,0.000,3,0.000,3,0.000,3,1.250,3,0.000,3,0.000,3,1.250,3,2.160,3,2.100,3,0.070,3,0.000,3,0.000,3,0.000,3,,,0,3,,,242,3,180,3,61,3,423,3,323,3,435,3,1054,3,308,3,429,3,262,3,155,3,350,3,644,3,598,3,1614,3,352,3,750,3,408,3
9,1009,1,Ngũ cốc và sản phẩm chế biến,Bánh bao nhân thịt,BÁNH BAO NHÂN THỊT,"Ball shaped dumpling, Vietnamese steamed buns",0.0,22,44.0,1,219,,916,,6.1,1,0.5,1,47.5,1,0.5,1,1.4,1,,,,,,,,,,,,,,,19,1,1.50,1,,,,,88,1,,,,,,,,,,,,,0.10,1,0.04,1,1.0,1,,,,,,,,,,,,,0,1,,,,,,,0,3,0,3,0,3,0,3,0,3,,,,,,,,,,,,,,,,,,,,,,,,,,,,,,,,,,,,,,,,,,,,,,,0,1,,,,,,,,,,,,,,,,,,,,,,,,,,,,,,,,,,,,,,
10,1010,1,Ngũ cốc và sản phẩm chế biến,Bánh đa nem,BÁNH ĐA NEM,Rice paper for rollers,0.0,23,15.0,1,333,,1394,,4.0,1,0.2,1,78.9,1,0.5,1,1.4,1,,,,,,,,,,,,,,,20,1,0.30,1,,,,,65,1,,,,,,,,,,,0,1,,,,,,,,,,,,,,,,,,,0,1,0.00,1,0,1,0,1,0,3,0,3,0,3,0,3,0,3,0,4,,,,,,,,,,,,,,,,,,,,,,,,,,,,,,,,,,,,,,,,,,,,,0,1,,,,,,,,,,,,,,,,,,,,,,,,,,,,,,,,,,,,,,
11,1011,1,Ngũ cốc và sản phẩm chế biến,Bánh đúc,BÁNH ĐÚC,Rice pudding,0.0,24,86.8,1,52,,215,,0.9,1,0.3,1,11.3,1,0.1,1,0.6,1,,,,,,,,,,,,,,,50,1,0.40,1,,,,,19,1,,,,,,,,,,,0,1,,,,,,,,,,,,,,,,,,,0,1,,,,,,,0,3,0,3,0,3,0,3,0,3,,,,,,,,,,,,,,,,,,,,,,,,,,,,,,,,,,,,,,,,,,,,,,,0,1,,,,,,,,,,,,,,,,,,,,,,,,,,,,,,,,,,,,,,
12,1012,1,Ngũ cốc và sản phẩm chế biến,Bánh mỳ,BÁNH MỲ,French bread,0.0,25,37.2,1,249,,1043,,7.9,1,0.8,1,52.6,1,0.2,1,1.3,1,,,,,,,,,,,,,,,28,1,2.00,1,,,,,164,1,,,,,,,,,,,0,1,0.10,1,0.07,1,0.7,1,,,,,,,,,,,,,0,1,,,,,,,0,3,0,3,0,3,0,3,0,3,,,,,,,,,,,,,,,,,,,,,,,,,,,,,,,,,,,,,,,,,,,,,,,0,1,,,163,1,133,1,66,1,314,1,216,1,366,1,460,1,294,1,294,1,133,1,188,1,208,1,280,1,392,1,1924,1,331,1,732,1,345,1
13,1013,1,Ngũ cốc và sản phẩm chế biến,Bánh phở,BÁNH PHỞ,Rice noodles,0.0,26,64.3,1,143,,599,,3.2,1,0.4,3,31.7,1,0.0,3,0.4,1,,,,,,,,,,,,,,,16,1,0.30,1,,,,,64,1,15,1,3,1,,,,,,,0,1,0.01,1,0.01,1,0.2,1,,,,,,,,,,,,,0,1,0.00,1,0,1,0,1,0,3,0,3,0,3,0,3,0,3,0,4,,,,,,,,,,,,,,,,,,,,,,,,,,,,,,,,,,,,,,,,,,,,,0,1,,,,,,,,,,,,,,,,,,,,,,,,,,,,,,,,,,,,,,
14,1014,1,Ngũ cốc và sản phẩm chế biến,Bánh quấy,BÁNH QUẤY,Wheat fritters twisted fried,0.0,27,38.7,1,292,,1222,,8.0,1,10.8,1,40.7,1,0.7,1,1.1,1,,,,,,,,,,,,,,,,,,,,,,,,,,,,,,,,,,,0,1,,,,,,,,,,,,,,,,,,,0,1,0.00,3,,,0,3,0,3,0,3,0,3,0,3,0,3,0,4,,,,,,,,,,,,,,,,,,,,,,,,,,,,,,,,,,,,,,,,,,,,,0,1,,,,,,,,,,,,,,,,,,,,,,,,,,,,,,,,,,,,,,
15,1015,1,Ngũ cốc và sản phẩm chế biến,Bỏng ngô,BỎNG NGÔ,Corn flakes,0.0,28,3.0,1,372,,1556,,8.6,1,1.6,1,80.8,1,3.4,1,2.6,1,,,,,,,,,,,,,,,3,1,0.60,1,,,,,47,1,,,,,,,,,,,0,1,0.02,1,0.03,1,0.6,1,,,,,,,,,,,,,0,1,,,,,,,0,3,0,3,0,3,0,3,0,3,,,,,,,,,,,,,,,,,,,,,,,,,,,,,,,,,,,,,,,,,,,,,,,0,1,,,230,1,166,1,61,1,421,1,310,1,418,1,1081,1,316,1,362,1,235,1,134,1,330,1,650,1,541,1,1634,1,319,1,771,1,429,1
16,1016,1,Ngũ cốc và sản phẩm chế biến,Bột gạo nếp,BỘT GẠO NẾP,Glutinous rice flour,0.0,29,10.0,1,362,,1516,,8.2,1,1.6,1,78.8,1,0.6,1,0.8,1,,,,,,,,,,,,,,,12,1,0.80,1,18,3,1.140,3,148,1,293,3,3,3,2.29,3,291,3,15.7,3,0,1,0.10,1,0.02,1,1.7,1,0.295,3,0.111,3,7,3,0,3,,,0,3,0,1,,,,,,,0,3,0,3,0,3,0,3,0,3,,,,3,,,,,,,0.110,3,0.090,3,0.000,3,0.010,3,0.000,3,0.000,3,0.000,3,0.200,3,0.000,3,0.000,3,0.190,3,0.190,3,0.180,3,0.010,3,0.000,3,0.000,3,0.000,3,,,0,1,,,240,3,156,3,77,3,355,3,238,3,406,3,550,3,287,3,554,3,156,3,137,3,223,3,386,3,625,3,1296,3,303,3,313,3,349,3
17,1017,1,Ngũ cốc và sản phẩm chế biến,Bột gạo tẻ,BỘT GẠO TẺ,Rice ordinary flour,0.0,30,10.0,1,359,,1501,,6.6,1,0.4,1,82.2,1,0.4,1,0.4,1,,,,,,,,,,,,,,,24,1,1.90,1,35,3,1.200,3,135,1,76,3,0,3,0.80,3,130,3,15.1,3,0,1,0.08,1,0.05,1,2.1,1,0.819,3,0.436,3,4,3,0,3,1,5,0,3,0,1,,,0.11,3,0,3,0,3,0,3,0,3,0,3,0,3,,,,,,,,,,,0.390,3,0.350,3,0.000,3,0.030,3,0.000,3,0.000,3,0.000,3,0.440,3,0.000,3,0.010,3,0.440,3,0.380,3,0.310,3,0.070,3,0.000,3,0.000,3,0.000,3,,,0,1,,,207,3,144,3,72,3,317,3,210,3,348,3,488,3,244,3,516,3,149,3,107,3,314,3,332,3,549,3,1097,3,267,3,278,3,310,3
18,1018,1,Ngũ cốc và sản phẩm chế biến,Bột mì,BỘT MÌ,'Wheat flour,0.0,31,14.0,1,346,,1446,,10.3,1,1.1,1,73.6,1,0.3,1,0.7,1,,,,,,,,,,,,,,,29,1,2.00,1,173,1,2.000,1,132,1,186,1,4,1,2.50,1,21,1,28,1,0,1,0.18,1,0.13,1,1.0,1,1.008,3,0.341,3,44,3,0,3,1.9,5,0,3,0,1,,,0.82,3,1.9,3,0,3,0,3,0,3,0,3,0,3,14,4,,,,,,,,,0.320,3,0.270,3,0.000,3,0.020,3,0.000,3,0.000,3,0.000,3,0.230,3,0.000,3,0.010,3,0.220,3,0.780,3,0.740,3,0.040,3,0.000,3,0.000,3,0.000,3,,,0,1,,,340,1,140,1,110,1,630,1,380,1,520,1,780,1,380,1,320,1,170,1,265,1,142,1,278,1,329,1,3480,1,341,1,1254,1,449,1
19,1019,1,Ngũ cốc và sản phẩm chế biến,Bột ngô vàng,BỘT NGÔ VÀNG,Yellow maize flour,0.0,32,12.0,1,361,,1511,,8.3,1,4.0,1,73.0,1,1.5,1,1.2,1,,,,,,,,,,,,,,,15,1,2.10,1,93,3,0.460,3,170,1,315,3,5,3,1.73,3,230,3,15.4,3,0,1,0.17,1,0.08,3,1.9,3,0.658,3,0.37,3,25,3,0,3,,,0,3,0,1,,,0.42,3,0.3,3,97,3,63,3,0,3,0,3,1355,3,,,,,,,,,,,0.540,3,0.460,3,0.000,3,0.060,3,0.000,3,0.000,3,0.000,3,1.020,3,0.000,3,0.000,3,1.020,3,1.760,3,1.710,3,0.050,3,0.000,3,0.000,3,0.000,3,,,0,3,,,195,3,145,3,49,3,340,3,261,3,351,3,850,3,248,3,345,3,211,3,125,3,282,3,518,3,482,3,1300,3,284,3,605,3,329,3
20,1020,1,Ngũ cốc và sản phẩm chế biến,Bún,BÚN,Rice vermicelli,0.0,33,72.0,1,110,,459,,1.7,1,,,25.7,1,0.5,1,0.1,1,,,,,,,,,,,,,,,12,1,0.20,1,,,,,32,1,,,,,,,,,,,0,1,0.04,1,0.01,1,1.3,1,,,,,,,,,,,,,0,1,,,,,,,0,3,0,3,0,3,0,3,0,3,,,,,,,,,,,,,,,,,,,,,,,,,,,,,,,,,,,,,,,,,,,,,,,0,1,,,,,,,,,,,,,,,,,,,,,,,,,,,,,,,,,,,,,,
21,1021,1,Ngũ cốc và sản phẩm chế biến,Cốm,CỐM,"Rice, unriped. Raw",0.0,34,25.0,1,297,,1242,,6.1,1,0.8,1,66.3,1,0.6,1,1.2,1,,,,,,,,,,,,,,,24,1,1.00,1,,,,,143,1,,,,,,,,,,,0,1,,,,,,,,,,,,,,,,,,,0,1,,,,,,,0,3,0,3,0,3,0,3,0,3,,,,,,,,,,,,,,,,,,,,,,,,,,,,,,,,,,,,,,,,,,,,,,,0,1,,,,,,,,,,,,,,,,,,,,,,,,,,,,,,,,,,,,,,
22,1022,1,Ngũ cốc và sản phẩm chế biến,Mỳ sợi,MỲ SỢI,Wheat noodles,0.0,35,13.0,1,349,,1460,,11.0,1,0.9,1,74.2,1,0.3,1,0.6,1,,,,,,,,,,,,,,,34,1,1.50,1,,,,,97,1,,,,,,,,,,,0,1,0.10,1,0.04,1,1.1,1,,,,,,,,,,,,,0,1,,,,,,,0,3,0,3,0,3,0,3,0,3,,,,,,,,,,,,,,,,,,,,,,,,,,,,,,,,,,,,,,,,,,,,,,,0,1,,,432,1,320,1,150,1,702,1,490,1,808,1,1036,1,667,1,679,1,300,1,,,,,,,,,,,,,,,,
23,1023,1,Ngũ cốc và sản phẩm chế biến,Ngô nếp luộc,NGÔ NẾP LUỘC,"Glutinous maize, boiled",50.0,36,59.0,1,167,,699,,3.9,1,2.2,1,32.9,1,1.2,1,0.8,1,,,,,,,,,,,,,,,18,1,0.80,1,,,,,146,1,,,,,,,,,,,0,1,,,,,,,,,,,,,,,,,,,0,1,,,,,,,0,3,0,3,0,3,0,3,0,3,,,,,,,,,,,,,,,,,,,,,,,,,,,,,,,,,,,,,,,,,,,,,,,0,1,,,,,,,,,,,,,,,,,,,,,,,,,,,,,,,,,,,,,,
24,2001,2,Khoai củ và sản phẩm chế biến,Củ ấu,CỦ ẤU,Water-caltrops,50.0,39,69.2,1,115,,481,,3.6,1,0.5,1,24.0,1,1.0,1,1.7,1,,,,,,,,,,,,,,,9,1,0.70,1,,,,,49,1,,,,,,,,,,,5,1,0.23,1,0.05,1,1.9,1,,,,,,,,,,,,,0,1,,,,,,,5,3,,,,,,,,,,,,,,,,,,,,,,,,,,,,,,,,,,,,,,,,,,,,,,,,,,,,,,,0,1,,,,,,,,,,,,,,,,,,,,,,,,,,,,,,,,,,,,,,
25,2002,2,Khoai củ và sản phẩm chế biến,Củ cái,CỦ CÁI,'Yam winged,15.0,40,65.5,1,127,,532,,3.1,1,0.2,3,28.3,1,1.8,1,1.1,1,,,,,,,,,,,,,,,20,1,2.90,1,20,1,,,32,1,397,1,12,1,11.00,1,,,,,1,1,,,,,,,0.314,3,0.293,3,23,3,0,3,,,0,3,0,1,,,0.39,3,2.6,3,83,3,,,,,,,,,,,,,,,,,,,0.040,3,0.030,3,0.000,3,0.000,3,0.000,3,0.000,3,0.000,3,0.010,3,0.000,3,0.000,3,0.010,3,0.080,3,0.060,3,0.010,3,0.000,3,0.000,3,0.000,3,,,0,3,,,59,3,21,3,12,3,71,3,54,3,62,3,96,3,52,3,127,3,34,3,19,3,40,3,63,3,155,3,181,3,53,3,54,3,81,3
26,2003,2,Khoai củ và sản phẩm chế biến,Củ dong,CỦ DONG,Bermuda tuber,4.0,41,66.5,1,119,,499,,1.4,1,,,28.4,1,2.4,1,1.3,1,,,,,,,,,,,,,,,42,1,,,,,,,21,1,,,,,,,,,,,,,,,,,,,,,,,,,,,,,,,0.00,1,,,,,,,0,3,0,3,0,3,0,3,0,3,,,,,,,,,,,,,,,,,,,,,,,,,,,,,,,,,,,,,,,,,,,,,,,0,1,,,,,,,,,,,,,,,,,,,,,,,,,,,,,,,,,,,,,,
27,2004,2,Khoai củ và sản phẩm chế biến,Củ sắn,CỦ SẮN,Bitter cassava,25.0,42,60.0,1,152,,635,,1.1,1,0.2,1,36.4,1,1.5,1,0.8,1,,,,,,,,,,,,,,,25,1,1.20,1,4,1,,,30,1,394,1,2,1,,,,,,,34,1,0.03,1,0.03,1,0.6,1,0.107,3,0.088,3,27,3,0,3,,,0,3,0,1,,,0.19,3,1.9,3,8,3,0,3,0,3,0,3,0,3,,,,,,,,,,,0.070,3,0.070,3,0.000,3,0.010,3,0.000,3,0.000,3,0.000,3,0.080,3,0.000,3,0.000,3,0.080,3,0.050,3,0.030,3,0.020,3,0.000,3,0.000,3,0.000,3,,,0,1,,,44,3,11,3,19,3,26,3,28,3,35,3,39,3,27,3,137,3,20,3,28,3,17,3,38,3,79,3,206,3,28,3,33,3,33,3
28,2005,2,Khoai củ và sản phẩm chế biến,Củ sẵn dây,củ SẴN DÂY,Radix puerariae,10.0,43,60.3,1,119,,499,,1.6,1,0.1,1,28.0,1,9.2,1,0.8,1,,,,,,,,,,,,,,,28,1,0.20,1,,,,,45,1,,,,,,,,,,,,,,,,,,,,,,,,,,,,,,,0,1,,,,,,,0,3,0,3,0,3,0,3,0,3,,,,,,,,,,,,,,,,,,,,,,,,,,,,,,,,,,,,,,,,,,,,,,,0,1,,,,,,,,,,,,,,,,,,,,,,,,,,,,,,,,,,,,,,
29,2006,2,Khoai củ và sản phẩm chế biến,Củ súng khô (đã bỏ vỏ),CỦ SÚNG KHÔ (ĐÃ BỎ VỎ),"Nymphaea stellata wild, dried, unshelled",0.0,44,8.6,1,350,,1465,,16.1,1,0.5,1,70.3,1,2.3,1,2.2,1,,,,,,,,,,,,,,,100,1,0.20,1,,,,,720,1,,,,,,,,,,,,,,,,,,,,,,,,,,,,,,,0,1,,,,,,,0,3,0,3,0,3,0,3,0,3,,,,,,,,,,,,,,,,,,,,,,,,,,,,,,,,,,,,,,,,,,,,,,,0,1,,,,,,,,,,,,,,,,,,,,,,,,,,,,,,,,,,,,,,
30,2007,2,Khoai củ và sản phẩm chế biến,Củ từ,CỦ TỪ,"lgname Yam, Chinese",6.0,45,75.0,1,92,,385,,1.5,1,,,21.5,1,1.2,1,0.8,1,,,,,,,,,,,,,,,28,1,0.20,1,,,,,30,1,,,,,,,,,,,2,1,,,,,,,,,,,,,,,,,,,0,1,,,,,,,0,3,0,3,0,3,0,3,0,3,,,,,,,,,,,,,,,,,,,,,,,,,,,,,,,,,,,,,,,,,,,,,,,0,1,,,,,,,,,,,,,,,,,,,,,,,,,,,,,,,,,,,,,,
31,2008,2,Khoai củ và sản phẩm chế biến,Khoai lang,KHOAI LANG,"Sweet potato, white",17.0,46,68.0,1,119,,498,,0.8,1,0.2,1,28.5,1,1.3,1,1.2,1,,,,,,,,,,,,,,,34,1,1.00,1,201,1,0.390,1,49,1,210,1,31,1,0.20,1,260,1,7.1,1,23,1,0.05,1,0.05,1,0.6,1,0.8,3,0.209,3,11,3,0,3,,,0,3,0,1,,,0.26,3,1.8,3,150,3,,,,,,,,,,,,,,,,,,,0.020,3,0.020,3,0.000,3,0.000,3,0.000,3,0.000,3,0.000,3,0.000,3,0.000,3,0.000,3,0.000,3,0.010,3,0.010,3,0.000,3,0.000,3,0.000,3,0.000,3,,,0,1,,,30,1,10,1,2,1,40,1,40,1,30,1,40,1,30,1,30,1,10,1,12,1,48,1,58,1,176,1,139,1,42,1,34,1,50,1
32,2009,2,Khoai củ và sản phẩm chế biến,Khoai lang nghệ,KHOAI LANG NGHỆ,"Sweet potafto, yellow",13.0,47,69.9,1,116,,485,,1.2,1,0.3,1,27.1,1,0.8,1,0.7,1,,,,,,,,,,,,,,,36,1,0.90,1,,,,,56,1,,,,,,,,,,,30,1,0.12,1,0.05,1,0.6,1,,,,,,,,,,,,,0,1,,,,,,,1470,3,,,,,,,,,,,,,,,,,,,,,,,,,,,,,,,,,,,,,,,,,,,,,,,,,,,,,,,0,1,,,42,1,11,1,12,1,42,1,50,1,61,1,64,1,40,1,35,1,19,1,12,1,48,1,58,1,176,1,130,1,12,1,34,1,50,1
33,2010,2,Khoai củ và sản phẩm chế biến,Khoai môn,KHOAI MÔN,"Chinese Yam, spiny yam",14.0,48,70.8,1,109,,454,,1.5,1,0.2,1,25.2,1,1.2,1,1.1,1,,,,,,,,,,,,,,,44,1,0.80,1,,,,,44,1,,,,,,,,,,,4,1,0.09,1,0.03,1,0.1,1,,,,,,,,,,,,,0,1,,,,,,,,,,,,,,,,,,,,,,,,,,,,,,,,,,,,,,,,,,,,,,,,,,,,,,,,,,,,,,,0,1,,,,,,,,,,,,,,,,,,,,,,,,,,,,,,,,,,,,,,
34,2011,2,Khoai củ và sản phẩm chế biến,Khoai nước,KHOAI NƯỚC,Water-taro,14.0,49,72.5,1,98,,410,,1.0,1,0.1,1,23.3,1,2.0,1,1.1,1,,,,,,,,,,,,,,,52,1,0.20,1,,,,,35,1,,,,,,,,,,,3,1,,,,,,,,,,,,,,,,,,,0,1,,,,,,,,,,,,,,,,,,,,,,,,,,,,,,,,,,,,,,,,,,,,,,,,,,,,,,,,,,,,,,,0,1,,,,,,,,,,,,,,,,,,,,,,,,,,,,,,,,,,,,,,
35,2012,2,Khoai củ và sản phẩm chế biến,Khoai riềng,KHOAI RIỀNG,Edible canna,19.0,50,70.0,1,104,,433,,0.8,1,,,25.1,1,2.5,1,1.6,1,,,,,,,,,,,,,,,64,1,1.70,1,,,,,107,1,,,,,,,,,,,,,,,,,,,,,,,,,,,,,,,0,1,,,,,,,,,,,,,,,,,,,,,,,,,,,,,,,,,,,,,,,,,,,,,,,,,,,,,,,,,,,,,,,0,1,,,,,,,,,,,,,,,,,,,,,,,,,,,,,,,,,,,,,,
36,2013,2,Khoai củ và sản phẩm chế biến,Khoai sọ,KHOAI SỌ,Taro tuber,18.0,51,69.0,1,114,,477,,1.8,1,0.1,1,26.5,1,1.2,1,1.4,1,,,,,,,,,,,,,,,64,1,1.50,1,33,1,0.380,3,75,1,448,1,10,1,,,,,,,4,1,0.06,1,0.03,1,0.1,1,0.303,3,0.283,3,22,3,0,3,,,0,3,0,1,,,2.38,3,1,3,35,3,,,20,3,,,,,,,,,,,,,,,0.040,3,0.040,3,0.000,3,0.010,3,0.000,3,0.000,3,0.000,3,0.020,3,0.000,3,0.000,3,0.020,3,0.080,3,0.060,3,0.030,3,0.000,3,0.000,3,0.000,3,,,0,1,,,70,1,10,1,20,1,90,1,80,1,90,1,150,1,70,1,140,1,30,1,17,1,54,1,40,1,180,1,80,1,68,1,61,1,110,1
37,2014,2,Khoai củ và sản phẩm chế biến,Khoai tây,KHOAI TÂY,"Potato, white",13.0,52,75.0,1,93,,387,,2.0,1,0.1,3,20.9,1,1.0,1,1.0,1,,,,,,,,,,,,,,,10,1,1.20,1,32,1,0.200,1,50,1,396,1,7,1,0.30,1,230,1,0.5,1,10,1,0.10,1,0.05,1,0.9,1,0.281,3,0.203,3,18,3,0,3,0.47,5,0,3,0,1,,,0.01,3,1.6,3,5,3,0,3,0,3,0,3,13,3,16,4,,,,,,,,,0.030,3,0.020,3,0.000,3,0.000,3,0.000,3,0.000,3,0.000,3,0.000,3,0.000,3,0.000,3,0.000,3,0.040,3,0.030,3,0.010,3,0.000,3,0.000,3,0.000,3,,,0,3,,,100,1,30,1,20,1,110,1,70,1,100,1,230,1,230,1,90,1,30,1,10,1,47,1,76,1,211,1,174,1,64,1,64,1,70,1
38,2015,2,Khoai củ và sản phẩm chế biến,Miến dong,MIẾN DONG,Vermicelli from Bermuda tuber,0.0,53,14.5,1,332,,1390,,0.6,1,0.1,1,82.2,1,1.5,1,1.1,1,,,,,,,,,,,,,,,40,1,1.00,1,,,,,120,1,,,,,,,,,,,,,,,,,,,,,,,,,,,,,,,0,1,,,,,,,0,3,0,3,0,3,0,3,0,3,,,,,,,,,,,,,,,,,,,,,,,,,,,,,,,,,,,,,,,,,,,,,,,0,1,,,,,,,,,,,,,,,,,,,,,,,,,,,,,,,,,,,,,,
39,2016,2,Khoai củ và sản phẩm chế biến,Bột dong lọc,BỘT DONG LỌC,Bermuda flour,0.0,54,14.0,1,341,,1428,,0.6,1,,,84.7,1,0.5,1,0.2,1,,,,,,,,,,,,,,,37,1,1.70,1,,,,,18,1,,,,,,,,,,,,,,,,,,,,,,,,,,,,,,,0,1,,,,,,,0,3,0,3,0,3,0,3,0,3,,,,,,,,,,,,,,,,,,,,,,,,,,,,,,,,,,,,,,,,,,,,,,,0,1,,,,,,,,,,,,,,,,,,,,,,,,,,,,,,,,,,,,,,
40,2017,2,Khoai củ và sản phẩm chế biến,Bột khoai lang,BỘT KHOAI LANG,Sweet potato flour,0.0,55,14.0,1,334,,1398,,2.2,1,0.5,1,80.2,1,1.6,1,1.5,1,,,,,,,,,,,,,,,50,1,2.00,1,,,,,95,1,,,,,,,,,,,,,0.24,1,0.09,1,1.5,1,,,,,,,,,,,,,0,1,,,,,,,0,3,0,3,0,3,0,3,0,3,,,,,,,,,,,,,,,,,,,,,,,,,,,,,,,,,,,,,,,,,,,,,,,0,1,,,,,,,,,,,,,,,,,,,,,,,,,,,,,,,,,,,,,,
41,2018,2,Khoai củ và sản phẩm chế biến,Bột khoai riềng (bột đao),BỘT KHOAI RIỀNG (BỘT ĐAO),"Canna edulis Ker, flour",0.0,56,14.0,1,337,,1411,,0.2,1,,,84.1,1,1.5,1,0.2,1,,,,,,,,,,,,,,,16,1,,,,,,,17,1,,,,,,,,,,,,,,,,,,,,,,,,,,,,,,,0,1,,,,,,,0,3,0,3,0,3,0,3,0,3,,,,,,,,,,,,,,,,,,,,,,,,,,,,,,,,,,,,,,,,,,,,,,,0,1,,,,,,,,,,,,,,,,,,,,,,,,,,,,,,,,,,,,,,
42,2019,2,Khoai củ và sản phẩm chế biến,Bột khoai tây (lọc),BỘT KHOAI TÂY (LỌC),"Potato flour, white",0.0,57,13.6,1,345,,1441,,1.0,1,0.3,3,84.4,1,0.4,1,0.3,1,,,,,,,,,,,,,,,30,1,3.00,1,,,,,125,1,,,,,,,,,,,,,0.01,1,,,0.4,1,0.474,3,0.769,3,25,3,0,3,,,0,3,0,1,,,0.25,3,0,3,0,3,0,3,0,3,0,3,0,3,,,,,,,,,,,0.090,3,0.060,3,0.000,3,0.010,3,0.000,3,0.000,3,0.000,3,0.010,3,0.000,3,0.000,3,0.000,3,0.150,3,0.110,3,0.040,3,0.000,3,0.000,3,0.000,3,,,0,1,,,35,1,8,1,9,1,24,1,20,1,36,1,33,1,22,1,25,1,10,1,5,1,12,1,21,1,91,1,80,1,17,1,21,1,21,1
43,2020,2,Khoai củ và sản phẩm chế biến,Bột sắn,BỘT SẮN,Cassava flour,0.0,58,14.0,1,333,,1391,,2.4,1,0.5,1,79.6,1,2.2,1,1.3,1,,,,,,,,,,,,,,,84,1,,,,,,,37,1,,,,,,,,,,,,,0.02,1,0.03,1,0.1,1,,,,,,,,,,,,,0,1,,,,,,,0,3,0,3,0,3,0,3,0,3,,,,,,,,,,,,,,,,,,,,,,,,,,,,,,,,,,,,,,,,,,,,,,,0,1,,,,,,,,,,,,,,,,,,,,,,,,,,,,,,,,,,,,,,
44,2021,2,Khoai củ và sản phẩm chế biến,Bột sắn dây,BỘT SẮN DÂY,Radix puerariae flour,0.0,59,14.0,1,340,,1423,,0.7,1,,,84.3,1,0.8,1,0.2,1,,,,,,,,,,,,,,,18,1,1.50,1,,,,,20,1,,,,,,,,,,,,,,,,,,,,,,,,,,,,,,,0,1,,,,,,,0,3,0,3,0,3,0,3,0,3,,,,,,,,,,,,,,,,,,,,,,,,,,,,,,,,,,,,,,,,,,,,,,,0,1,,,,,,,,,,,,,,,,,,,,,,,,,,,,,,,,,,,,,,
45,2022,2,Khoai củ và sản phẩm chế biến,Khoai lang khô,KHOAI LANG KHÔ,"Sweet potato, dried",5.0,60,11.0,1,333,,1395,,2.2,1,0.5,3,80.0,1,3.6,1,2.7,1,,,,,,,,,,,,,,,95,3,2.78,3,559,3,1.080,3,137,3,584,3,86,3,0.56,3,723,3,19.7,3,,,0.09,3,0.07,3,1.7,3,2.225,3,0.581,3,31,3,0,3,,,0,3,0,1,,,0.72,3,5.0,3,417,3,,,,,,,,,,,,,,,,,,,0.050,3,0.050,3,0.000,3,0.000,3,0.000,3,0.000,3,0.000,3,0.000,3,0.000,3,0.000,3,0.000,3,0.040,3,0.030,3,0.000,3,0.000,3,0.000,3,0.000,3,,,0,1,,,70,1,30,1,4,1,100,1,110,1,90,1,120,1,90,1,90,1,40,1,33,3,132,3,160,3,484,3,382,3,116,3,94,3,138,3
46,2023,2,Khoai củ và sản phẩm chế biến,Khoai tây khô,KHOAI TÂY KHÔ,"Potato, white, dried",0.0,61,11.0,1,330,,1379,,6.6,1,0.3,1,75.1,1,3.4,1,3.6,1,,,,,,,,,,,,,,,37,1,4.30,1,114,3,0.710,3,180,1,1410,3,25,3,1.07,3,819,3,1.78,3,,,0.36,1,0.18,1,3.2,1,1.000,3,0.723,3,64,3,0,3,,,0,3,0,1,,,0.04,3,5.7,3,18,3,0,3,0,3,0,3,46,3,,,,,,,,,,,0.080,3,0.050,3,0.000,3,0.010,3,0.000,3,0.000,3,0.000,3,0.010,3,0.000,3,0.000,3,0.000,3,0.130,3,0.100,3,0.030,3,0.000,3,0.000,3,0.000,3,,,0,1,,,330,1,110,1,50,1,360,1,240,1,320,1,750,1,750,1,290,1,110,1,33,3,155,3,251,3,696,3,574,3,211,3,211,3,231,3
47,2024,2,Khoai củ và sản phẩm chế biến,Khoai tây lát chiên,KHOAI TÂY LÁT CHIÊN,"Potato crisp, fried",0.0,62,3.0,1,525,,2195,,2.2,1,35.4,1,49.3,1,6.3,1,3.8,1,,,,,,,,,,,,,,,37,1,2.10,1,,,,,130,1,,,,,,,,,,,1,1,0.15,1,0.02,1,4.6,1,,,,,,,,,,,,,0,1,,,,,,,,3,,3,,3,,3,,3,,,,,,,,,,,,,,,,,,,,,,,,,,,,,,,,,,,,,,,,,,,,,,,0,1,,,,,,,,,,,,,,,,,,,,,,,,,,,,,,,,,,,,,,
48,2025,2,Khoai củ và sản phẩm chế biến,Sắn khô,SẮN KHÔ,Dried bitter cassava,5.0,63,11.0,1,340,,1420,,3.0,1,0.7,1,80.3,1,3.0,1,2.0,1,,,,,,,,,,,,,,,96,1,7.90,1,,,,,81,1,,,,,,,,,,,,,0.06,1,0.05,1,0.8,1,,,,,,,,,,,,,0,1,,,,,,,0,3,0,3,0,3,0,3,0,3,,,,,,,,,,,,,,,,,,,,,,,,,,,,,,,,,,,,,,,,,,,,,,,0,1,,,,,,,,,,,,,,,,,,,,,,,,,,,,,,,,,,,,,,
49,2026,2,Khoai củ và sản phẩm chế biến,Trân châu sắn,TRÂN CHÂU SẮN,"Tapioca, pearls E.P",0.0,64,14.0,1,341,,1428,,1.0,1,,,84.3,1,0.6,1,0.1,1,,,,,,,,,,,,,,,30,1,2.00,1,,,,,50,1,,,,,,,,,,,,,0.04,1,,,,,,,,,,,,,,,,,0,1,,,,,,,0,3,0,3,0,3,0,3,0,3,,,,,,,,,,,,,,,,,,,,,,,,,,,,,,,,,,,,,,,,,,,,,,,0,1,,,,,,,,,,,,,,,,,,,,,,,,,,,,,,,,,,,,,,
50,3001,3,"Hạt, quả giàu đạm, béo và sản phẩm chế biến",Cùi dừa già,CÙI DỪA GIÀ,"Coconut meat, mature, raw",20.0,67,47.6,1,368,,1540,,4.8,1,36.0,1,6.2,1,4.2,1,1.2,1,,,,,,,,,,,,,,,30,1,30.00,1,160,1,1.300,1,154,1,555,1,7,1,5.00,1,50,1,,,2,1,0.10,1,0.01,1,0.2,1,0.3,3,0.054,3,26,3,0,3,,,0,3,0,1,,,0.24,3,0.2,3,0,3,0,3,0,3,0,3,0,3,,,,,,,,,,,29.700,3,2.840,3,0.000,3,1.730,3,0.000,3,0.000,3,0.000,3,1.430,3,0.000,3,0.000,3,1.430,3,0.370,3,0.370,3,0.000,3,0.000,3,0.000,3,0.000,3,,,0,1,,,147,3,62,3,39,3,169,3,121,3,202,3,247,3,131,3,546,3,77,3,66,3,103,3,170,3,325,3,761,3,158,3,138,3,172,3
51,3002,3,"Hạt, quả giàu đạm, béo và sản phẩm chế biến",Cùi dừa non,CÙI DỪA NON,"Coconut meat, immature, raw",0.0,68,87.8,1,40,,166,,3.5,1,1.7,1,2.6,1,3.5,1,0.9,1,,,,,,,,,,,,,,,4,1,1.00,1,,,,,53,1,,,,,,,,,,,6,1,0.04,1,0.03,1,0.8,1,,,,,,,,,,,,,0,1,,,,,,,0,3,0,3,0,3,0,3,0,3,,,,,,,,,,,,,,,,,,,,,,,,,,,,,,,,,,,,,,,,,,,,,,,0,1,,,,,,,,,,,,,,,,,,,,,,,,,,,,,,,,,,,,,,
52,3003,3,"Hạt, quả giàu đạm, béo và sản phẩm chế biến",Đậu cô ve (hạt),ĐẬU CÔ VE (HẠT),"French bean seeds, dried",10.0,69,14.0,1,321,,1344,,21.8,1,1.6,1,54.9,1,3.5,1,4.2,1,,,,,,,,,,,,,,,96,1,,,,,,,360,1,,,,,,,,,,,,,,,,,,,,,,,,,,,,,,,0,1,,,,,,,,,,,,,,,,,37,4,,,,,,,,,,,,,,,,,,,,,,,,,,,,,,,,,,,,,,,,,,,,,0,1,,,,,,,,,,,,,,,,,,,,,,,,,,,,,,,,,,,,,,
53,3004,3,"Hạt, quả giàu đạm, béo và sản phẩm chế biến",Đậu đen (hạt),ĐẬU ĐEN (HẠT),"Black bean seeds, dried",2.0,70,14.0,1,325,,1361,,24.2,1,1.7,1,53.3,1,4.0,1,2.8,1,,,,,,,,,,,,,,,56,1,6.10,1,,,,,354,1,,,,,,,,,,,3,1,0.50,1,0.21,1,1.8,1,0.899,3,0.286,3,444,3,0,3,,,,,0,1,,,0.22,3,6,3,30,3,,,,,,,,,222,4,0,3,0,3,0,3,0,3,0.370,3,0.340,3,0.000,3,0.020,3,0.000,3,0.000,3,0.000,3,0.120,3,0.000,3,0.000,3,0.120,3,0.610,3,0.330,3,0.280,3,0.000,3,0.000,3,0.000,3,,,0,1,,,1483,3,325,3,256,3,1168,3,909,3,1130,3,1725,3,954,3,1337,3,601,3,235,3,608,3,905,3,2613,3,3294,3,843,3,916,3,1175,3
54,3005,3,"Hạt, quả giàu đạm, béo và sản phẩm chế biến",Đậu đũa (hạt),ĐẬU ĐŨA (HẠT),"Cow pea whole seeds, dried",10.0,71,14.0,1,320,,1341,,23.7,1,2.0,1,51.9,1,4.3,1,4.1,1,,,,,,,,,,,,,,,110,1,6.50,1,,,,,382,1,,,,,,,,,,,1,1,0.59,1,0.22,1,2.3,1,1.496,3,0.357,3,633,3,0,3,,,0,3,0,1,,,0.39,3,5,3,10,3,,,,,,,,,,,0.03,3,0.01,3,0.02,3,,,0.330,3,0.250,3,0.000,3,0.050,3,0.000,3,0.000,3,0.000,3,0.110,3,0.000,3,0.000,3,0.090,3,0.540,3,0.340,3,0.200,3,0.000,3,0.000,3,0.000,3,,,0,1,,,1503,1,312,1,323,1,1176,1,911,1,1554,1,1931,1,1514,1,1975,1,1140,1,123,1,592,1,908,1,2904,1,3594,1,871,1,1488,1,1198,1
55,3006,3,"Hạt, quả giàu đạm, béo và sản phẩm chế biến",Đậu hà lan (hạt),ĐẬU HÀ LAN (HẠT),"Peas garden and field, seeds, dried",0.0,72,13.6,1,318,,1330,,22.2,1,1.4,1,54.1,1,6.0,1,2.7,1,,,,,,,,,,,,,,,57,1,4.40,1,145,1,,,303,1,135,1,9,1,4.00,1,930,1,0.4,1,0,1,0.77,1,0.18,1,3.1,1,1.758,3,0.174,3,274,3,0,3,,,0,3,0,1,,,0.09,3,14.5,3,70,3,,,,,,,,,,,2.42,3,2.42,3,,,,,0.160,3,0.130,3,0.000,3,0.030,3,0.000,3,0.000,3,0.000,3,0.240,3,0.000,3,0.000,3,0.230,3,0.500,3,0.410,3,0.080,3,0.000,3,0.000,3,0.000,3,,,0,3,135,3,1772,3,251,3,275,3,1132,3,872,3,1159,3,1760,3,1014,3,2188,3,597,3,373,3,711,3,1080,3,2896,3,4196,3,1092,3,1014,3,1080,3
56,3007,3,"Hạt, quả giàu đạm, béo và sản phẩm chế biến",Đậu tương (đậu nành),ĐẬU TƯƠNG (ĐẬU NÀNH),"Yellow dried soybean seeds, dried",2.0,73,14.0,1,400,,1674,,34.0,1,18.4,1,24.6,1,4.5,1,4.5,1,,,,,,,,,,,,,,,165,1,11.00,1,236,1,1.200,1,690,1,1504,1,2,3,3.80,1,300,1,1.5,1,4,1,0.54,1,0.29,1,2.3,1,0.793,3,0.377,3,375,3,0,3,60,5,0,3,0,1,,,0.85,3,47,3,30,3,,,,,,,,,,,151.17,3,67.79,3,72.51,3,10.88,3,2.880,3,2.120,3,0.000,3,0.710,3,0.000,3,0.000,3,0.000,3,4.400,3,0.000,3,0.060,3,4.350,3,11.260,3,9.930,3,1.330,3,0.000,3,0.000,3,0.000,3,,,0,3,161,,1970,1,680,1,480,1,1800,1,1600,1,1430,1,2240,1,1670,1,2410,1,780,1,485,1,988,1,1671,1,4361,1,7098,1,1551,1,1989,1,1851,1
57,3008,3,"Hạt, quả giàu đạm, béo và sản phẩm chế biến",Đậu trắng hạt (đậu tây),ĐẬU TRẮNG HẠT (ĐẬU TÂY),"Kidney bean whole seeds, dried",2.0,74,14.0,1,327,,1368,,23.2,1,2.1,1,53.8,1,3.6,1,3.3,1,,,,,,,,,,,,,,,160,1,6.80,1,,,,,514,1,,,,,,,,,,,3,1,0.54,1,0.18,1,2.1,1,0.78,3,0.397,3,394,3,0,3,,,0,3,0,1,,,0.22,3,19,3,10,3,,,,,,,,,128,4,0.06,3,0.02,3,0.04,3,,,0.120,3,0.110,3,0.000,3,0.010,3,0.000,3,0.000,3,0.000,3,0.060,3,0.000,3,0.000,3,0.060,3,0.460,3,0.180,3,0.280,3,0.000,3,0.000,3,0.000,3,,,0,3,127,,1160,1,300,1,320,1,1280,1,740,1,930,1,1460,1,950,1,1620,1,600,1,133,1,631,1,551,1,1976,1,3564,1,680,1,778,1,1069,1
58,3009,3,"Hạt, quả giàu đạm, béo và sản phẩm chế biến",Đậu trứng cuốc,ĐẬU TRỨNG CUỐC,"Egg bird bean seeds, dried",2.0,75,14.0,1,321,,1344,,25.8,1,2.0,1,50.0,1,4.8,1,3.4,1,,,,,,,,,,,,,,,,,,,,,,,,,,,,,,,,,,,,,,,,,,,,,,,,,,,,,,,0,1,,,,,,,,,,,,,,,,,,,,,,,,,,,,,,,,,,,,,,,,,,,,,,,,,,,,,,,,,,,,,,,0,1,,,,,,,,,,,,,,,,,,,,,,,,,,,,,,,,,,,,,,
59,3010,3,"Hạt, quả giàu đạm, béo và sản phẩm chế biến",Đậu xanh (đậu tắt),ĐẬU XANH (ĐẬU TẮT),"Mungo bean seeds, dried",2.0,76,14.0,1,328,,1371,,23.4,1,2.4,1,53.1,1,4.7,1,2.4,1,,,,,,,,,,,,,,,64,1,4.80,1,270,1,,,377,1,1132,1,6,1,1.10,1,880,1,,,4,1,0.72,1,0.15,1,2.4,1,1.91,3,0.382,3,625,3,0,3,0.7,5,0,3,0,1,,,0.51,3,9,3,30,3,,,,,,,,,,,0.19,3,0.01,3,0.18,3,,,0.350,3,0.250,3,0.000,3,0.070,3,0.000,3,0.000,3,0.000,3,0.160,3,0.000,3,0.000,3,0.160,3,0.380,3,0.360,3,0.030,3,0.000,3,0.000,3,0.000,3,,,0,3,23,3,2145,1,458,1,432,1,1259,1,736,1,989,1,1607,1,941,1,1470,1,663,1,113,1,556,1,809,1,2449,1,3122,1,758,1,802,1,908,1
60,3011,3,"Hạt, quả giàu đạm, béo và sản phẩm chế biến",Hạt dẻ to,HẠT DẺ TO,"Chestnut, Chinese whole, raw",30.0,77,9.0,1,638,,2669,,18.0,1,59.0,1,8.7,1,3.5,1,1.8,1,,,,,,,,,,,,,,,61,1,2.30,1,,,,,510,1,,,,,,,,,,,3,1,0.48,1,0.13,1,1.2,1,,,,,,,,,,,,,0,1,,,,,,,10,1,,,,,,,,,,,,,,,,,,,,,,,,,,,,,,,,,,,,,,,,,,,,,,,,,,,,,,,0,1,,,,,,,,,,,,,,,,,,,,,,,,,,,,,,,,,,,,,,
61,3012,3,"Hạt, quả giàu đạm, béo và sản phẩm chế biến",Hạt dẻ tươi,HẠT DẺ TƯƠI,"Chestnut, Chinese whole, raw",18.0,78,44.0,3,223,,933,,4.2,3,1.1,3,49.1,3,,,1.7,3,,,,,,,,,,,,,,,18,3,1.41,3,84,3,1.600,3,96,3,447,3,3,3,0.87,3,363,3,,,36,3,0.16,3,0.18,3,0.8,3,0.555,3,0.41,3,68,3,0,3,1.3,5,0,3,0,1,,,,,,,,,,,,,,,,,,,,,,,,,,,0.160,3,0.150,3,0.000,3,0.010,3,0.000,3,0.000,3,0.000,3,0.580,3,0.000,3,0.010,3,0.560,3,0.290,3,0.260,3,0.030,3,0.000,3,0.000,3,0.000,3,,,0,3,,,228,3,101,3,49,3,190,3,167,3,220,3,259,3,157,3,430,3,121,3,110,3,125,3,200,3,852,3,537,3,184,3,162,3,184,3
62,3013,3,"Hạt, quả giàu đạm, béo và sản phẩm chế biến",Hạt dẻ khô,HẠT DẺ KHÔ,"Chestnut, dried",20.0,79,8.9,3,363,,1517,,6.8,3,1.8,3,79.8,3,,,2.7,3,,,,,,,,,,,,,,,29,3,2.29,3,137,3,2.600,3,155,3,726,3,5,3,1.41,3,590,3,,,59,3,0.26,3,0.29,3,1.3,3,0.902,3,0.666,3,110,3,0,3,,,0,3,0,1,,,,,,,,,,,,,,,,,,,,,,,,,,,0.270,3,0.250,3,0.000,3,0.020,3,0.000,3,0.000,3,0.000,3,0.950,3,0.000,3,0.010,3,0.910,3,0.470,3,0.420,3,0.050,3,0.000,3,0.000,3,0.000,3,,,0,3,,,371,3,0,3,80,3,309,3,272,3,358,3,421,3,255,3,699,3,197,3,179,3,203,3,324,3,1385,3,873,3,299,3,263,3,299,3
63,3014,3,"Hạt, quả giàu đạm, béo và sản phẩm chế biến",Hạt đen,HẠT ĐEN,Black seed,50.0,80,12.0,1,472,,1976,,17.3,1,29.0,1,35.5,1,3.5,1,2.7,1,,,,,,,,,,,,,,,84,1,,,,,,,255,1,,,,,,,,,,,,,,,,,,,,,,,,,,,,,,,0,1,,,,,,,,,,,,,,,,,,,,,,,,,,,,,,,,,,,,,,,,,,,,,,,,,,,,,,,,,,,,,,,0,1,,,,,,,,,,,,,,,,,,,,,,,,,,,,,,,,,,,,,,
64,3015,3,"Hạt, quả giàu đạm, béo và sản phẩm chế biến",Hạt điều,HẠT ĐIỀU,"Cashew nut, common",0.0,81,3.4,1,605,,2532,,18.4,1,46.3,1,28.7,1,0.6,1,2.6,1,5.91,3,0,3,0,3,0,3,0.05,3,0.05,3,5.81,3,28,1,3.60,1,292,3,1.660,3,462,1,660,3,12,3,5.78,3,2195,3,19.9,3,1,1,0.25,1,0.34,1,2.4,1,0.864,3,0.417,3,25,3,0,3,,,0,3,0,1,,,0.9,3,34.1,3,5,3,,,,,,,,,,,,,,,,,,,7.780,3,3.920,3,0.050,3,3.220,3,0.270,3,0.170,3,0.100,3,23.800,3,0.000,3,0.140,3,23.520,3,7.850,3,7.780,3,0.060,3,0.000,3,0.000,3,0.000,3,,,0,1,,,928,3,362,3,287,3,951,3,688,3,1094,3,1472,3,789,3,2123,3,456,3,393,3,508,3,837,3,1795,3,4506,3,937,3,812,3,1079,3
65,3016,3,"Hạt, quả giàu đạm, béo và sản phẩm chế biến",Hạt mít,HẠT MÍT,"dack fruit, seed, raw",15.0,82,58.2,1,166,,694,,0.7,1,1.1,1,38.3,1,,,1.7,1,,,,,,,,,,,,,,,46,1,3.40,1,,,,,34,1,,,,,,,,,,,,,,,,,,,,,,,,,,,,,,,0,1,,,,,,,0,3,0,3,0,3,0,3,0,3,,,,,,,,,,,,,,,,,,,,,,,,,,,,,,,,,,,,,,,,,,,,,,,0,1,,,,,,,,,,,,,,,,,,,,,,,,,,,,,,,,,,,,,,
66,3017,3,"Hạt, quả giàu đạm, béo và sản phẩm chế biến",Lạc hạt,LẠC HẠT,Dried peanut seed,2.0,83,7.5,1,573,,2395,,27.5,1,44.5,1,15.5,1,2.5,1,2.5,1,,,,,,,,,,,,,,,68,1,2.20,1,185,1,1.600,1,420,1,421,1,4,1,1.90,1,420,1,,,,,0.44,1,0.12,1,16.0,1,1.767,3,0.348,3,240,3,0,3,,,0,3,0,1,,,8.33,3,0,3,10,3,,,,,,,,,74,4,0.26,3,0.03,3,0.24,3,,,6.830,3,5.150,3,0.000,3,1.100,3,0.000,3,0.000,3,0.000,3,24.430,3,0.000,3,0.010,3,23.760,3,15.560,3,15.560,3,0.000,3,0.000,3,0.000,3,0.000,3,,,0,3,220,3,990,1,360,1,300,1,1680,1,770,1,1290,1,1760,1,880,1,2720,1,580,1,249,1,669,1,669,1,2952,1,5070,1,1287,1,1236,1,1557,1
67,3018,3,"Hạt, quả giàu đạm, béo và sản phẩm chế biến",Quả cọ tươi,QUẢ CỌ TƯƠI,Palm fruit fresh,40.0,84,67.1,1,178,,746,,2.3,1,13.4,1,12.1,1,3.5,1,1.6,1,,,,,,,,,,,,,,,38,1,0.20,1,,,,,34,1,,,,,,,,,,,,,,,,,,,,,,,,,,,,,,,0,1,,,,,,,,,,,,,,,,,,,,,,,,,,,,,,,,,,,,,,,,,,,,,,,,,,,,,,,,,,,,,,,0,1,,,,,,,,,,,,,,,,,,,,,,,,,,,,,,,,,,,,,,
68,3019,3,"Hạt, quả giàu đạm, béo và sản phẩm chế biến",Quả đại hái tươi,QUẢ ĐẠI HÁI TƯƠI,Hodgsonia fruit,90.0,85,35.0,1,427,,1786,,20.0,1,38.0,1,1.2,1,3.4,1,2.4,1,,,,,,,,,,,,,,,66,1,3.10,1,,,,,440,1,,,,,,,,,,,,,,,,,,,,,,,,,,,,,,,0,1,,,,,,,,,,,,,,,,,,,,,,,,,,,,,,,,,,,,,,,,,,,,,,,,,,,,,,,,,,,,,,,0,1,,,,,,,,,,,,,,,,,,,,,,,,,,,,,,,,,,,,,,
69,3020,3,"Hạt, quả giàu đạm, béo và sản phẩm chế biến","Vừng (đen, trắng)","VỪNG (ĐEN, TRẮNG)","Sesame oriental seeds, whole, dried black or white",5.0,86,7.6,1,568,,2378,,20.1,1,46.4,1,17.6,1,3.5,1,4.8,1,0.3,3,,,,,,,,,,,,,975,3,14.55,3,351,3,2.460,3,629,3,468,3,11,3,7.75,3,4082,3,5.7,3,0,1,0.79,1,0.25,1,4.5,1,0.05,3,0.79,3,97,3,0,3,,,0,3,0,1,,,0.25,3,0,3,15,3,,,,,,,,,62,4,,,,,,,,,6.960,3,4.440,3,0.000,3,2.090,3,0.000,3,0.000,3,0.000,3,18.760,3,0.000,3,0.150,3,18.520,3,21.770,3,21.380,3,0.380,3,0.000,3,0.000,3,0.000,3,,,0,3,714,3,680,1,600,1,360,1,1410,1,680,1,1000,1,1410,1,840,1,1850,1,300,1,202,1,712,1,1082,1,1134,1,4154,1,1245,1,1245,1,982,1
70,3021,3,"Hạt, quả giàu đạm, béo và sản phẩm chế biến",Bột đậu tương đã loại béo (đậu nành),BỘT ĐẬU TƯƠNG ĐÃ LOẠI BÉO (ĐẬU NÀNH),"Soybeans flour, defatted",0.0,87,14.0,1,321,,1343,,49.0,1,1.0,1,29.0,1,2.5,1,4.5,1,,,,,,,,,,,,,,,247,1,7.60,1,290,3,3.020,3,602,1,2384,3,20,3,2.46,3,4067,3,1.7,3,0,3,0.70,1,0.30,1,2.0,1,1.995,3,0.574,3,305,3,0,3,,,0,3,0,1,,,0.2,3,4.1,3,35,3,,,,,,,,,,,131.19,3,57.47,3,71.21,3,7.55,3,0.140,3,0.100,3,0.000,3,0.030,3,0.000,3,0.000,3,0.000,3,0.210,3,0.000,3,0.000,3,0.210,3,0.530,3,0.470,3,0.060,3,0.000,3,0.000,3,0.000,3,,,0,3,,,3129,3,634,3,683,3,2453,3,2042,3,2346,3,3828,3,2281,3,3647,3,1268,3,757,3,1778,3,2215,3,5911,3,9106,3,2174,3,2750,3,2725,3
71,3022,3,"Hạt, quả giàu đạm, béo và sản phẩm chế biến",Bột đậu tương rang chín,BỘT ĐẬU TƯƠNG RANG CHÍN,Roasted soybeans flour,0.0,88,10.0,1,418,,1747,,41.0,1,18.0,1,22.9,1,2.5,1,5.6,1,,,,,,,,,,,,,,,189,1,7.50,1,,,,,540,1,,,,,,,,,,,,,0.40,1,0.16,1,2.0,1,,,,,,,,,,,,,0,1,,,,,,,,,,,,,,,,,,,198.95,3,99.27,3,98.75,3,16.4,3,3.160,3,2.320,3,0.000,3,0.780,3,0.000,3,0.000,3,0.000,3,4.290,3,0.000,3,0.060,3,4.770,3,12.340,3,10.880,3,1.460,3,0.000,3,0.000,3,0.000,3,,,0,3,,,2316,3,469,3,506,3,1816,3,1511,3,1737,3,2834,3,1688,3,2700,3,938,3,561,3,1316,3,1639,3,4375,3,6740,3,1609,3,2035,3,2017,3
72,3023,3,"Hạt, quả giàu đạm, béo và sản phẩm chế biến",Bột đậu xanh,BỘT ĐẬU XANH,Mungo bean flour,0.0,89,10.0,1,347,,1451,,24.6,1,2.5,1,56.5,1,3.9,1,2.5,1,,,,,,,,,,,,,,,50,1,1.00,1,283,3,,,100,1,1185,3,6,3,1.15,3,921,3,,,4,3,0.75,3,0.16,3,2.5,3,1.999,3,0.400,3,654,3,0,3,0.73,5,0,3,0,1,,,0.53,3,9.4,3,,,,,,,,,,,,,0.20,3,0.01,3,0.19,3,,,0.360,3,0.260,3,0.000,3,0.070,3,0.000,3,0.000,3,0.000,3,0.170,3,0.000,3,0.000,3,0.170,3,0.400,3,0.370,3,0.030,3,0.000,3,0.000,3,0.000,3,,,0,1,,,2255,3,481,3,454,3,1324,3,774,3,1040,3,1689,3,989,3,1545,3,697,3,119,3,585,3,850,3,2575,3,3282,3,797,3,843,3,955,3
73,3024,3,"Hạt, quả giàu đạm, béo và sản phẩm chế biến",Bột lạc,BỘT LẠC,Peanut flour,0.0,90,8.0,1,575,,2406,,27.5,1,45.0,1,15.0,1,2.1,1,2.4,1,,,,,,,,,,,,,,,80,1,3.00,1,182,3,1.570,3,380,1,414,3,4,3,1.87,3,413,3,,,,,0.40,1,0.11,1,15.3,1,1.739,3,0.342,3,236,3,0,3,,,0,3,0,1,,,8.20,3,0,3,10,3,,,,,,,,,73,4,0.26,3,0.03,3,0.24,3,,,6.250,3,4.710,3,0.000,3,1.010,3,0.000,3,0.000,3,0.000,3,22.330,3,0.000,3,0.010,3,21.710,3,14.220,3,14.220,3,0.000,3,0.000,3,0.000,3,0.000,3,,,0,1,,,1055,3,384,3,320,3,1791,3,821,3,1375,3,1876,3,938,3,2899,3,618,3,265,3,713,3,713,3,3147,3,5404,3,1372,3,1317,3,1660,3
74,3025,3,"Hạt, quả giàu đạm, béo và sản phẩm chế biến",Đậu phụ,ĐẬU PHỤ,"Soybean curt cake pressed, raw",0.0,91,82.0,1,95,,397,,10.9,1,5.4,1,0.7,1,0.4,1,0.6,1,,,,,,,,,,,,,,,24,3,2.20,3,30,3,0.610,3,85,1,121,3,7,3,0.80,3,193,3,8.9,3,0,3,0.03,1,0.02,1,0.4,1,0.068,3,0.047,3,15,3,0,3,,,0,3,0,1,,,,,,,,,,,,,,,,,68,4,23.61,3,9.02,3,13.60,3,1.98,3,0.690,3,0.510,3,0.000,3,0.170,3,0.000,3,0.000,3,0.000,3,1.060,3,0.000,3,0.010,3,1.040,3,2.700,3,2.380,3,0.320,3,0.000,3,0.000,3,0.000,3,,,0,1,,,460,1,108,1,133,1,443,1,235,1,364,1,618,1,360,1,472,1,264,1,108,1,233,1,261,1,845,1,1536,1,293,1,410,1,367,1
75,3026,3,"Hạt, quả giàu đạm, béo và sản phẩm chế biến",Đậu phụ chúc,ĐẬU PHỤ CHÚC,Curd tofu concentrated,0.0,92,18.5,1,414,,1732,,50.2,1,20.8,1,6.5,1,0.3,1,3.7,1,,,,,,,,,,,,,,,325,1,10.80,1,,,,,225,1,,,,,,,,,,,,,,,,,,,,,,,,,,,,,,,0,1,,,,,,,,,,,,,,,,,,,,,,,,,,,,,,,,,,,,,,,,,,,,,,,,,,,,,,,,,,,,,,,0,1,,,,,,,,,,,,,,,,,,,,,,,,,,,,,,,,,,,,,,
76,3027,3,"Hạt, quả giàu đạm, béo và sản phẩm chế biến",Đậu phụ nướng,ĐẬU PHỤ NƯỚNG,"Curd tofu, fried",0.0,93,78.2,1,114,,479,,13.4,1,6.4,1,0.8,1,0.5,1,0.7,1,,,,,,,,,,,,,,,370,1,4.70,1,,,,,167,1,,,,,,,,,,,,,0.04,1,0.05,1,0.1,1,,,,,,,,,,,,,0,1,,,,,,,,,,,,,,,,,,,,,,,,,,,,,,,,,,,,,,,,,,,,,,,,,,,,,,,,,,,,,,,0,1,,,,,,,,,,,,,,,,,,,,,,,,,,,,,,,,,,,,,,
77,3028,3,"Hạt, quả giàu đạm, béo và sản phẩm chế biến",Hạt bí đỏ rang,HẠT BÍ ĐỎ RANG,"Pumpkin seeds, fried",19.0,94,3.6,1,519,,2170,,35.1,1,31.8,1,23.0,1,2.3,1,4.2,1,,,,,,,,,,,,,,,235,1,2.20,1,,,,,900,1,,,,,,,,,,,,,0.15,1,0.15,1,3.0,1,,,,,,,,,,,,,0,1,,,,,,,235,3,,,,,,,,,,,,,,,,,,,,,,,,,,,,,,,,,,,,,,,,,,,,,,,,,,,,,,,0,1,,,1524,1,587,1,554,1,1319,1,1319,1,1834,1,2632,1,1801,1,4920,1,798,1,349,1,1042,1,1629,1,3080,1,5889,1,1939,1,2150,1,1352,1
78,3029,3,"Hạt, quả giàu đạm, béo và sản phẩm chế biến",Hạt dưa đỏ rang (dưa hấu),HẠT DƯA ĐỎ RANG (DƯA HẤU),"'Water melon seeds whole, fried",22.0,95,4.8,1,551,,2306,,31.8,1,39.1,1,18.0,1,1.8,1,4.5,1,,,,,,,,,,,,,,,237,1,3.00,1,,,,,751,1,,,,,,,,,,,,,0.03,1,0.14,1,2.7,1,,,,,,,,,,,,,0,1,,,,,,,90,3,,,,,,,,,,,,,,,,,,,8.000,3,3.800,3,0.000,3,4.200,3,0.000,3,0.000,3,0.000,3,29.000,3,0.000,3,0.000,3,5.800,3,,,23.300,3,0.000,3,0.000,3,0.000,3,0.000,3,,,0,1,,,937,1,398,1,428,1,1096,1,1203,1,1447,1,2007,1,1447,1,4468,1,749,1,295,1,805,1,1447,1,2247,1,5324,1,1498,1,1391,1,1096,1
79,3030,3,"Hạt, quả giàu đạm, béo và sản phẩm chế biến","Hạt điều khô, chiên dầu","HẠT ĐIỀU KHÔ, CHIÊN DẦU","Cashew, common, roasted with oil",0.0,96,12.7,1,583,,2437,,18.3,1,49.3,1,16.4,1,0.7,1,2.6,1,,,,,,,,,,,,,,,32,1,3.90,1,,,,,411,1,,,,,,,,,,,,,0.36,1,0.34,1,1.4,1,,,,,,,,,,,,,0,1,,,,,,,5,3,,,,,,,,,,,,,,,,,,,5.500,3,5.500,3,0.000,3,,,0.000,3,0.000,3,0.000,3,41.100,3,0.000,3,0.000,3,32.100,3,,3,8.600,3,0.000,3,0.000,3,0.000,3,0.000,3,,,0,1,,,1062,1,194,1,347,1,888,1,868,1,1280,1,1388,1,868,1,1607,1,455,1,239,1,434,1,781,1,1801,1,3796,1,1020,1,1062,1,1214,1
80,3031,3,"Hạt, quả giàu đạm, béo và sản phẩm chế biến",Sữa bột đậu nành,SỮA BỘT ĐẬU NÀNH,"Milk flour, made from roasted soybeans",0.0,97,3.5,1,405,,1692,,31.1,1,9.7,1,48.2,1,2.2,1,5.3,1,,,,,,,,,,,,,,,224,1,7.50,1,,,,,320,1,,,,,,,,,,,,,0.40,1,0.16,1,2.0,1,,,,,,,,,,,,,0,1,,,,,,,,,,,,,,,,,,,,,,,,,,,,,,,,,,,,,,,,,,,,,,,,,,,,,,,,,,,,,,,0,1,,,,,,,,,,,,,,,,,,,,,,,,,,,,,,,,,,,,,,
81,3032,3,"Hạt, quả giàu đạm, béo và sản phẩm chế biến",Sữa đậu nành (100g đậu/lít),SỮA ĐẬU NÀNH (100G ĐẬU/LÍT),Soybean milk (100 g soybean/l),0.0,98,94.4,1,28,,119,,3.1,1,1.6,1,0.4,1,0.1,1,0.4,1,,,,,,,,,,,,,,,18,1,1.20,1,25,3,0.220,3,36,1,124,3,55,3,0.44,3,141,3,4.8,3,0,3,0.05,1,0.02,1,0.3,1,0.518,3,0.096,3,16,3,0,3,,,0,3,0,1,0.40,3,1.35,3,3,3,,,,,,,,,,,,,9.65,3,4.45,3,6.06,3,0.56,3,0.230,3,0.170,3,0.000,3,0.060,3,0.000,3,0.000,3,0.000,3,0.380,3,0.000,3,0.000,3,0.360,3,0.770,3,0.680,3,0.090,3,0.000,3,0.000,3,0.000,3,,,0,1,,,162,1,42,1,42,1,162,1,152,1,176,1,230,1,162,1,196,1,69,1,23,1,108,1,137,1,348,1,539,1,152,1,230,1,172,1
82,3033,3,"Hạt, quả giàu đạm, béo và sản phẩm chế biến",Tào phớ,TÀO PHỚ,"Tofu in light syrup (Tofu 160g, sirup 65ml)",0.0,99,90.0,1,37,,153,,2.3,1,0.2,1,6.4,1,0.2,1,0.9,1,,,,,,,,,,,,,,,92,1,0.30,1,,,,,150,1,,,,,,,,,,,,,,,,,,,,,,,,,,,,,,,0,1,,,,,,,,,,,,,,,,,,,,,,,,,,,,,,,,,,,,,,,,,,,,,,,,,,,,,,,,,,,,,,,0,1,,,,,,,,,,,,,,,,,,,,,,,,,,,,,,,,,,,,,,
83,4001,4,"Rau, quả, củ dùng làm rau",Bầu,BẦU,"Calabash, Bottle gourd",35.3,103,95.1,1,14,,59,,0.6,1,0.02,3,2.9,1,1.0,1,0.4,1,,,,,,,,,,,,,,,21,1,0.20,1,11,3,0.070,3,25,1,150,3,2,3,0.70,3,26,3,0.2,3,12,1,0.02,1,0.03,1,0.4,1,0.152,3,0.04,3,6,3,0,3,,,0,3,0,1,,,,,,,10,3,,,,,,,,,,,,,,,,,,,0.000,3,0.000,3,0.000,3,0.000,3,0.000,3,0.000,3,0.000,3,0.000,3,0.000,3,0.000,3,0.000,3,0.010,3,0.010,3,0.000,3,0.000,3,0.000,3,0.000,3,,,0,3,,,,,,,,,,,,,,,,,,,,,,,,,,,,,,,,,,,,,,
84,4002,4,"Rau, quả, củ dùng làm rau",Bí đao (bí xanh),BÍ ĐAO (BÍ XANH),"Asgourd Waxgoured, Winter melon",25.0,104,95.5,1,12,,50,,0.6,1,,,2.4,1,1.0,1,0.5,1,,,,,,,,,,,,,,,26,1,0.30,1,8,1,,,23,1,150,1,13,1,,,,,,,16,1,0.01,1,0.02,1,0.3,1,,,,,,,,,,,,,0,1,,,,,,,5,3,,,,,,,,,,,,,,,,,,,,,,,,,,,,,,,,,,,,,,,,,,,,,,,,,,,,,,,0,1,,,,,,,,,,,,,,,,,,,,,,,,,,,,,,,,,,,,,,
85,4003,4,"Rau, quả, củ dùng làm rau",Bí ngô,BÍ NGÔ,Pumpkin squash,18.3,105,92.0,1,27,,111,,0.3,1,0.1,3,6.1,1,0.7,1,0.8,1,,,,,,,,,,,,,,,24,1,0.50,1,10,1,16.000,1,16,1,349,1,8,1,0.10,1,210,1,0.3,3,8,1,0.06,1,0.03,1,0.4,1,0.298,3,0.061,3,16,3,0,3,0.4,5,0,3,0,1,0.00,,1.06,3,1.1,3,3100,3,515,3,2145,3,0,3,1500,3,,,,,,,,,,,0.050,3,0.040,3,0.000,3,0.000,3,0.000,3,0.000,3,0.000,3,0.010,3,0.000,3,0.010,3,0.010,3,0.010,3,0.000,3,0.000,3,0.000,3,0.000,3,0.000,3,,,0,1,12,3,63,1,12,1,18,1,34,1,31,1,48,1,69,1,47,1,46,1,20,1,10,1,18,1,47,1,151,1,233,1,31,1,29,1,37,1
86,4004,4,"Rau, quả, củ dùng làm rau",Cà bát,CÀ BÁT,"Egg plant big, Brinja aubergine",5.0,106,92.5,1,23,,94,,1.2,1,0.2,3,4.0,1,1.5,1,0.6,1,,,,,,,,,,,,,,,12,1,0.70,1,14,3,0.250,3,16,1,230,3,2,3,0.16,3,82,3,0.3,3,3,1,0.03,1,0.04,1,0.5,1,0.281,3,0.084,3,22,3,0,3,,,0,3,0,1,,,0.3,3,3.5,3,40,3,,,,,,,,,,,,,,,,,,,0.030,3,0.030,3,0.000,3,0.010,3,0.000,3,0.000,3,0.000,3,0.020,3,0.000,3,0.000,3,0.010,3,0.080,3,0.060,3,0.010,3,0.000,3,0.000,3,0.000,3,,,0,3,7,3,43,1,13,1,15,1,36,1,23,1,41,1,58,1,36,1,81,1,18,1,9,1,47,1,32,1,115,1,198,1,31,1,29,1,49,1
87,4005,4,"Rau, quả, củ dùng làm rau",Cà chua,CÀ CHUA,Tomato,5.0,107,94.0,1,20,,85,,0.6,1,0.2,3,4.0,1,0.8,1,0.4,1,2.63,3,0,3,0,3,0,3,1.37,3,1.25,3,0,3,12,1,1.40,1,15,1,0.210,1,26,1,275,1,12,1,0.74,1,90,1,0.5,1,40,1,0.06,1,0.04,1,0.5,1,0.089,3,0.08,3,15,3,0,3,,,0,3,0,1,0.00,,0.54,3,7.9,3,393,3,112,3,0,3,3025,3,130,3,11,4,,,,,,,,,0.050,3,0.020,3,0.000,3,0.010,3,0.000,3,0.000,3,0.000,3,0.050,3,0.000,3,0.000,3,0.030,3,0.140,3,0.080,3,0.000,3,0.000,3,0.000,3,0.000,3,,,0,3,7,3,25,1,5,1,7,1,16,1,20,1,19,1,24,1,16,1,19,1,13,1,5,1,12,1,22,1,104,1,269,1,16,1,14,1,22,1
88,4006,4,"Rau, quả, củ dùng làm rau",Cà pháo,CÀ PHÁO,Egg plant - small,10.0,108,92.5,1,20,,85,,1.5,1,,,3.6,1,1.6,1,0.8,1,,,,,,,,,,,,,,,12,1,0.70,1,18,1,0.200,1,16,1,221,1,7,1,0.30,1,90,1,6.7,1,3,1,0.03,1,0.04,1,0.5,1,,,,,,,,,,,,,0,1,,,,,,,20,3,,,,,,,,,,,,,,,,,,,,,,,,,,,,,,,,,,,,,,,,,,,,,,,,,,,,,,,0,1,,,43,1,13,1,15,1,36,1,23,1,41,1,58,1,36,1,81,1,18,1,9,1,47,1,32,1,115,1,198,1,31,1,29,1,49,1
89,4007,4,"Rau, quả, củ dùng làm rau","Cà rốt (củ đỏ, vàng)","CÀ RỐT (CỦ ĐỎ, VÀNG)",Carrots,10.5,109,88.5,1,39,,164,,1.5,1,0.2,3,7.8,1,1.2,1,0.8,1,4.54,3,0,3,0,3,0,3,0.55,3,0.59,3,3.59,3,43,1,0.80,1,12,3,0.230,1,39,1,266,1,52,1,1.11,1,150,1,0.1,3,8,1,0.06,1,0.06,1,0.4,1,0.273,3,0.138,3,19,3,0,3,3.4,5,0,3,0,1,,,,,,,8285,3,3477,3,125,3,1,3,256,3,17,4,,,,,,,,,0.040,3,0.040,3,0.000,3,0.000,3,0.000,3,0.000,3,0.000,3,0.010,3,0.000,3,0.000,3,0.010,3,0.120,3,0.120,3,0.000,3,0.000,3,0.000,3,0.000,3,,,0,1,,,39,1,12,1,7,1,27,1,29,1,44,1,44,1,30,1,44,1,14,1,10,1,22,1,48,1,117,1,194,1,29,1,28,1,32,1
90,4008,4,"Rau, quả, củ dùng làm rau",Cà rốt khô,CÀ RỐT KHÔ,Dried carrot,0.0,110,14.0,1,292,,1221,,9.2,1,1.5,1,60.4,1,9.6,1,5.3,1,,,,,,,,,,,,,,,323,1,5.90,1,,,,,292,1,,,,,,,,,,,,,,,,,,,,,,,,,,,,,,,0,1,,,,,,,810,3,,,,,,,,,,,,,,,,,,,,,,,,,,,,,,,,,,,,,,,,,,,,,,,,,,,,,,,0,1,,,,,,,,,,,,,,,,,,,,,,,,,,,,,,,,,,,,,,
91,4009,4,"Rau, quả, củ dùng làm rau",Cà tím,CÀ TÍM,Aubergine,5.0,111,92.5,1,22,,92,,1.0,1,,,4.5,1,1.5,1,0.5,1,,,,,,,,,,,,,,,15,1,0.40,1,,,,,34,1,,,,,,,,,,,15,1,0.04,1,0.05,1,0.6,1,,,,,,,,,,,,,0,1,,,,,,,10,3,,,,,,,,,21,4,,,,,,,,,,,,,,,,,,,,,,,,,,,,,,,,,,,,,,,,,,,,,0,1,,,,,,,,,,,,,,,,,,,,,,,,,,,,,,,,,,,,,,
92,4010,4,"Rau, quả, củ dùng làm rau",Cải bắp,CẢI BẮP,"Cabbage, common",10.0,112,90.0,1,29,,123,,1.8,1,0.1,3,5.3,1,1.6,1,1.2,1,3.58,3,0,3,0.02,3,0,3,1.65,3,1.79,3,0.12,3,48,1,1.10,1,13,1,0.450,1,31,1,190,1,28,1,0.81,1,180,1,2.2,1,30,1,0.06,1,0.05,1,0.4,1,0.14,3,0.096,3,43,3,0,3,1.2,5,0,3,0,1,,,0.15,3,60,3,65,3,0,3,0,3,0,3,310,3,22,4,,,,,,,,,0.020,3,0.010,3,0.000,3,0.000,3,0.000,3,0.000,3,0.000,3,0.010,3,0.000,3,0.000,3,0.010,3,0.060,3,0.030,3,0.030,3,0.000,3,0.000,3,0.000,3,,,0,1,11,3,53,1,18,1,18,1,51,1,64,1,72,1,90,1,52,1,141,1,43,1,19,1,31,1,86,1,111,1,148,1,81,1,62,1,70,1
93,4011,4,"Rau, quả, củ dùng làm rau",Cải bắp đỏ,CẢI BẮP ĐỎ,"Cabbage, red",22.0,113,84.0,1,45,,190,,1.9,1,0.2,1,9.0,1,4.0,1,0.9,1,3.91,3,0,3,0,3,0,3,1.53,3,1.8,3,0.58,3,83,1,0.50,1,16,3,0.240,3,42,1,243,3,27,3,0.22,3,17,3,0.6,3,60,1,0.07,1,0.05,1,0.8,1,0.147,3,0.209,3,18,3,0,3,0.1,5,0,3,0,1,0.00,3,0.11,3,38.2,3,670,3,0,3,0,3,20,3,329,3,32,4,,,,,,,,,0.030,3,0.030,3,0.000,3,0.000,3,0.000,3,0.000,3,0.000,3,0.020,3,0.000,3,0.000,3,0.020,3,0.130,3,0.050,3,0.070,3,0.000,3,0.000,3,0.000,3,,,0,1,,,59,1,20,1,20,1,57,1,71,1,80,1,101,1,59,1,158,1,48,1,21,1,35,1,96,1,124,1,165,1,90,1,69,1,78,1
94,4012,4,"Rau, quả, củ dùng làm rau",Cải bắp khô,CẢI BẮP KHÔ,"Dried cabbage, white",0.0,114,16.0,1,245,,1026,,18.0,1,1.6,1,39.7,1,14.0,1,10.7,1,,,,,,,,,,,,,,,300,1,7.50,1,,,,,106,1,,,,,,,,,,,2,1,0.15,1,0.52,1,0.5,1,,,,,,,,,,,,,0,1,0.00,3,,,,,,,,,,,,,,,,,,,,,,,,,,,,,,,,,,,,,,,,,,,,,,,,,,,,,,,,,,,,,0,1,,,,,,,,,,,,,,,,,,,,,,,,,,,,,,,,,,,,,,
95,4013,4,"Rau, quả, củ dùng làm rau",Cải cúc,CẢI CÚC,Chrysanthemum. crown-daisy,25.0,115,93.8,1,14,,59,,1.6,1,,,1.9,1,2.0,1,0.7,1,,,,,,,,,,,,,,,63,1,0.80,1,32,3,0.700,1,38,1,219,1,33,1,0.67,1,180,1,0.3,3,27,1,0.01,1,0.03,1,0.2,1,0.221,3,0.176,3,177,3,0,3,,,0,3,0,1,,,,,,,1115,3,,,,,,,,,,,,,,,,,,,,,,,,,,,,,,,,,,,,,,,,,,,,,,,,,,,,,,,0,1,,,,,,,,,,,,,,,,,,,,,,,,,,,,,,,,,,,,,,
96,4014,4,"Rau, quả, củ dùng làm rau",Cải soong,CẢI SOONG,Watercress,30.0,116,93.7,1,15,,61,,2.1,1,0.1,3,1.3,1,2.0,1,0.8,1,0.2,3,,,,,,,,,,,,,69,1,1.60,1,21,3,0.380,1,28,1,211,1,85,1,0.80,1,200,1,0.9,3,25,1,0.08,1,0.26,1,1.0,1,0.31,3,0.129,3,9,3,0,3,,,0,3,0,1,0.00,,1,3,250,3,2820,3,0,3,0,3,0,3,5767,3,28,4,,,,,,,,,0.030,3,0.020,3,0.000,3,0.000,3,0.000,3,0.000,3,0.000,3,0.010,3,0.000,3,0.000,3,0.010,3,0.040,3,0.010,3,0.020,3,0.000,3,0.000,3,0.000,3,,,0,1,,,134,3,20,3,30,3,114,3,133,3,137,3,166,3,93,3,150,3,40,3,7,3,63,3,137,3,187,3,190,3,112,3,96,3,60,3
97,4015,4,"Rau, quả, củ dùng làm rau",Cải thìa (cải trắng),CẢI THÌA (CẢI TRẮNG),"Chinese cabbage, white",25.0,117,93.2,1,17,,71,,1.4,1,0.2,3,2.4,1,1.8,1,1.0,1,1.18,3,,,,,,,,,,,,,50,1,0.70,1,25,1,0.500,1,30,1,200,1,25,1,0.75,1,90,1,0.5,3,26,1,0.09,1,0.07,1,0.4,1,0.088,3,0.194,3,66,3,0,3,,,0,3,0,1,,,0.09,3,35.8,3,2681,3,1,3,0,3,0,3,40,3,,,,,,,,,,,0.030,3,0.020,3,0.000,3,0.000,3,0.000,3,0.000,3,0.000,3,0.020,3,0.000,3,0.000,3,0.010,3,0.100,3,0.040,3,0.050,3,0.000,3,0.000,3,0.000,3,,,0,1,,,89,3,9,3,15,3,44,3,49,3,66,3,88,3,85,3,84,3,26,3,17,3,29,3,86,3,108,3,360,3,43,3,31,3,48,3
98,4016,4,"Rau, quả, củ dùng làm rau",Cải xanh,CẢI XANH,"Mustard greens, lIndia, leaves and stems",24.0,118,93.8,1,16,,68,,1.7,1,0.2,3,1.9,1,1.8,1,0.6,1,1.6,3,,,,,,,,,,,,,89,1,1.90,1,23,1,0.320,1,14,1,221,1,29,1,0.90,1,120,1,0.9,3,51,1,0.07,1,0.10,1,0.8,1,0.21,3,0.18,3,187,3,0,3,,,0,3,0,1,,,2.01,3,497.3,3,6300,3,0,3,0,3,0,3,9900,3,,,,,,,,,,,0.010,3,0.010,3,0.000,3,0.000,3,0.000,3,0.000,3,0.000,3,0.090,3,0.000,3,0.000,3,0.020,3,0.040,3,0.020,3,0.020,3,0.000,3,0.000,3,0.000,3,,,0,1,,,123,3,25,3,30,3,72,3,72,3,105,3,83,3,98,3,197,3,48,3,40,3,143,3,,3,,3,,3,,3,,3,,3
99,4017,4,"Rau, quả, củ dùng làm rau",Cần ta,CẦN TA,Water drop-wort; Celery water,20.0,119,95.3,1,10,,42,,1.0,1,,,1.5,1,1.5,1,0.7,1,,,,,,,,,,,,,,,310,1,3.00,1,,,,,64,1,,,,,,,,,,,6,1,0.04,1,0.03,1,0.3,1,,,,,,,,,,,,,0,1,,,,,,,2045,3,,,,,,,,,,,,,,,,,,,,,,,,,,,,,,,,,,,,,,,,,,,,,,,,,,,,,,,0,1,,,,,,,,,,,,,,,,,,,,,,,,,,,,,,,,,,,,,,
100,4018,4,"Rau, quả, củ dùng làm rau",Cần tây,CẦN TÂY,"Celery, Chinese",16.0,120,85.0,1,48,,201,,3.7,1,0.2,3,7.9,1,1.5,1,1.7,1,1.83,3,0.66,3,0,3,0,3,0.51,3,0.55,3,0.11,3,325,1,8.00,1,18,1,0.200,1,128,1,326,1,96,1,0.30,1,90,1,0.4,3,150,1,0.06,1,0.07,1,0.4,1,0.246,3,0.074,3,36,3,0,3,,,0,3,0,1,,,0.27,3,29.3,3,150,3,0,3,0,3,0,3,232,3,,,,,,,,,,,0.040,3,0.040,3,0.000,3,0.000,3,0.000,3,0.000,3,0.000,3,0.030,3,0.000,3,0.000,3,0.030,3,0.080,3,0.080,3,0.000,3,0.000,3,0.000,3,0.000,3,,,0,3,6,3,27,3,5,3,9,3,20,3,20,3,27,3,32,3,21,3,20,3,12,3,4,3,9,3,23,3,117,3,90,3,21,3,18,3,20,3
101,4019,4,"Rau, quả, củ dùng làm rau",Chuối xanh,CHUỐI XANH,"Banana common varieties, unripe",32.0,121,80.2,1,74,,311,,1.2,1,0.5,3,16.4,1,1.0,1,0.8,1,1.95,3,,,,,,,,,,,,,26,1,0.40,1,17,3,0.100,3,27,1,256,3,13,3,0.25,3,94,3,0.3,3,31,1,0.05,1,0.02,1,0.6,1,0.265,3,0.357,3,29,3,0,3,,,0,3,0,1,,,0.69,3,9.5,3,184,3,39,3,0,3,0,3,0,3,,,,,,,,,,,0.050,3,0.040,3,0.000,3,0.010,3,0.000,3,0.000,3,0.000,3,0.030,3,0.000,3,0.000,3,0.030,3,0.240,3,0.240,3,0.000,3,0.000,3,0.000,3,0.000,3,,,0,3,3,3,,,,,,,,,,,,,,,,,,,,,,,,,,,,,,,,,,,,
102,4020,4,"Rau, quả, củ dùng làm rau",Củ cải đỏ,củ CẢI ĐỎ,"Red radish oriental, raw",20.0,122,86.0,1,48,,203,,1.3,1,,,10.8,1,0.9,1,1.0,1,,,,,,,,,,,,,,,28,1,1.40,1,,,,,43,1,,,,,,,,,,,20,1,0.02,1,0.05,1,0.4,1,,,,,,,,,,,,,0,1,,,,,,,16,3,,,,,,,,,,,,,,,,,,,,,,,,,,,,,,,,,,,,,,,,,,,,,,,,,,,,,,,0,1,,,27,1,7,1,3,1,27,1,23,1,37,1,35,1,26,1,51,1,13,1,7,1,12,1,23,1,48,1,160,1,18,1,17,1,17,1
103,4021,4,"Rau, quả, củ dùng làm rau",Củ cải trắng,củ CẢI TRẮNG,"Radish garden while, raw",13.2,123,92.1,1,21,,89,,1.5,1,0.1,3,3.6,1,1.5,1,1.2,1,2.5,3,,,,,,,,,,,,,40,1,1.10,1,15,1,0.050,1,41,1,242,1,10,1,0.20,1,150,1,3.9,1,30,1,0.06,1,0.06,1,0.5,1,0.138,3,0.046,3,28,3,0,3,,,0,3,0,1,,,0,3,0.3,3,0,3,0,3,0,3,0,3,0,3,,,,,,,,,,,0.030,3,0.030,3,0.000,3,0.000,3,0.000,3,0.000,3,0.000,3,0.020,3,0.000,3,0.000,3,0.020,3,0.050,3,0.020,3,0.030,3,0.000,3,0.000,3,0.000,3,,,0,3,,,27,1,7,1,3,1,27,1,23,1,37,1,35,1,26,1,51,1,13,1,7,1,12,1,23,1,48,1,160,1,18,1,17,1,17,1
104,4022,4,"Rau, quả, củ dùng làm rau",Củ cải trắng khô,củ CẢI TRẮNG KHÔ,"Dried radish, white",0.0,124,16.0,1,220,,918,,17.6,1,1.5,1,33.9,1,17.7,1,13.3,1,,,,,,,,,,,,,,,629,3,6.73,3,170,3,0.540,3,204,3,3494,3,278,3,2.13,3,1631,3,0.7,3,0,3,0.27,3,0.68,3,3.4,3,1.854,3,0.618,3,295,3,0,3,,,0,3,0,1,,,,,,,0,3,0,3,0,3,0,3,0,3,,,,,,,,,,,0.220,3,0.190,3,0.000,3,0.030,3,0.000,3,0.000,3,0.000,3,0.120,3,0.000,3,0.000,3,0.120,3,0.330,3,0.120,3,0.210,3,0.000,3,0.000,3,0.000,3,,,0,3,,,393,3,75,3,43,3,262,3,326,3,365,3,413,3,344,3,456,3,149,3,,3,150,3,248,3,538,3,1492,3,248,3,202,3,240,3
105,4023,4,"Rau, quả, củ dùng làm rau",Củ đậu,củ ĐẬU,Pachyrrhizus,15.0,125,92.0,1,28,,117,,1.0,1,,,6.0,1,0.7,1,0.3,1,,,,,,,,,,,,,,,8,1,,,,,,,16,1,,,,,,,,,,,6,1,,,,,,,,,,,,,,,,,,,0,1,0.00,1,,,,,0,3,0,3,0,3,0,3,0,3,,,,,,,,,,,,,,,,,,,,,,,,,,,,,,,,,,,,,,,,,,,,,,,0,1,,,,,,,,,,,,,,,,,,,,,,,,,,,,,,,,,,,,,,
106,4024,4,"Rau, quả, củ dùng làm rau",Củ niễng,củ NIỄNG,"Manchurian water-rice, Manchurian Wild rice",13.0,126,90.2,1,30,,124,,2.0,1,,,5.4,1,1.8,1,0.6,1,,,,,,,,,,,,,,,24,1,1.40,1,,,,,92,1,,,,,,,,,,,2,1,,,,,,,,,,,,,,,,,,,0,1,,,,,,,0,3,0,3,0,3,0,3,0,3,,,,,,,,,,,,,,,,,,,,,,,,,,,,,,,,,,,,,,,,,,,,,,,0,1,,,,,,,,,,,,,,,,,,,,,,,,,,,,,,,,,,,,,,
107,4025,4,"Rau, quả, củ dùng làm rau",Dọc củ cải (non),DỌC củ CẢI (NON),"Horse radish; dish - tree, drumstick leave",4.0,127,93.6,1,14,,59,,1.9,1,,,1.6,1,1.8,1,1.1,1,,,,,,,,,,,,,,,220,1,0.40,1,,,,,57,1,,,,,,,,,,,72,1,0.06,1,0.11,1,0.7,1,,,,,,,,,,,,,0,1,,,,,,,1090,3,,,,,,,,,,,,,,,,,,,,,,,,,,,,,,,,,,,,,,,,,,,,,,,,,,,,,,,0,1,,,,,,,,,,,,,,,,,,,,,,,,,,,,,,,,,,,,,,
108,4026,4,"Rau, quả, củ dùng làm rau",Dọc mùng,DỌC MÙNG,Colocasia indica,20.0,128,96.0,1,5,,20,,0.4,1,,,0.8,1,2.0,1,0.8,1,,,,,,,,,,,,,,,,,,,,,,,,,,,,,,,,,,,,,,,,,,,,,,,,,,,,,,,0,1,0.00,,,,,,,,,,,,,,,,,,,,,,,,,,,,,,,,,,,,,,,,,,,,,,,,,,,,,,,,,,,,,,0,1,,,,,,,,,,,,,,,,,,,,,,,,,,,,,,,,,,,,,,
109,4027,4,"Rau, quả, củ dùng làm rau",Dưa chuột,DƯA CHUỘT,Cucumber,5.0,129,95.0,1,16,,66,,0.8,1,0.1,3,2.9,1,0.7,1,0.5,3,1.67,3,0,3,0.01,3,0,3,0.87,3,0.76,3,0.03,3,23,1,1.00,1,15,1,0.250,1,27,1,169,1,13,1,0.18,1,90,1,0.3,1,5,1,0.03,1,0.04,1,0.1,1,0.259,3,0.04,3,7,3,0,3,0.4,5,0,3,0,1,0.00,3,0.03,3,16.4,3,138,3,0,3,0,3,0,3,0,3,7,4,,,,,,,,,0.030,3,0.010,3,0.000,3,0.000,3,0.000,3,0.000,3,0.000,3,0.000,3,0.000,3,0.000,3,0.000,3,0.050,3,0.010,3,0.000,3,0.000,3,0.000,3,0.000,3,,,0,3,14,3,23,1,5,1,4,1,15,1,18,1,24,1,26,1,18,1,39,1,9,1,6,1,18,1,23,1,46,1,123,1,25,1,15,1,24,1
110,4028,4,"Rau, quả, củ dùng làm rau",Dưa gang,DƯA GANG,Large cucumber,5.0,130,96.2,1,11,,47,,0.8,1,,,2.0,1,0.7,1,0.3,1,,,,,,,,,,,,,,,25,1,0.40,1,,,,,37,1,,,,,,,,,,,4,1,0.04,1,0.04,1,0.3,1,,,,,,,,,,,,,0,1,,,,,,,130,3,,,,,,,,,,,,,,,,,,,,,,,,,,,,,,,,,,,,,,,,,,,,,,,,,,,,,,,0,1,,,,,,,,,,,,,,,,,,,,,,,,,,,,,,,,,,,,,,
111,4029,4,"Rau, quả, củ dùng làm rau",Đậu cô ve,ĐẬU CÔ VE,"Beans, kidney, in pod, French bean; Navy been",10.0,131,80.0,1,73,,306,,5.0,1,,,13.3,1,1.0,1,0.7,1,,,,,,,,,,,,,,,26,1,0.70,1,26,1,0.500,1,122,1,254,1,96,1,0.01,1,90,1,,,25,1,0.34,1,0.19,1,2.6,1,,,,,,,,,,,,,0,1,,,,,,,180,3,,,,,,,,,37,4,,,,,,,,,,,,,,,,,,,,,,,,,,,,,,,,,,,,,,,,,,,,,0,1,,,132,1,31,1,33,1,102,1,93,1,118,1,166,1,90,1,102,1,56,1,20,1,80,1,106,1,288,1,257,1,91,1,91,1,128,1
112,4030,4,"Rau, quả, củ dùng làm rau",Đậu đũa,ĐẬU ĐŨA,"Cow-peas, yard long, Chinese long bean",10.0,132,83.0,1,59,,248,,6.0,1,0.4,3,7.9,1,2.0,1,0.7,1,,,,,,,,,,,,,,,47,1,1.60,1,36,1,0.210,3,16,1,194,1,5,1,0.37,3,48,3,1.5,3,22,1,0.29,1,0.18,1,1.8,1,0.055,3,0.024,3,62,3,0,3,,,0,3,0,1,,,,,,,250,3,,,,,,,,,,,,,,,,,,,0.110,3,0.080,3,0.000,3,0.010,3,0.000,3,0.000,3,0.000,3,0.040,3,0.000,3,0.000,3,0.020,3,0.170,3,0.100,3,0.070,3,0.000,3,0.000,3,0.000,3,,,0,1,,,184,3,40,3,32,3,154,3,104,3,162,3,200,3,150,3,196,3,90,3,42,3,115,3,,,,,,,,,,,,
113,4031,4,"Rau, quả, củ dùng làm rau",Đậu hà lan,ĐẬU HÀ LAN,Green peas; field pea; Peas garden,10.0,133,81.0,1,72,,301,,6.5,1,0.4,3,10.6,1,1.0,1,0.5,1,5.67,3,0,3,0.17,3,0,3,0.39,3,0.12,3,4.99,3,57,1,0.80,1,33,3,0.410,3,43,1,244,3,5,3,1.24,3,176,3,1.8,3,27,1,0.40,1,0.15,1,2.2,1,0.104,3,0.169,3,65,3,0,3,3,5,0,3,0,1,,,0.13,3,24.8,3,485,3,19,3,,,,,,,,,,,,,,,,,0.070,3,0.060,3,0.000,3,0.010,3,0.000,3,0.000,3,0.000,3,0.040,3,0.000,3,0.000,3,0.040,3,0.190,3,0.150,3,0.040,3,0.000,3,0.000,3,0.000,3,,,0,1,,,489,1,62,1,68,1,295,1,252,1,317,1,466,1,279,1,587,1,143,1,64,1,208,1,301,1,665,1,976,1,264,1,257,1,301,1
114,4032,4,"Rau, quả, củ dùng làm rau",Đậu rồng (quá non),ĐẬU RỒNG (QUÁ NON),"'Winged bean goabean, lndies, asparagus pea",5.0,134,89.5,1,34,,141,,1.9,1,0.1,1,6.3,1,1.6,1,0.6,1,,,,,,,,,,,,,,,63,1,1.30,1,,,,,60,1,,,,,,,,,,,22,1,0.06,1,0.12,1,0.5,1,,,,,,,,,,,,,0,1,,,,,,,270,3,,,,,,,,,,,,,,,,,,,,,,,,,,,,,,,,,,,,,,,,,,,,,,,,,,,,,,,0,1,,,,,,,,,,,,,,,,,,,,,,,,,,,,,,,,,,,,,,
115,4033,4,"Rau, quả, củ dùng làm rau",Đu đủ xanh,ĐU ĐỦ XANH,"Papaya, unripe, raw",25.0,135,92.1,1,22,,90,,0.8,1,,,4.6,1,2.0,1,0.5,1,,,,,,,,,,,,,,,63,1,0.90,1,56,1,,,50,1,215,1,7,1,,,101,1,,,40,1,0.02,1,0.03,1,0.3,1,,,,,,,,,,,,,0,1,,,,,,,15,3,,,,,,,,,,,,,,,,,,,,,,,,,,,,,,,,,,,,,,,,,,,,,,,,,,,,,,,0,1,,,,,,,,,,,,,,,,,,,,,,,,,,,,,,,,,,,,,,
116,4034,4,"Rau, quả, củ dùng làm rau",Gấc,GẤC,"Gac fruit, whole",80.0,136,77.0,1,122,,508,,2.1,1,7.9,1,10.5,1,1.8,1,0.7,1,,,,,,,,,,,,,,,56,1,1.20,1,,,,,6,1,,,,,,,,,,,11,1,,,,,,,,,,,,,,,,,,,0,1,,,,,,,21756,7,2718,7,0,7,49667,7,0,7,,,,,,,,,,,2.050,7,1.580,7,0.000,7,0.420,7,0.030,7,0.000,7,0.000,7,1.760,7,0.000,7,0.020,7,1.750,7,1.550,7,1.520,7,0.030,7,0.000,7,0.000,7,0.000,7,,,0,1,,,,,,,,,,,,,,,,,,,,,,,,,,,,,,,,,,,,,,
117,4035,4,"Rau, quả, củ dùng làm rau",Giá đậu tương,GIÁ ĐẬU TƯƠNG,Sprout of soybeans,0.0,137,80.8,1,79,,331,,7.7,1,1.8,1,8.0,1,0.7,1,1.0,1,,,,,,,,,,,,,,,52,1,1.10,1,72,3,0.700,3,58,1,484,3,14,3,1.17,3,427,3,0.6,3,10,1,0.19,1,0.15,1,0.8,1,0.929,3,0.176,3,172,3,0,3,,,0,3,0,1,,,,,,,25,3,,,,,,,,,80,4,40.71,3,19.12,3,21.6,3,,,0.930,3,0.670,3,0.000,3,0.250,3,0.000,3,0.000,3,0.000,3,1.520,3,0.000,3,0.010,3,1.490,3,3.780,3,3.340,3,0.450,3,0.000,3,0.000,3,0.000,3,,,0,1,,,392,1,116,1,79,1,391,1,317,1,423,1,670,1,452,1,460,1,164,1,79,1,276,1,377,1,1452,1,925,1,356,1,323,1,453,1
118,4036,4,"Rau, quả, củ dùng làm rau",Giá đậu xanh,GIÁ ĐẬU XANH,"Mungobean sprouts, Green gram, Tiensin green bean",5.0,138,86.5,1,44,,185,,5.5,1,0.2,3,5.1,1,2.0,1,0.7,1,4.13,3,,,,,,,,,,,,,38,1,1.40,1,17,1,0.190,3,91,1,164,1,23,1,0.41,3,164,3,0.6,3,10,1,0.20,1,0.13,1,0.8,1,0.38,3,0.088,3,61,3,0,3,,,0,3,0,3,,,0.1,3,33,3,6,3,6,3,6,3,0,3,0,3,,,,,,,,,,,0.050,3,0.030,3,0.000,3,0.010,3,0.000,3,0.000,3,0.000,3,0.020,3,0.000,3,0.000,3,0.020,3,0.060,3,0.040,3,0.020,3,0.000,3,0.000,3,0.000,3,,,0,1,15,3,274,1,87,1,60,1,271,1,225,1,324,1,463,1,316,1,366,1,132,1,43,1,192,1,259,1,1062,1,656,1,211,1,272,1,273,1
119,4037,4,"Rau, quả, củ dùng làm rau",Hành củ tươi,HÀNH CỦ TƯƠI,"Onion, Welsh",24.0,139,92.5,1,26,,110,,1.3,1,0.4,3,4.4,1,0.7,1,0.7,1,,,,,,,,,,,,,,,32,1,1.10,1,23,3,0.140,3,49,1,212,3,17,3,0.52,3,70,3,0.6,3,10,1,0.03,1,0.04,1,0.2,1,0.169,3,0.072,3,16,3,0,3,,,0,3,0,1,,,,,,,15,3,,,,,,,,,,,,,,,,,,,0.070,3,0.060,3,0.000,3,0.010,3,0.000,3,0.000,3,0.000,3,0.060,3,0.000,3,,,0.060,3,0.160,3,0.150,3,0.010,3,0.000,3,0.000,3,0.000,3,,,0,1,,,95,3,21,3,21,3,61,3,74,3,84,3,113,3,81,3,137,3,33,3,,3,55,3,86,3,176,3,393,3,94,3,126,3,86,3
120,4038,4,"Rau, quả, củ dùng làm rau",Hành lá (hành hoa),HÀNH LÁ (HÀNH HOA),"Onion, Welsh",20.0,140,92.5,1,22,,94,,1.3,1,,,4.3,1,0.9,1,1.0,1,,,,,,,,,,,,,,,80,1,1.00,1,23,1,0.260,1,41,1,123,1,16,1,0.44,1,180,1,,,60,1,0.03,1,0.10,1,1.0,1,,,,,,,,,,,,,0,1,0.00,3,,,,,1370,3,,,,,,,,,,,,,,,,,,,,,,,,,,,,,,,,,,,,,,,,,,,,,,,,,,,,,,,0,1,,,,,,,,,,,,,,,,,,,,,,,,,,,,,,,,,,,,,,
121,4039,4,"Rau, quả, củ dùng làm rau",Hành tây,HÀNH TÂY,"Onion, common, garden",17.0,141,88.0,1,41,,171,,1.8,1,0.1,3,8.2,1,1.1,1,0.8,1,4.28,3,0,3,0,3,0.01,3,1.16,3,1.95,3,1.16,3,38,1,0.80,1,23,1,0.200,1,58,1,221,1,8,1,1.43,1,70,1,1.5,1,10,1,0.03,1,0.04,1,0.2,1,0.122,3,0.147,3,19,3,0,3,0.9,5,0,3,0,1,0.00,3,0.02,3,0.4,3,1,3,0,3,0,3,0,3,0,3,13,4,,,,,,,,,0.030,3,0.020,3,0.000,3,0.000,3,0.000,3,0.000,3,0.000,3,0.020,3,0.000,3,0.000,3,0.010,3,0.060,3,0.060,3,0.000,3,0.000,3,0.000,3,0.000,3,,,0,1,15,3,60,1,16,1,20,1,41,1,22,1,25,1,44,1,23,1,160,1,14,1,19,1,30,1,58,1,70,1,220,1,41,1,30,1,27,1
122,4040,4,"Rau, quả, củ dùng làm rau",Hạt sen tươi,HẠT SEN TƯƠI,"Lotus seed, raw",39.0,142,57.9,1,161,,672,,9.5,1,0.5,3,29.5,1,0.8,1,1.8,1,,,,,,,,,,,,,,,76,1,1.40,1,56,3,0.620,3,164,1,367,3,1,3,0.28,3,94,3,,,17,1,0.17,1,0.09,1,1.7,1,0.228,3,0.168,3,28,3,0,3,,,0,3,0,1,,,,,,,10,3,,,,,,,,,,,,,,,,,,,0.090,3,0.080,3,0.000,3,0.000,3,0.000,3,0.000,3,0.000,3,0.100,3,0.000,3,0.000,3,0.060,3,0.310,3,0.290,3,0.030,3,0.000,3,0.000,3,0.000,3,,,0,1,,,264,3,72,3,59,3,206,3,200,3,266,3,326,3,205,3,338,3,115,3,54,3,100,3,239,3,505,3,957,3,221,3,344,3,252,3
123,4041,4,"Rau, quả, củ dùng làm rau",Hạt sen khô,HẠT SEN KHÔ,Dried lotus seed,0.0,143,14.0,1,334,,1396,,20.0,1,2.4,1,58.0,1,2.2,1,3.4,1,,,,,,,,,,,,,,,89,1,6.40,1,210,3,2.320,3,285,1,1368,3,5,3,1.05,3,350,3,,,0,1,0.64,1,0.15,1,1.6,1,0.851,3,0.629,3,104,3,0,3,,,0,3,0,1,,,,,,,30,3,,,,,,,,,,,,,,,,,,,0.330,3,0.290,3,0.000,3,0.000,3,0.000,3,0.000,3,0.000,3,0.390,3,0.000,3,0.000,3,0.230,3,1.170,3,1.060,3,0.100,3,0.000,3,0.000,3,0.000,3,,,0,1,,,985,3,267,3,221,3,767,3,747,3,991,3,1215,3,765,3,1262,3,430,3,201,3,375,3,892,3,1884,3,3570,3,826,3,1285,3,939,3
124,4042,4,"Rau, quả, củ dùng làm rau",Hẹ lá,HẸ LÁ,"Onion, fragrant, Chinese leek",13.0,144,94.5,1,18,,73,,2.2,1,0.3,3,1.5,1,0.9,1,0.6,1,3.9,3,,,,,,,,,,,,,56,1,1.30,1,18,1,0.300,1,45,1,234,1,6,1,0.20,1,100,1,1,3,19,1,0.03,1,0.09,1,0.9,1,0.14,3,0.233,3,64,3,0,3,1.4,5,0,3,0,1,0.00,3,0.92,3,47,3,1000,3,0,3,0,3,0,3,1900,3,,,,,,,,,,,0.040,3,0.040,3,0.000,3,0.000,3,0.000,3,0.000,3,0.000,3,0.000,3,0.000,3,0.000,3,0.000,3,0.170,3,0.070,3,0.100,3,0.000,3,0.000,3,0.000,3,,,0,1,,,78,3,18,3,12,3,55,3,63,3,56,3,96,3,52,3,78,3,25,3,25,3,41,3,74,3,140,3,226,3,69,3,66,3,92,3
125,4043,4,"Rau, quả, củ dùng làm rau",Hoa chuối,HOA CHUỐI,"Banana, buds and flowers",29.0,145,92.0,1,20,,84,,1.5,1,,,3.5,1,2.0,1,1.0,1,,,,,,,,,,,,,,,44,1,0.90,1,,,,,32,1,,,,,,,,,,,5,1,1.04,1,0.03,1,0.4,1,,,,,,,,,,,,,0,1,,,,,,,170,3,,,,,,,,,,,,,,,,,,,,,,,,,,,,,,,,,,,,,,,,,,,,,,,,,,,,,,,0,1,,,,,,,,,,,,,,,,,,,,,,,,,,,,,,,,,,,,,,
126,4044,4,"Rau, quả, củ dùng làm rau",Hoa lý,HOA LÝ,"Daylily, lemon flowers, Pergularia, raw",3.0,146,90.5,1,23,,95,,2.9,1,,,2.8,1,3.0,1,0.8,1,,,,,,,,,,,,,,,52,1,1.20,1,,,,,53,1,,,,,,,,,,,48,1,0.19,1,0.13,1,1.1,1,,,,,,,,,,,,,0,1,,,,,,,585,3,,,,,,,,,,,,,,,,,,,,,,,,,,,,,,,,,,,,,,,,,,,,,,,,,,,,,,,0,1,,,,,,,,,,,,,,,,,,,,,,,,,,,,,,,,,,,,,,
127,4045,4,"Rau, quả, củ dùng làm rau",Khế,KHẾ,Carambola; Star fruit,13.0,147,93.5,1,16,,69,,0.6,1,0.3,3,2.8,1,2.6,1,0.2,1,3.98,3,,,,,,,,,,,,,10,1,0.90,1,10,3,0.040,3,8,1,133,3,2,3,0.12,3,137,3,0.6,3,30,1,0.05,1,0.04,1,0.4,1,0.391,3,0.017,3,12,3,0,3,,,0,3,0,1,0.00,3,0.15,3,0,3,25,3,24,3,0,3,0,3,64,3,,,,,,,,,,,0.020,3,0.010,3,0.000,3,0.010,3,0.000,3,0.000,3,0.000,3,0.030,3,0.000,3,0.000,3,0.030,3,0.180,3,0.160,3,0.030,3,0.000,3,0.000,3,0.000,3,,,0,1,,,77,3,21,3,8,3,37,3,44,3,50,3,77,3,44,3,21,3,8,3,,,44,3,71,3,98,3,148,3,50,3,50,3,83,3
128,4046,4,"Rau, quả, củ dùng làm rau",Lá lốt,LÁ LỐT,Lolot,0.0,148,86.5,1,39,,162,,4.3,1,,,5.4,1,2.5,1,1.3,1,,,,,,,,,,,,,,,260,1,4.10,1,98,1,,,980,1,598,1,15,1,,,,,,,34,1,0.00,1,0.00,1,0.0,1,,,,,,,,,,,,,0,1,,,,,,,4050,3,,,,,,,,,,,,,,,,,,,,,,,,,,,,,,,,,,,,,,,,,,,,,,,,,,,,,,,0,1,,,,,,,,,,,,,,,,,,,,,,,,,,,,,,,,,,,,,,
129,4047,4,"Rau, quả, củ dùng làm rau",Lá me,LÁ ME,"Tamarind, leaves",0.0,149,86.0,1,46,,192,,7.5,1,,,4.0,1,,,2.5,1,,,,,,,,,,,,,,,319,1,,,,,,,,,,,,,,,,,,,,,,,,,,,,,,,,,,,,,,,0,1,,,,,,,,,,,,,,,,,,,,,,,,,,,,,,,,,,,,,,,,,,,,,,,,,,,,,,,,,,,,,,,0,1,,,,,,,,,,,,,,,,,,,,,,,,,,,,,,,,,,,,,,
130,4048,4,"Rau, quả, củ dùng làm rau",Lá mơ lông,LÁ MƠ LÔNG,Wild plant,0.0,150,86.1,1,27,,114,,3.9,1,,,2.9,1,5.1,1,2.0,1,,,,,,,,,,,,,,,211,1,,,,,,,3,1,,,,,,,,,,,75,1,,,,,,,,,,,,,,,,,,,0,1,,,,,,,330,3,,,,,,,,,,,,,,,,,,,,,,,,,,,,,,,,,,,,,,,,,,,,,,,,,,,,,,,0,1,,,,,,,,,,,,,,,,,,,,,,,,,,,,,,,,,,,,,,
131,4049,4,"Rau, quả, củ dùng làm rau",Lá sẵn tươi,LÁ SẴN TƯƠI,Cassava leaves,0.0,151,74.8,1,78,,328,,7.0,1,,,12.6,1,4.3,1,1.3,1,,,,,,,,,,,,,,,200,1,1.90,1,,,,,27,1,,,,,,,,,,,295,1,0.25,1,0.66,1,2.4,1,,,,,,,,,,,,,0,1,,,,,,,8280,3,,,,,,,,,,,,,,,,,,,,,,,,,,,,,,,,,,,,,,,,,,,,,,,,,,,,,,,0,1,,,340,1,140,1,110,1,420,1,300,1,460,1,710,1,390,1,350,1,150,1,76,1,227,1,,,,,,,,,,,,
132,4050,4,"Rau, quả, củ dùng làm rau",Măng chua,MĂNG CHUA,"Bamboo shoot, unspecified",24.0,152,92.8,1,11,,47,,1.4,1,,,1.4,1,4.1,1,0.3,1,,,,,,,,,,,,,,,18,1,0.90,1,88,1,,,29,1,486,1,9,1,1.10,1,190,1,,,9,1,0.11,1,0.09,1,0.6,1,,,,,,,,,,,,,0,1,,,,,,,15,3,,,,,,,,,,,,,,,,,,,,,,,,,,,,,,,,,,,,,,,,,,,,,,,,,,,,,,,0,1,,,,,,,,,,,,,,,,,,,,,,,,,,,,,,,,,,,,,,
133,4051,4,"Rau, quả, củ dùng làm rau",Măng khô,MĂNG KHÔ,Dried bamboo shoofts,0.0,153,23.0,1,157,,656,,13.0,1,2.1,1,21.5,1,36.0,1,4.4,1,,,,,,,,,,,,,,,100,1,5.00,1,,,,,200,1,,,,,,,,,,,1,1,0.11,1,0.14,1,1.3,1,,,,,,,,,,,,,0,1,,,,,,,20,3,,,,,,,,,,,,,,,,,,,,,,,,,,,,,,,,,,,,,,,,,,,,,,,,,,,,,,,0,1,,,,,,,,,,,,,,,,,,,,,,,,,,,,,,,,,,,,,,
134,4052,4,"Rau, quả, củ dùng làm rau",Măng tây,MĂNG TÂY,"Asparagus, white",50.0,154,93.7,1,14,,59,,2.2,1,0.1,3,1.1,1,2.3,1,0.6,1,1.88,3,,,,,,,,,,,,,21,1,0.90,1,14,3,0.160,3,6,1,202,3,2,3,0.54,3,189,3,2.3,3,10,1,0.16,1,0.03,1,3.0,1,0.274,3,0.091,3,52,3,0,3,0.2,5,0,3,0,1,,,1.13,3,41.6,3,449,3,9,3,0,3,0,3,710,3,23,4,,,,,,,,,0.050,3,0.040,3,0.000,3,0.000,3,0.000,3,0.000,3,0.000,3,0.010,3,0.000,3,0.000,3,0.000,3,0.090,3,0.040,3,0.010,3,0.000,3,0.000,3,0.000,3,,,0,3,24,3,108,3,22,3,22,3,54,3,64,3,88,3,99,3,84,3,107,3,35,3,27,3,36,3,107,3,265,3,374,3,74,3,121,3,87,3
135,4053,4,"Rau, quả, củ dùng làm rau",Măng tre,MĂNG TRE,"Bamboo shoots, spring variety",50.0,155,92.0,1,15,,63,,1.7,1,0.3,3,1.4,1,4.1,1,0.5,1,3,3,,,,,,,,,,,,,22,1,1.00,1,3,3,0.260,3,58,1,533,3,4,3,1.10,3,190,3,0.8,3,1,1,0.08,1,0.08,1,0.6,1,0.161,3,0.24,3,7,3,0,3,,,0,3,0,1,,,1,3,0,3,12,3,,,,,,,,,29,4,,,,,,,,,0.070,3,0.050,3,0.000,3,0.010,3,0.000,3,0.000,3,0.000,3,0.010,3,0.000,3,0.000,3,0.010,3,0.130,3,0.110,3,0.020,3,0.000,3,0.000,3,0.000,3,,,0,3,19,3,134,3,30,3,27,3,90,3,86,3,106,3,140,3,88,3,97,3,42,3,22,3,,,124,3,425,3,248,3,87,3,219,3,127,3
136,4054,4,"Rau, quả, củ dùng làm rau",Mướp,MƯỚP,"Gourd, sponge gourd",18.8,156,95.1,1,17,,69,,0.9,1,0.2,3,2.8,1,0.5,1,0.5,1,,,,,,,,,,,,,,,28,1,0.80,1,14,3,0.090,3,45,1,139,3,3,3,0.07,3,35,3,0.2,3,8,1,0.04,1,0.06,1,0.5,1,0.218,3,0.043,3,7,3,0,3,,,0,3,0,1,,,,,,,160,3,,,,,,,,,,,,,,,,,,,0.020,3,0.010,3,0.000,3,0.010,3,0.000,3,0.000,3,0.000,3,0.040,3,0.000,3,0.000,3,0.040,3,0.090,3,0.090,3,0.000,3,0.000,3,0.000,3,0.000,3,,,0,3,,,,,,,,,,,,,,,,,,,,,,,,,,,,,,,,,,,,,,
137,4055,4,"Rau, quả, củ dùng làm rau",Mướp đắng,MƯỚP ĐẮNG,"Balsam-pear, balsam-apple, bitter melon, bitter gourd",20.0,157,94.4,1,16,,69,,0.9,1,0.2,3,2.8,1,1.1,1,0.6,1,,,,,,,,,,,,,,,18,1,0.60,1,17,3,0.090,3,29,1,296,3,5,3,0.80,3,34,3,0.2,3,22,1,0.07,1,0.04,1,0.3,1,0.212,3,0.043,3,72,3,0,3,,,0,3,0,1,,,,,,,190,3,185,3,0,3,0,3,170,3,,,,,,,,,,,,,,,,,,,,,,,,,,,,,,,,,,,,,,,,,,,,,,,0,1,,,,,,,,,,,,,,,,,,,,,,,,,,,,,,,,,,,,,,
138,4056,4,"Rau, quả, củ dùng làm rau",Mướp nhật bản,MƯỚP NHẬT BẢN,"Gourd, sponge gourd, Japanese",10.0,158,95.4,1,10,,44,,0.8,1,0.0,1,1.8,1,1.4,1,0.6,1,,,,,,,,,,,,,,,30,1,0.30,1,,,,,22,1,,,,,,,,,,,,,,,,,,,,,,,,,,,,,,,0,1,,,,,,,,,,,,,,,,,,,,,,,,,,,,,,,,,,,,,,,,,,,,,,,,,,,,,,,,,,,,,,,0,1,,,,,,,,,,,,,,,,,,,,,,,,,,,,,,,,,,,,,,
139,4057,4,"Rau, quả, củ dùng làm rau",Ngải cứu,NGẢI CỨU,"Mugwort, common sagebrush",31.0,159,89.7,1,25,,104,,3.8,1,0.0,1,2.4,1,2.0,1,2.1,1,,,,,,,,,,,,,,,136,1,3.10,1,,,,,45,1,,,,,,,,,,,,,,,,,,,,,,,,,,,,,,,0,1,,,,,,,,,,,,,,,,,,,,,,,,,,,,,,,,,,,,,,,,,,,,,,,,,,,,,,,,,,,,,,,0,1,,,,,,,,,,,,,,,,,,,,,,,,,,,,,,,,,,,,,,
140,4058,4,"Rau, quả, củ dùng làm rau",Ngô bao tử,NGÔ BAO TỬ,"Corn, small variety immature, baby corn",0.0,160,89.2,1,40,,168,,2.2,1,0.2,1,7.4,1,0.4,1,0.6,1,,,,,,,,,,,,,,,5,1,0.90,1,,,,,52,1,,,,,,,,,,,34,1,0.09,1,0.20,1,0.7,1,,,,,,,,,,,,,0,1,,,,,,,,,,,,,,,,,,,,,,,,,,,,,,,,,,,,,,,,,,,,,,,,,,,,,,,,,,,,,,,0,1,,,,,,,,,,,,,,,,,,,,,,,,,,,,,,,,,,,,,,
141,4059,4,"Rau, quả, củ dùng làm rau",Ngó sen,NGÓ SEN,"Lotus, stem underground",11.0,161,82.9,1,61,,253,,1.0,1,0.1,3,13.9,1,1.2,1,0.9,1,,,,,,,,,,,,,,,19,1,0.50,1,23,3,0.260,3,51,1,556,3,40,3,0.39,3,257,3,0.7,3,25,1,0.11,1,0.04,1,0.4,1,0.377,3,0.258,3,13,3,0,3,,,0,3,0,1,,,,,,,10,3,,,,,,,,,,,,,,,,,,,0.030,3,0.030,3,0.000,3,0.000,3,0.000,3,0.000,3,0.000,3,0.020,3,0.000,3,0.000,3,0.010,3,0.020,3,0.010,3,0.010,3,0.000,3,0.000,3,0.000,3,,,0,3,,,94,3,22,3,20,3,47,3,51,3,55,3,69,3,54,3,88,3,38,3,22,3,29,3,54,3,369,3,139,3,156,3,136,3,60,3
142,4060,4,"Rau, quả, củ dùng làm rau",Nụ mướp,NỤ MƯỚP,"Sponge gourd, rag, young flower",18.0,162,90.0,1,30,,124,,4.9,1,,,2.5,1,1.5,1,1.1,1,,,,,,,,,,,,,,,140,1,1.20,1,,,,,80,1,,,,,,,,,,,,,,,,,,,,,,,,,,,,,,,0,1,,,,,,,,,,,,,,,,,,,,,,,,,,,,,,,,,,,,,,,,,,,,,,,,,,,,,,,,,,,,,,,0,1,,,,,,,,,,,,,,,,,,,,,,,,,,,,,,,,,,,,,,
143,4061,4,"Rau, quả, củ dùng làm rau",Ớt đỏ to,ỚT ĐỎ TO,"Chili pepper, peppers red",18.0,163,92.2,3,23,,95,,1.0,3,0.3,3,4.0,3,2.0,3,0.5,3,4.2,3,0,3,0,3,0,3,2.26,3,1.94,3,0,3,7,3,0.43,3,12,3,0.110,3,26,3,211,3,2,3,0.25,3,17,3,0.1,3,190,3,0.05,3,0.09,3,1.0,3,0.317,3,0.291,3,18,3,0,3,,,,,0,1,0.00,3,1.58,3,4.9,3,1624,3,20,3,490,3,308,3,51,3,,,,,,,,,,,0.060,3,0.060,3,0.000,3,0.000,3,0.000,3,0.000,3,0.000,3,0.010,3,0.000,3,0.000,3,0.000,3,0.160,3,0.100,3,0.060,3,0.000,3,0.000,3,0.000,3,,,0,1,,,43,3,12,3,12,3,30,3,37,3,41,3,43,3,32,3,48,3,20,3,19,3,20,3,40,3,142,3,130,3,37,3,43,3,40,3
144,4062,4,"Rau, quả, củ dùng làm rau",Ớt vàng to,ỚT VÀNG TO,"Peppers, yellow",10.0,164,91.0,1,29,,122,,1.3,1,0.2,3,5.5,1,1.4,1,0.6,1,,,,,,,,,,,,,,,86,1,3.60,1,12,3,1.100,1,120,1,275,1,15,1,0.32,1,140,1,0.3,3,250,1,0.37,1,0.51,1,2.5,1,0.168,3,0.168,3,26,3,0,3,,,0,3,0,1,,,,,,,120,3,,,,,,,,,,,,,,,,,,,0.030,3,,,,,,,,,,,,,,,,,,,,,,,,,,,,,,,,,,,0,1,,,44,3,12,3,13,3,31,3,37,3,42,3,52,3,32,3,48,3,20,3,19,3,21,3,41,3,143,3,132,3,37,3,44,3,40,3
145,4063,4,"Rau, quả, củ dùng làm rau",Ớt xanh to,ỚT XANH TO,"Peppers, green",10.0,165,92.0,1,25,,104,,1.3,1,0.2,3,4.5,1,1.5,1,0.5,1,2.4,3,0,3,0,3,0,3,1.12,3,1.16,3,0.11,3,6,1,0.80,1,10,3,0.120,3,25,1,175,3,3,3,0.13,3,66,3,0,3,103,1,0.04,1,0.05,1,0.9,1,0.099,3,0.224,3,11,3,0,3,,,0,3,0,1,,,,,,,198,3,22,3,,,,,,,55,4,,,,,,,,,0.060,3,0.050,3,0.000,3,0.010,3,0.000,3,0.000,3,0.000,3,0.010,3,0.000,3,0.000,3,0.010,3,0.060,3,0.050,3,0.010,3,0.000,3,0.000,3,0.000,3,,,0,1,9,3,65,1,17,1,8,1,43,1,41,1,26,1,49,1,42,1,21,1,13,1,23,1,24,1,55,1,139,1,178,1,42,1,48,1,39,1
146,4064,4,"Rau, quả, củ dùng làm rau",Quả dọc,QUẢ DỌC,:,36.0,166,95.0,1,19,,79,,0.8,1,0.0,1,3.9,1,,,0.3,1,,,,,,,,,,,,,,,21,1,,,,,,,5,1,,,,,,,,,,,,,,,,,,,,,,,,,,,,,,,0,1,,,,,,,,,,,,,,,,,,,,,,,,,,,,,,,,,,,,,,,,,,,,,,,,,,,,,,,,,,,,,,,0,1,,,,,,,,,,,,,,,,,,,,,,,,,,,,,,,,,,,,,,
147,4065,4,"Rau, quả, củ dùng làm rau",Quả me chua,QUẢ ME CHUA,"Tamarind fruit, pulp raw",15.0,167,90.3,1,27,,112,,1.9,1,,,4.8,1,2.0,1,1.0,1,,,,,,,,,,,,,,,130,1,0.40,1,,,,,46,1,,,,,,,,,,,12,1,0.15,1,0.05,1,0.4,1,,,,,,,,,,,,,0,1,,,,,,,10,3,,,,,,,,,,,,,,,,,,,,,,,,,,,,,,,,,,,,,,,,,,,,,,,,,,,,,,,0,1,,,,,,,,,,,,,,,,,,,,,,,,,,,,,,,,,,,,,,
148,4066,4,"Rau, quả, củ dùng làm rau",Rau bí,RAU BÍ,Pumpkin leaves,23.4,168,93.2,1,18,,74,,2.7,1,,,1.7,1,1.7,1,0.7,1,,,,,,,,,,,,,,,100,1,2.10,1,18,1,0.290,1,26,1,390,1,17,1,0.45,1,90,1,0.9,3,11,1,0.09,1,0.13,1,0.9,1,0.042,3,0.207,3,36,3,0,3,,,0,3,0,1,,,,,,,1940,3,,,,,,,,,,,,,,,,,,,0.210,3,0.150,3,0.000,3,0.010,3,0.000,3,0.000,3,0.000,3,0.050,3,0.000,3,0.030,3,0.030,3,0.020,3,0.010,3,0.010,3,0.000,3,0.000,3,0.000,3,,,0,3,,,200,3,54,3,41,3,171,3,156,3,181,3,318,3,156,3,217,3,50,3,32,3,156,3,,,,,,,,,,,,
149,4067,4,"Rau, quả, củ dùng làm rau",Rau câu khô,RAU CÂU KHÔ,Dried seaweed,0.0,169,20.0,1,198,,828,,11.2,1,1.1,1,35.8,1,20.8,1,11.1,1,2.97,3,,,,,,,,,,,,,378,1,8.80,1,770,3,4.300,3,124,1,1125,3,102,3,5.80,3,610,3,7.4,3,0,3,0.01,3,0.22,3,0.2,3,3.018,3,0.303,3,580,3,0,3,,,0,3,0,1,,,5,3,24.4,3,,,,,,,,,,,,,,,,,,,,,0.060,3,0.060,3,0.000,3,0.000,3,0.000,3,0.000,3,0.000,3,0.030,3,0.000,3,0.010,3,0.010,3,0.100,3,0.000,3,0.000,3,0.000,3,0.000,3,0.000,3,,,0,3,,,,,,,,,,,,,,,,,,,,,,,,,,,,,,,,,,,,,,
150,4068,4,"Rau, quả, củ dùng làm rau",Rau câu tươi,RAU CÂU TƯƠI,Seaweed fresh,4.0,170,86.2,1,25,,104,,1.9,1,0.1,1,4.1,1,5.0,1,2.7,1,0.28,3,,,,,,,,,,,,,85,1,0.90,1,67,3,0.370,3,34,1,226,3,9,3,0.58,3,61,3,0.7,3,0,3,0.01,3,0.03,1,0.5,1,0.302,3,0.032,3,85,3,0,3,,,0,3,0,1,,,0.87,3,2.3,3,,,,,,,,,,,,,,,,,,,,,0.010,3,0.010,3,0.000,3,0.000,3,0.000,3,0.000,3,0.000,3,0.000,3,0.000,3,0.000,3,0.000,3,0.010,3,0.000,3,0.000,3,0.000,3,0.010,3,0.000,3,,,0,3,,,,,,,,,,,,,,,,,,,,,,,,,,,,,,,,,,,,,,
151,4069,4,"Rau, quả, củ dùng làm rau",Rau diếp,RAU DIẾP,Lettuce garden,10.0,171,95.7,1,14,,57,,1.2,1,0.2,3,1.8,1,0.5,1,0.6,1,0.78,3,0,3,0,3,0,3,0.43,3,0.36,3,0,3,38,1,1.10,1,18,1,0.800,1,37,1,254,1,14,1,0.40,1,180,1,0.8,1,30,1,0.30,1,0.09,1,0.2,1,0.134,3,0.09,3,38,3,0,3,,,0,3,0,1,,,0.29,3,173.6,3,4443,3,0,3,0,3,0,3,1730,3,13,4,,,,,,,,,0.020,3,0.020,3,0.000,3,0.000,3,0.000,3,0.000,3,0.000,3,0.010,3,0.000,3,0.000,3,0.010,3,0.080,3,0.020,3,0.060,3,0.000,3,0.000,3,0.000,3,,,0,3,38,3,84,3,16,3,9,3,55,3,59,3,70,3,79,3,84,3,71,3,22,3,16,3,32,3,56,3,142,3,182,3,57,3,48,3,39,3
152,4070,4,"Rau, quả, củ dùng làm rau",Rau đay,RAU ĐAY,dute potherb,20.0,172,91.4,1,25,,106,,2.8,1,0.3,3,3.0,1,1.5,1,1.1,1,,,,,,,,,,,,,,,182,1,7.70,1,79,1,0.120,3,57,1,417,1,16,1,0.79,3,255,3,0.9,3,77,1,0.13,1,0.26,1,1.1,1,0.072,3,0.6,3,123,3,0,3,,,0,3,0,1,,,,,,,4560,3,,,,,,,,,,,,,,,,,,,0.040,3,0.030,3,0.000,3,0.010,3,0.000,3,0.000,3,0.000,3,0.020,3,0.000,3,0.000,3,0.010,3,0.120,3,0.120,3,0.000,3,0.000,3,0.000,3,0.000,3,,,0,3,,,219,3,65,3,30,3,212,3,164,3,248,3,388,3,221,3,248,3,110,3,40,3,147,3,256,3,567,3,493,3,214,3,246,3,182,3
153,4071,4,"Rau, quả, củ dùng làm rau","Rau giấp cá, diếp cá","RAU GIẤP CÁ, DIẾP CÁ",Wild plant,0.0,173,91.5,1,22,,94,,2.9,1,,,2.7,1,1.8,1,1.1,1,,,,,,,,,,,,,,,,,,,,,,,,,,,,,,,,,,,68,1,,,,,,,,,,,,,,,,,,,0,1,,,,,,,620,3,,,,,,,,,,,,,,,,,,,,,,,,,,,,,,,,,,,,,,,,,,,,,,,,,,,,,,,0,1,,,,,,,,,,,,,,,,,,,,,,,,,,,,,,,,,,,,,,
154,4072,4,"Rau, quả, củ dùng làm rau",Rau giền cơm,RAU GIỀN CƠM,"Amaranth, spineless",0.0,174,92.0,1,21,,87,,3.4,1,0.3,3,1.1,1,1.6,1,1.6,1,,,,,,,,,,,,,,,341,1,4.10,1,55,3,0.890,3,76,1,611,3,20,3,0.90,3,162,3,0.9,3,63,1,0.36,1,1.30,1,1.3,1,0.064,3,0.192,3,85,3,0,3,,,0,3,0,1,,,,,1140,3,5300,3,,,,,,,,,,,,,,,,,,,0.090,3,0.070,3,0.000,3,0.010,3,0.000,3,0.000,3,0.000,3,0.080,3,0.000,3,0.000,3,0.080,3,0.150,3,0.150,3,0.000,3,0.000,3,0.000,3,0.000,3,,,0,3,,,127,3,36,3,31,3,133,3,99,3,137,3,195,3,119,3,121,3,52,3,29,3,80,3,139,3,229,3,292,3,132,3,121,3,111,3
155,4073,4,"Rau, quả, củ dùng làm rau",Rau giền đỏ,RAU GIỀN ĐỎ,"Amaranth, sp. Red",38.0,175,86.2,1,41,,170,,3.3,1,0.3,1,6.2,1,1.6,1,2.4,1,,,,,,,,,,,,,,,288,1,5.40,1,164,1,1.850,1,123,1,476,1,56,1,0.50,1,200,1,,,89,1,0.08,1,1.16,1,1.4,1,,,,,,,,,,,,,0,1,,,,,,,4080,3,,,,,,,,,,,,,,,,,,,,,,,,,,,,,,,,,,,,,,,,,,,,,,,,,,,,,,,0,1,,,,,,,,,,,,,,,,,,,,,,,,,,,,,,,,,,,,,,
156,4074,4,"Rau, quả, củ dùng làm rau",Rau giền trăng,RAU GIỀN TRĂNG,"Amaranth, sp White",14.0,176,86.7,1,42,,174,,3.2,1,0.4,1,6.3,1,1.5,1,1.9,1,,,,,,,,,,,,,,,288,1,6.10,1,,,,,80,1,,,,,,,,,,,27,1,0.08,1,0.28,1,0.3,1,,,,,,,,,,,,,0,1,,,,,,,2855,3,,,,,,,,,,,,,,,,,,,,,,,,,,,,,,,,,,,,,,,,,,,,,,,,,,,,,,,0,1,,,110,1,40,1,,,120,1,100,1,120,1,170,1,100,1,100,1,40,1,,,,,,,,,,,,,,,,
157,4075,4,"Rau, quả, củ dùng làm rau",Rau húng,RAU HÚNG,"Basil sweet leaves, raw",20.0,177,91.4,1,20,,85,,2.2,1,0.6,3,1.5,1,3.5,1,0.8,1,0.3,3,,,,,,,,,,,,,202,1,4.80,1,73,1,1.860,1,83,1,148,1,91,1,0.91,1,220,1,0.3,3,27,1,0.08,1,0.35,1,0.8,1,0.238,3,0.129,3,64,3,0,3,,,0,3,0,1,,,,,414.8,3,3142,3,0,3,46,3,0,3,5650,3,,,,,,,,,,,0.040,3,0.040,3,0.000,3,0.010,3,0.000,3,0.000,3,0.000,3,0.090,3,0.000,3,0.000,3,0.090,3,0.390,3,0.070,3,0.320,3,0.000,3,0.000,3,0.000,3,,,0,3,,,110,3,36,3,39,3,130,3,104,3,127,3,191,3,104,3,117,3,51,3,28,3,77,3,132,3,301,3,277,3,122,3,104,3,99,3
158,4076,4,"Rau, quả, củ dùng làm rau",Rau khoai lang,RAU KHOAI LANG,"Sweet potato, leaves",5.0,178,91.9,1,23,,97,,2.6,1,0.3,3,2.5,1,1.4,1,1.3,1,,,,,,,,,,,,,,,48,1,2.70,1,60,3,0.260,1,54,1,498,1,19,1,0.29,3,37,3,0.9,3,11,1,0.13,1,0.26,1,0.9,1,0.225,3,0.19,3,80,3,0,3,,,0,3,0,1,,,,,,,1830,3,,,,,,,,,,,,,,,,,,,0.070,3,0.060,3,0.000,3,0.010,3,0.000,3,0.000,3,0.000,3,0.010,3,0.000,3,0.000,3,0.010,3,0.130,3,0.110,3,0.020,3,0.000,3,0.000,3,0.000,3,,,0,3,,,228,3,86,3,35,3,,,,,,,,,,,,,,,47,3,,,,,,,,,,,,,,
159,4077,4,"Rau, quả, củ dùng làm rau",Rau kinh giới,RAU KINH GIỚI,Sweet marjoram,16.0,179,90.3,1,22,,92,,2.7,1,,,2.8,1,3.6,1,0.6,1,,,,,,,,,,,,,,,246,1,1.00,1,89,1,,,15,1,211,1,2,1,0.52,1,250,1,,,110,1,,,,,,,,,,,,,,,,,,,0,1,,,,,,,4360,3,,,,,,,,,,,,,,,,,,,,,,,,,,,,,,,,,,,,,,,,,,,,,,,,,,,,,,,0,1,,,,,,,,,,,,,,,,,,,,,,,,,,,,,,,,,,,,,,
160,4078,4,"Rau, quả, củ dùng làm rau",Rau má rừng,RAU MÁ RỪNG,Wild plant,0.0,180,91.1,1,25,,104,,3.1,1,,,3.1,1,1.5,1,1.2,1,,,,,,,,,,,,,,,172,1,0.20,1,,,,,24,1,,,,,,,,,,,20,1,,,,,,,,,,,,,,,,,,,0,1,,,,,,,260,3,,,,,,,,,,,,,,,,,,,,,,,,,,,,,,,,,,,,,,,,,,,,,,,,,,,,,,,0,1,,,,,,,,,,,,,,,,,,,,,,,,,,,,,,,,,,,,,,
161,4079,4,"Rau, quả, củ dùng làm rau","Rau má, má mơ","RAU MÁ, MÁ MƠ","Wort, India penny",0.0,181,88.2,1,20,,84,,3.2,1,,,1.8,1,4.5,1,2.3,1,,,,,,,,,,,,,,,229,1,3.10,1,,,,,2,1,,,,,,,,,,,37,1,0.15,1,0.14,1,1.2,1,,,,,,,,,,,,,0,1,,,,,,,1300,3,,,,,,,,,,,,,,,,,,,,,,,,,,,,,,,,,,,,,,,,,,,,,,,,,,,,,,,0,1,,,,,,,,,,,,,,,,,,,,,,,,,,,,,,,,,,,,,,
162,4080,4,"Rau, quả, củ dùng làm rau",Rau mồng tơi,RAU MỒNG TƠI,"Malabar night shade, Vinespinach, Ceylon spinach",17.0,182,93.2,1,14,,57,,2.0,1,,,1.4,1,2.5,1,0.9,1,,,,,,,,,,,,,,,176,1,1.60,1,94,1,0.450,1,34,1,391,1,38,1,0.54,1,20,1,,,72,1,0.06,1,0.17,1,0.6,1,,,,,,,,,,,,,0,1,,,,,,,1920,3,,,,,,,,,,,,,,,,,,,,,,,,,,,,,,,,,,,,,,,,,,,,,,,,,,,,,,,0,1,,,,,,,,,,,,,,,,,,,,,,,,,,,,,,,,,,,,,,
163,4081,4,"Rau, quả, củ dùng làm rau",Rau mùi,RAU MÙI,Coriander,15.0,183,93.3,1,16,,66,,2.6,1,0.5,3,0.2,1,1.8,1,1.6,1,0.87,3,,,,,,,,,,,,,133,1,4.50,1,26,3,0.430,3,80,1,521,3,46,3,0.50,3,225,3,0.9,3,140,1,0.11,1,0.15,1,1.3,1,0.57,3,0.149,3,62,3,0,3,,,0,3,0,1,,,2.5,3,310,3,3930,3,36,3,202,3,0,3,865,3,,,,,,,,,,,0.010,3,0.010,3,0.000,3,0.000,3,0.000,3,0.000,3,0.000,3,0.280,3,0.000,3,0.000,3,0.270,3,0.040,3,0.040,3,0.000,3,0.000,3,0.000,3,0.000,3,,,0,3,5,3,,,,,,,,,,,,,,,,,,,,,,,,,,,,,,,,,,,,
164,4082,4,"Rau, quả, củ dùng làm rau",Rau mùi tàu,RAU MÙI TÀU,"Parsley, curley",20.0,184,92.0,1,25,,105,,2.1,1,0.8,3,2.4,1,1.6,1,1.1,1,0.85,3,,,,,,,,,,,,,20,1,2.90,1,35,1,0.360,1,30,1,237,1,39,1,0.41,1,210,1,0.1,3,177,1,0.11,1,0.28,1,1.4,1,0.4,3,0.09,3,152,3,0,3,,,0,3,0,1,,,0.75,3,1640,3,5040,3,0,3,0,3,0,3,5561,3,,,,,,,,,,,0.130,3,0.080,3,0.000,3,0.040,3,0.000,3,0.000,3,0.000,3,0.300,3,0.000,3,0.010,3,0.290,3,0.120,3,0.120,3,0.010,3,0.000,3,0.000,3,0.000,3,,,0,1,5,3,181,3,42,3,45,3,145,3,122,3,172,3,204,3,118,3,122,3,61,3,14,3,82,3,195,3,194,3,249,3,145,3,213,3,136,3
165,4083,4,"Rau, quả, củ dùng làm rau",Rau muống,RAU MUỐNG,"Swamp cabbage, water spinach, water convol",37.5,185,92.0,1,25,,104,,3.2,1,0.4,3,2.1,1,1.0,1,1.3,1,0.42,3,0.1,3,0,3,0,3,0.15,3,0.11,3,0.07,3,100,1,1.40,1,15,1,0.600,1,37,1,331,1,37,1,0.35,1,100,1,1,3,23,1,0.10,1,0.09,1,0.7,1,0.065,3,0.195,3,194,3,0,3,1.6,5,0,3,0,1,,,2.03,3,482.9,3,5597,3,0,3,0,3,0,3,11938,3,57,4,,,,,,,,,0.060,3,0.050,3,0.000,3,0.000,3,0.000,3,0.000,3,0.000,3,0.010,3,0.000,3,0.010,3,0.010,3,0.170,3,0.030,3,0.140,3,0.000,3,0.000,3,0.000,3,,,0,3,9,3,174,3,53,3,39,3,129,3,122,3,161,3,223,3,147,3,162,3,64,3,35,3,108,3,142,3,240,3,343,3,134,3,112,3,104,3
166,4084,4,"Rau, quả, củ dùng làm rau",Rau muống khô,RAU MUỐNG KHÔ,"Water spinach, dried",0.0,186,14.0,1,245,,1025,,34.2,1,1.8,1,23.0,1,12.0,1,15.0,1,,,,,,,,,,,,,,,880,1,15.20,1,,,,,300,1,,,,,,,,,,,10,1,,,,,,,,,,,,,,,,,,,0,1,,,,,,,12996,3,,,,,,,,,,,,,,,,,,,,,,,,,,,,,,,,,,,,,,,,,,,,,,,,,,,,,,,0,1,,,,,,,,,,,,,,,,,,,,,,,,,,,,,,,,,,,,,,
167,4085,4,"Rau, quả, củ dùng làm rau",Rau ngố,RAU NGỐ,Limnophila aromatic,29.0,187,93.3,1,15,,64,,1.5,1,,,2.3,1,2.1,1,0.8,1,,,,,,,,,,,,,,,84,1,2.20,1,,,1.490,1,18,1,222,1,5,1,1.48,1,480,1,,,78,1,0.11,1,0.15,1,1.3,1,,,,,,,,,,,,,0,1,,,,,,,2325,3,,,,,,,,,,,,,,,,,,,,,,,,,,,,,,,,,,,,,,,,,,,,,,,,,,,,,,,0,1,,,,,,,,,,,,,,,,,,,,,,,,,,,,,,,,,,,,,,
168,4086,4,"Rau, quả, củ dùng làm rau",Rau ngót,RAU NGÓT,"Sauropus, sp. leaves",23.0,188,86.4,1,35,,146,,5.3,1,,,3.4,1,2.5,1,2.4,1,,,,,,,,,,,,,,,169,1,2.70,1,123,1,2.400,1,65,1,457,1,25,1,0.94,1,190,1,,,185,1,0.07,1,0.39,1,2.2,1,,,,,,,,,,,,,0,1,,,,,,,6650,3,,,,,,,,,,,,,,,,,,,,,,,,,,,,,,,,,,,,,,,,,,,,,,,,,,,,,,,0,1,,,,,,,,,,,,,,,,,,,,,,,,,,,,,,,,,,,,,,
169,4087,4,"Rau, quả, củ dùng làm rau",Rau ngót khô,RAU NGÓT KHÔ,"Sauropus, dried",0.0,189,14.0,1,239,,1002,,32.2,1,2.6,1,21.8,1,15.0,1,14.4,1,,,,,,,,,,,,,,,,,,,,,,,,,,,,,,,,,,,,,,,,,,,,,,,,,,,,,,,0,1,,,,,,,1560,3,,,,,,,,,,,,,,,,,,,,,,,,,,,,,,,,,,,,,,,,,,,,,,,,,,,,,,,0,1,,,,,,,,,,,,,,,,,,,,,,,,,,,,,,,,,,,,,,
170,4088,4,"Rau, quả, củ dùng làm rau",Rau răm,RAU RĂM,Polygonum odoratum,25.0,190,86.7,1,30,,126,,4.7,1,,,2.8,1,3.8,1,2.0,1,,,,,,,,,,,,,,,316,1,2.20,1,28,1,3.630,1,55,1,216,1,5,1,1.05,1,390,1,,,57,1,,,,,,,,,,,,,,,,,,,0,1,,,,,,,,,,,,,,,,,,,,,,,,,,,,,,,,,,,,,,,,,,,,,,,,,,,,,,,,,,,,,,,0,1,,,,,,,,,,,,,,,,,,,,,,,,,,,,,,,,,,,,,,
171,4089,4,"Rau, quả, củ dùng làm rau",Rau rút,RAU RÚT,"Neptunia, dismanthus",55.0,191,90.4,1,28,,115,,5.1,1,,,1.8,1,1.9,1,0.8,1,,,,,,,,,,,,,,,180,1,,,,,,,59,1,,,,,,,,,,,,,,,,,,,,,,,,,,,,,,,0,1,,,,,,,,,,,,,,,,,,,,,,,,,,,,,,,,,,,,,,,,,,,,,,,,,,,,,,,,,,,,,,,0,1,,,,,,,,,,,,,,,,,,,,,,,,,,,,,,,,,,,,,,
172,4090,4,"Rau, quả, củ dùng làm rau",Rau sà lách,RAU SÀ LÁCH,"Lettuce, garden asparagus",10.0,192,95.0,1,17,,70,,1.5,1,0.4,5,1.8,1,0.5,1,0.8,1,,,,,,,,,,,,,,,77,1,0.90,1,18,1,0.750,1,34,1,333,1,59,1,0.40,1,220,1,0.8,1,15,1,0.14,1,0.12,1,0.7,1,,,,,,,,,0.7,5,,,0,1,,,,,,,1050,3,,,,,,,,,13,4,,,,,,,,,0.060,5,0.050,5,0.000,5,0.010,5,0.000,5,0.000,5,0.000,5,0.010,5,0.000,5,0.000,5,0.010,5,0.200,5,0.080,5,0.110,5,0.000,5,0.000,5,0.000,5,,,0,1,,,88,1,41,1,18,1,117,1,94,1,124,1,145,1,88,1,103,1,37,1,2,5,20,5,61,5,120,5,210,5,43,5,41,5,41,5
173,4091,4,"Rau, quả, củ dùng làm rau",Rau sam,RAU SAM,"Purslane, common",0.0,193,93.6,1,18,,74,,1.4,1,,,3.0,1,0.7,1,1.3,1,,,,,,,,,,,,,,,85,1,1.50,1,,,,,56,1,,,,,,,,,,,26,1,0.03,1,0.11,1,0.7,1,,,,,,,,,,,,,0,1,,,,,,,160,3,,,,,,,,,,,,,,,,,,,,,,,,,,,,,,,,,,,,,,,,,,,,,,,,,,,,,,,0,1,,,,,,,,,,,,,,,,,,,,,,,,,,,,,,,,,,,,,,
174,4092,4,"Rau, quả, củ dùng làm rau",Rau sắng (chùa hương),RAU SẮNG (CHÙA HƯƠNG),Perfume pagoda wild plant,40.0,194,82.4,1,48,,201,,6.5,1,,,5.5,1,3.4,1,2.2,1,,,,,,,,,,,,,,,110,1,,,,,,,80,1,,,,,,,,,,,114,1,,,,,,,,,,,,,,,,,,,0,1,,,,,,,,,,,,,,,,,,,,,,,,,,,,,,,,,,,,,,,,,,,,,,,,,,,,,,,,,,,,,,,0,1,,,,,,,,,,,,,,,,,,,,,,,,,,,,,,,,,,,,,,
175,4093,4,"Rau, quả, củ dùng làm rau",Rau tàu bay,RAU TÀU BAY,Gynura crepidioides,0.0,195,93.1,1,18,,74,,2.5,1,,,1.9,1,1.6,1,0.9,1,,,,,,,,,,,,,,,81,1,,,,,,,25,1,,,,,,,,,,,10,1,,,,,,,,,,,,,,,,,,,0,1,,,,,,,1700,3,,,,,,,,,,,,,,,,,,,,,,,,,,,,,,,,,,,,,,,,,,,,,,,,,,,,,,,0,1,,,,,,,,,,,,,,,,,,,,,,,,,,,,,,,,,,,,,,
176,4094,4,"Rau, quả, củ dùng làm rau",Rau thơm,RAU THƠM,Mint leaves,25.0,196,91.7,1,18,,74,,2.0,1,,,2.4,1,3.0,1,0.9,1,,,,,,,,,,,,,,,170,1,3.80,1,,,0.880,1,49,1,217,1,6,1,0.56,1,740,1,,,41,1,0.14,1,0.15,1,1.0,1,,,,,,,,,,,,,0,1,,,,,,,3560,3,,,,,,,,,,,,,,,,,,,,,,,,,,,,,,,,,,,,,,,,,,,,,,,,,,,,,,,0,1,,,,,,,,,,,,,,,,,,,,,,,,,,,,,,,,,,,,,,
177,4095,4,"Rau, quả, củ dùng làm rau",Sấu xanh,SẤU XANH,"Dracontomelum fruit, unripe, raw",35.0,197,94.7,1,19,,80,,1.8,1,,,3.0,1,,,0.5,1,,,,,,,,,,,,,,,135,1,,,,,,,6,1,,,,,,,,,,,,,,,,,,,,,,,,,,,,,,,0,1,,,,,,,,,,,,,,,,,,,,,,,,,,,,,,,,,,,,,,,,,,,,,,,,,,,,,,,,,,,,,,,0,1,,,,,,,,,,,,,,,,,,,,,,,,,,,,,,,,,,,,,,
178,4096,4,"Rau, quả, củ dùng làm rau",Su hào,SU HÀO,Kohlrabi,22.4,198,88.0,1,37,,154,,2.8,1,0.1,3,6.2,1,1.7,1,1.2,1,2.6,3,,,,,,,,,,,,,46,1,0.60,1,19,3,0.620,1,50,1,321,1,53,1,0.45,1,310,1,0.7,3,40,1,0.06,1,0.05,1,0.2,1,0.165,3,0.15,3,16,3,0,3,,,0,3,0,1,,,0.48,3,0.1,3,22,3,,,,,,,,,25,4,,,,,,,,,0.010,3,0.010,3,0.000,3,0.000,3,0.000,3,0.000,3,0.000,3,0.010,3,0.000,3,0.000,3,0.010,3,0.050,3,0.020,3,0.030,3,0.000,3,0.000,3,0.000,3,,,0,3,,,74,1,18,1,27,1,46,1,64,1,55,1,90,1,120,1,134,1,18,1,9,1,32,1,103,1,126,1,205,1,57,1,77,1,85,1
179,4097,4,"Rau, quả, củ dùng làm rau",Su hào khô,SU HÀO KHÔ,Dried kohlrabi,0.0,199,15.0,1,261,,1092,,20.0,1,1.4,1,42.1,1,12.5,1,9.0,1,,,,,,,,,,,,,,,,,,,,,,,,,,,,,,,,,,,3,1,,,,,,,,,,,,,,,,,,,0,1,,,,,,,,,,,,,,,,,,,,,,,,,,,,,,,,,,,,,,,,,,,,,,,,,,,,,,,,,,,,,,,0,1,,,,,,,,,,,,,,,,,,,,,,,,,,,,,,,,,,,,,,
180,4098,4,"Rau, quả, củ dùng làm rau","Su su, quả","SU SU, QUẢ","Chayote, fruit raw",20.0,200,94.0,1,19,,78,,0.8,1,0.1,3,3.6,1,1.0,1,0.5,1,1.85,3,,,,,,,,,,,,,17,1,0.40,1,12,3,0.190,3,14,1,125,3,2,3,0.74,3,123,3,0.2,3,4,1,0.01,1,0.02,1,0.4,1,0.249,3,0.076,3,93,3,0,3,,,0,3,0,1,,,0.12,3,4.6,3,0,3,,,,,,,,,,,,,,,,,,,0.030,3,0.020,3,0.000,3,0.000,3,0.000,3,0.000,3,0.000,3,0.010,3,0.000,3,0.000,3,0.010,3,0.060,3,0.020,3,0.040,3,0.000,3,0.000,3,0.000,3,,,0,3,,,39,3,1,3,11,3,47,3,40,3,63,3,77,3,44,3,35,3,15,3,,,32,3,51,3,92,3,125,3,41,3,44,3,47,3
181,4099,4,"Rau, quả, củ dùng làm rau",Súp lơ trắng,SÚP LƠ TRẮNG,"Cauliflower, white",40.0,201,90.9,1,30,,126,,2.5,1,0.1,3,4.8,1,0.9,1,0.8,1,2.4,3,,,,,,,,,,,,,26,1,1.40,1,22,1,0.200,1,51,1,349,1,20,1,0.20,1,140,1,0.6,1,70,1,0.11,1,0.10,1,0.6,1,0.652,3,0.222,3,57,3,0,3,1.5,5,0,3,0,1,,,0.08,3,16,3,8,3,0,3,0,3,0,3,33,3,51,4,,,,,,,,,0.030,3,0.030,3,0.000,3,0.000,3,0.000,3,0.000,3,0.000,3,0.010,3,0.000,3,0.000,3,0.010,3,0.100,3,0.020,3,0.080,3,0.000,3,0.000,3,0.000,3,,,0,3,18,3,134,1,46,1,35,1,81,1,100,1,138,1,161,1,104,1,108,1,46,1,36,1,35,1,192,1,200,1,184,1,165,1,124,1,109,1
182,4100,4,"Rau, quả, củ dùng làm rau",Súp lơ xanh,SÚP LƠ XANH,"Cauliflower, green",39.0,202,89.8,3,26,,109,,3.0,3,0.3,3,2.9,3,3.2,3,0.9,3,3.03,3,,,,,,,,,,,,,33,3,0.73,3,20,3,0.250,3,62,3,300,3,23,3,0.64,3,41,3,0.6,3,88,3,0.08,3,0.10,3,0.7,3,0.696,3,0.222,3,57,3,0,3,,,0,3,0,1,,,0.04,3,20.2,3,93,3,0,3,0,3,0,3,42,3,,,,,,,,,,,0.050,3,0.040,3,0.000,3,0.000,3,0.000,3,0.000,3,0.000,3,0.030,3,0.000,3,0.000,3,0.020,3,0.130,3,0.030,3,0.100,3,0.000,3,0.000,3,0.000,3,,,0,3,,,158,3,42,3,39,3,105,3,107,3,148,3,172,3,112,3,142,3,59,3,34,3,64,3,156,3,345,3,393,3,95,3,127,3,154,3
183,4101,4,"Rau, quả, củ dùng làm rau",Thìa là,THÌA LÀ,Dil,25.0,203,88.4,1,28,,115,,2.6,1,1.1,3,1.8,1,5.0,1,1.1,1,,,,,,,,,,,,,,,200,1,1.20,1,55,3,0.550,1,12,1,361,1,48,1,0.50,1,220,1,,,63,1,0.05,1,0.12,1,0.7,1,0.397,3,0.185,3,150,3,0,3,,,0,3,0,1,,,,,,,2850,3,,,,,,,,,,,,,,,,,,,0.060,3,0.050,3,0.000,3,0.010,3,0.000,3,0.000,3,0.000,3,0.800,3,0.000,3,0.000,3,0.800,3,0.100,3,0.080,3,0.010,3,0.000,3,0.000,3,0.000,3,,,0,3,,,246,3,11,3,14,3,65,3,68,3,154,3,159,3,195,3,142,3,71,3,17,3,96,3,227,3,343,3,290,3,169,3,248,3,158,3
184,4102,4,"Rau, quả, củ dùng làm rau",Tía tô,TÍA TÔ,"Balm-mint, garden- balm",20.0,204,89.1,1,25,,105,,2.9,1,,,3.4,1,3.6,1,1.0,1,,,,,,,,,,,,,,,190,1,3.20,1,112,1,0.730,1,18,1,284,1,3,1,0.86,1,460,1,,,13,1,,,,,,,,,,,,,,,,,,,0,1,,,,,,,5520,3,,,,,,,,,,,,,,,,,,,,,,,,,,,,,,,,,,,,,,,,,,,,,,,,,,,,,,,0,1,,,,,,,,,,,,,,,,,,,,,,,,,,,,,,,,,,,,,,
185,4103,4,"Rau, quả, củ dùng làm rau",Tỏi ta,TỎI TA,Garlic bulbs,20.0,205,67.7,1,121,,504,,6.0,1,0.5,3,23.0,1,1.5,1,1.3,1,1,3,,,,,,,,,,,,,24,1,1.50,1,8,1,1.300,1,181,1,373,1,18,1,0.90,1,299,3,77.1,1,10,1,0.24,1,0.03,1,0.9,1,0.596,3,1.235,3,3,3,0,3,,,0,3,0,1,,,0.01,3,1.4,3,0,3,0,3,0,3,0,3,26,3,,,,,,,,,,,0.090,3,0.090,3,0.000,3,0.000,3,0.000,3,0.000,3,0.000,3,0.010,3,0.000,3,0.000,3,0.010,3,0.250,3,0.230,3,0.020,3,0.000,3,0.000,3,0.000,3,,,0,3,,,273,3,76,3,66,3,183,3,157,3,291,3,308,3,217,3,634,3,113,3,65,3,81,3,132,3,489,3,805,3,200,3,100,3,190,3
186,4104,4,"Rau, quả, củ dùng làm rau",Tỏi tây (cá lá),TỎI TÂY (CÁ LÁ),"Chinese Leek, Onion fragrant",20.0,206,90.0,1,29,,122,,1.4,1,,,5.9,1,1.5,1,1.2,1,,,,,,,,,,,,,,,80,1,2.00,1,,,,,58,1,,,,,,,,,,,20,1,0.06,1,0.04,1,0.5,1,,,,,,,,,,,,,0,1,,,,,,,10,3,,,,,,,,,,,,,,,,,,,,,,,,,,,,,,,,,,,,,,,,,,,,,,,,,,,,,,,0,1,,,100,1,35,1,23,1,97,1,82,1,98,1,140,1,74,1,99,1,38,1,,,,,,,,,,,,,,,,
187,4105,4,"Rau, quả, củ dùng làm rau",Trám đen chín,TRÁM ĐEN CHÍN,Variety of canarium,50.0,207,77.0,1,114,,479,,2.5,1,10.0,1,3.6,1,4.9,1,2.0,1,,,,,,,,,,,,,,,140,1,,,,,,,30,1,,,,,,,,,,,14,1,,,,,,,,,,,,,,,,,,,0,1,,,,,,,,,,,,,,,,,,,,,,,,,,,,,,,,,,,,,,,,,,,,,,,,,,,,,,,,,,,,,,,0,1,,,,,,,,,,,,,,,,,,,,,,,,,,,,,,,,,,,,,,
188,4106,4,"Rau, quả, củ dùng làm rau","Trám xanh sống, trám trắng","TRÁM XANH SỐNG, TRÁM TRẮNG",Chinese olive,34.0,208,86.7,1,37,,154,,1.2,1,1.6,1,4.4,1,4.9,1,1.2,1,,,,,,,,,,,,,,,136,1,,,,,,,9,1,,,,,,,,,,,20,1,0.02,1,0.11,1,0.4,1,,,,,,,,,,,,,0,1,,,,,,,330,3,,,,,,,,,,,,,,,,,,,,,,,,,,,,,,,,,,,,,,,,,,,,,,,,,,,,,,,0,1,,,,,,,,,,,,,,,,,,,,,,,,,,,,,,,,,,,,,,
189,4107,4,"Rau, quả, củ dùng làm rau",Xương sông,XƯƠNG SÔNG,Edible herbaceous plant,10.0,209,91.7,1,15,,62,,2.2,1,,,1.5,1,3.2,1,1.4,1,,,,,,,,,,,,,,,112,1,4.00,1,50,1,,,17,1,424,1,12,1,,,,,,,4,1,,,,,,,,,,,,,,,,,,,0,1,,,,,,,,,,,,,,,,,,,,,,,,,,,,,,,,,,,,,,,,,,,,,,,,,,,,,,,,,,,,,,,0,1,,,,,,,,,,,,,,,,,,,,,,,,,,,,,,,,,,,,,,
190,4108,4,"Rau, quả, củ dùng làm rau",Cà chua muối,CÀ CHUA MUỐI,"Tomatfo, pickled",5.0,210,94.0,1,6,,27,,0.6,1,,,1.0,1,0.8,1,3.6,1,,,,,,,,,,,,,,,,,,,,,,,,,,,,,,,,,,,,,,,,,,,,,,,,,,,,,,,0,1,,,,,,,,,,,,,,,,,,,,,,,,,,,,,,,,,,,,,,,,,,,,,,,,,,,,,,,,,,,,,,,0,1,,,,,,,,,,,,,,,,,,,,,,,,,,,,,,,,,,,,,,
191,4109,4,"Rau, quả, củ dùng làm rau",Cà muối nén,CÀ MUỐI NÉN,"Eggplant, garden, brinjan; aubergine, pickled",5.0,211,81.0,1,13,,55,,1.3,1,,,2.0,1,1.7,1,14.0,1,,,,,,,,,,,,,,,15,1,0.80,1,,,,,18,1,,,,,,,,,,,,,0.05,1,0.06,1,0.7,1,,,,,,,,,,,,,0,1,,,,,,,40,3,,,,,,,,,,,,,,,,,,,,,,,,,,,,,,,,,,,,,,,,,,,,,,,,,,,,,,,0,1,,,,,,,,,,,,,,,,,,,,,,,,,,,,,,,,,,,,,,
192,4110,4,"Rau, quả, củ dùng làm rau",Cà muối sối,CÀ MUỐI SỐI,"Eggplant, garden, brinjan; aubergine, pickled",5.0,212,84.3,1,16,,67,,1.5,1,,,2.5,1,1.7,1,10.0,1,,,,,,,,,,,,,,,,,,,,,,,,,,,,,,,,,,,,,,,,,,,,,,,,,,,,,,,0,1,,,,,,,,,,,,,,,,,,,,,,,,,,,,,,,,,,,,,,,,,,,,,,,,,,,,,,,,,,,,,,,0,1,,,,,,,,,,,,,,,,,,,,,,,,,,,,,,,,,,,,,,
193,4111,4,"Rau, quả, củ dùng làm rau",Dưa cải bắp,DƯA CẢI BẮP,"Cabbage Chinese, pickled",5.0,213,90.9,1,18,,75,,1.2,1,,,3.3,1,1.6,1,3.0,1,,,,,,,,,,,,,,,51,1,0.30,1,,,,,34,1,,,,,,,,,,,20,1,0.01,1,0.06,1,0.3,1,,,,,,,,,,,,,0,1,,,,,,,20,3,,,,,,,,,,,,,,,,,,,,,,,,,,,,,,,,,,,,,,,,,,,,,,,,,,,,,,,0,1,,,,,,,,,,,,,,,,,,,,,,,,,,,,,,,,,,,,,,
194,4112,4,"Rau, quả, củ dùng làm rau",Dưa cải bẹ,DƯA CẢI BẸ,"Mustard green, pickled",5.0,214,90.1,1,17,,70,,1.8,1,,,2.4,1,2.1,1,3.6,1,,,,,,,,,,,,,,,100,1,3.00,1,,,,,21,1,,,,,,,,,,,3,1,0.03,1,0.12,1,0.5,1,,,,,,,,,,,,,0,1,,,,,,,745,3,,,,,,,,,,,,,,,,,,,,,,,,,,,,,,,,,,,,,,,,,,,,,,,,,,,,,,,0,1,,,,,,,,,,,,,,,,,,,,,,,,,,,,,,,,,,,,,,
195,4113,4,"Rau, quả, củ dùng làm rau",Dưa cải sen,DƯA CẢI SEN,"Rape bird, pickled",5.0,215,93.8,1,10,,40,,1.1,1,,,1.3,1,1.8,1,2.0,1,,,,,,,,,,,,,,,63,1,,,,,,,41,1,,,,,,,,,,,,,,,,,,,,,,,,,,,,,,,0,1,,,,,,,,,,,,,,,,,,,,,,,,,,,,,,,,,,,,,,,,,,,,,,,,,,,,,,,,,,,,,,,0,1,,,,,,,,,,,,,,,,,,,,,,,,,,,,,,,,,,,,,,
196,4114,4,"Rau, quả, củ dùng làm rau",Dưa chuột muối,DƯA CHUỘT MUỐI,"Cucumber, pickled",5.0,216,92.1,1,13,,55,,0.8,1,,,2.5,1,0.7,1,3.9,1,,,,,,,,,,,,,,,25,1,1.20,1,4,3,0.010,3,20,1,23,3,1208,3,0.02,3,85,3,0,3,4,1,0.01,1,0.02,1,0.2,1,0.038,3,0.009,3,1,3,0,3,,,0,3,0,1,,,0.06,3,13,3,100,3,,,,,,,,,,,,,,,,,,,0.050,3,0.040,3,0.000,3,0.010,3,0.000,3,0.000,3,0.000,3,0.000,3,0.000,3,0.000,3,0.000,3,0.080,3,0.040,3,0.050,3,0.000,3,0.000,3,0.000,3,,,0,1,14,,23,1,5,1,4,1,15,1,18,1,24,1,26,1,18,1,39,1,9,1,6,1,18,1,23,1,46,1,123,1,25,1,15,1,24,1
197,4115,4,"Rau, quả, củ dùng làm rau",Dưa giá (đậu xanh),DƯA GIÁ (ĐẬU XANH),"Mung bean sprouts, pickled",0.0,217,86.2,1,39,,164,,5.0,1,,,4.8,1,2.0,1,2.0,1,,,,,,,,,,,,,,,22,1,1.10,1,,,,,33,1,,,,,,,,,,,,,,,,,,,,,,,,,,,,,,,0,1,,,,,,,,,,,,,,,,,,,,,,,,,,,,,,,,,,,,,,,,,,,,,,,,,,,,,,,,,,,,,,,0,1,,,,,,,,,,,,,,,,,,,,,,,,,,,,,,,,,,,,,,
198,4116,4,"Rau, quả, củ dùng làm rau",Hành củ muối,HÀNH CỦ MUỐI,"Onion, pickled",30.0,218,88.5,1,22,,90,,1.4,1,,,4.0,1,0.7,1,5.4,1,,,,,,,,,,,,,,,12,1,1.30,1,,,,,5,1,,,,,,,,,,,,,0.02,1,0.03,1,0.1,1,,,,,,,,,,,,,0,1,,,,,,,18,3,,,,,,,,,,,,,,,,,,,,,,,,,,,,,,,,,,,,,,,,,,,,,,,,,,,,,,,0,1,,,,,,,,,,,,,,,,,,,,,,,,,,,,,,,,,,,,,,
199,4117,4,"Rau, quả, củ dùng làm rau",Kiệu muối,KIỆU MUỐI,"Onion shallot, scallion, pickled",30.0,219,89.5,1,24,,100,,1.3,1,,,4.7,1,1.2,1,3.3,1,,,,,,,,,,,,,,,50,1,1.20,1,,,,,35,1,,,,,,,,,,,12,1,0.05,1,0.10,1,,,,,,,,,,,,,,,0,1,,,,,,,,,,,,,,,,,,,,,,,,,,,,,,,,,,,,,,,,,,,,,,,,,,,,,,,,,,,,,,,0,1,,,,,,,,,,,,,,,,,,,,,,,,,,,,,,,,,,,,,,
200,4118,4,"Rau, quả, củ dùng làm rau","Nhút (muối từ mít non, ngọn đậu xanh non...)","NHÚT (MUỐI TỪ MÍT NON, NGỌN ĐẬU XANH NON...)",Mix pickled from young jack fruit,0.0,220,84.9,1,16,,67,,2.5,1,,,1.5,1,2.3,1,8.8,1,,,,,,,,,,,,,,,204,1,9.00,1,,,,,33,1,,,,,,,,,,,,,,,,,,,,,,,,,,,,,,,0,1,,,,,,,,,,,,,,,,,,,,,,,,,,,,,,,,,,,,,,,,,,,,,,,,,,,,,,,,,,,,,,,0,1,,,,,,,,,,,,,,,,,,,,,,,,,,,,,,,,,,,,,,
201,4119,4,"Rau, quả, củ dùng làm rau",Men bia khô,MEN BIA KHÔ,"Brewer's yeast, fried",0.0,221,7.5,1,340,,1424,,52.5,1,3.2,1,25.4,1,6.6,1,4.8,1,,,,,,,,,,,,,,,44,1,16.10,1,,,,,1291,1,,,,,,,,,,,,,2.33,1,5.44,1,36.7,1,,,,,,,,,200,5,,,0,1,,,,,,,,,,,,,,,,,,,,,,,,,,,,,,,,,,,,,,,,,,,,,,,,,,,,,,,,,,,,,,,0,1,,,,,,,,,,,,,,,,,,,,,,,,,,,,,,,,,,,,,,
202,4120,4,"Rau, quả, củ dùng làm rau",Men bia tươi,MEN BIA TƯƠI,"Baker's yeast, fresh",0.0,222,74.6,1,95,,395,,16.2,1,1.3,1,4.5,1,2.0,1,1.4,1,,,,,,,,,,,,,,,30,1,5.00,1,,,,,272,1,,,,,,,,,,,,,0.77,1,1.06,1,8.3,1,,,,,,,,,60,5,,,0,1,,,,,,,,,,,,,,,,,,,,,,,,,,,,,,,,,,,,,,,,,,,,,,,,,,,,,,,,,,,,,,,0,1,,,949,1,203,1,226,1,633,1,678,1,881,1,1017,1,678,1,588,1,362,1,158,1,678,1,994,1,1424,1,1876,1,655,1,633,1,746,1
203,4121,4,"Rau, quả, củ dùng làm rau",Mộc nhĩ,MỘC NHĨ,"Jew's ear, Juda's ear, dried, Wood-ear, Tender variety",10.0,223,11.4,1,304,,1273,,10.6,1,0.2,1,65.0,1,7.0,1,5.8,1,,,,,,,,,,,,,,,357,1,56.10,1,146,3,1.150,3,201,1,708,3,70,3,7.52,3,5070,3,133.1,3,1,3,0.15,1,0.55,1,2.7,1,21.477,3,0.95,3,160,3,0,3,,,0,3,0,1,,,,,,,20,3,,,,,,,,,,,,,,,,,,,,,,,,,,,,,,,,,,,,,,,,,,,,,,,,,,,,,,,0,1,,,,,,,,,,,,,,,,,,,,,,,,,,,,,,,,,,,,,,
204,4122,4,"Rau, quả, củ dùng làm rau",Nấm hương khô,NẤM HƯƠNG KHÔ,"Mushroom Chinese, dried",10.0,224,13.0,1,274,,1146,,36.0,1,4.0,1,23.5,1,17.0,1,6.5,1,,,,,,,,,,,,,,,184,1,35.00,1,,,,,606,1,,,,,,,,,,,,,0.16,1,1.59,1,23.4,1,,,,,,,,,,,,,0,1,,,,,,,,,,,,,,,,,,,,,,,,,,,,,,,,,,,,,,,,,,,,,,,,,,,,,,,,,,,,,,,0,1,,,,,,,,,,,,,,,,,,,,,,,,,,,,,,,,,,,,,,
205,4123,4,"Rau, quả, củ dùng làm rau",Nấm hương tươi,NẤM HƯƠNG TƯƠI,"Mushroom, Chinese, raw",25.0,225,87.0,1,39,,163,,5.5,1,0.5,1,3.1,1,3.0,1,0.9,1,,,,,,,,,,,,,,,27,1,5.20,1,,,,,89,1,,,,,,,,,,,,,,,,,,,,,,,,,,,,,,,0,1,,,,,,,,,,,,,,,,,,,,,,,,,,,,,,,,,,,,,,,,,,,,,,,,,,,,,,,,,,,,,,,0,1,,,,,,,,,,,,,,,,,,,,,,,,,,,,,,,,,,,,,,
206,4124,4,"Rau, quả, củ dùng làm rau",Nấm mỡ (nấm tây),NẤM MỠ (NẤM TÂY),Mushroom,10.0,226,90.4,1,32,,135,,4.0,1,0.3,1,3.4,1,1.1,1,0.8,1,,,,,,,,,,,,,,,28,1,1.30,1,14,1,0.100,1,80,1,322,1,12,1,0.30,1,1790,1,13,1,4,1,0.11,1,0.16,1,3.3,1,,,,,,,,,16,5,,,0,1,,,,,,,10,3,,,,,,,,,58,4,,,,,,,,,,,,,,,,,,,,,,,,,,,,,,,,,,,,,,,,,,,,,0,1,,,259,1,62,1,25,1,92,1,90,1,71,1,206,1,95,1,112,1,121,1,105,1,90,1,121,1,228,1,342,1,91,1,115,1,100,1
207,4125,4,"Rau, quả, củ dùng làm rau",Nấm rơm,NẤM RƠM,"Mushroom, straw",10.0,227,87.9,1,57,,238,,3.6,1,3.2,1,3.4,1,1.1,1,0.8,1,,,,,,,,,,,,,,,28,1,1.20,1,,,,,80,1,,,,,,,,,,,2,1,0.12,1,0.33,1,9.1,1,,,,,,,,,,,,,0,1,,,,,,,0,3,,,,,,,,,,,,,,,,,,,,,,,,,,,,,,,,,,,,,,,,,,,,,,,,,,,,,,,0,1,,,,,,,,,,,,,,,,,,,,,,,,,,,,,,,,,,,,,,
208,4126,4,"Rau, quả, củ dùng làm rau",Nấm thường tươi,NẤM THƯỜNG TƯƠI,"Mushroom, common",25.0,228,88.0,1,34,,144,,4.6,1,0.8,1,2.2,1,3.5,1,0.9,1,1.65,3,0,3,0,3,0,3,0.17,3,1.48,3,0,3,2,1,0.70,1,9,3,0.050,3,59,1,318,3,5,3,0.52,3,318,3,9.3,3,6,1,0.25,1,0.30,1,5.2,1,1.497,3,0.104,3,16,3,0,3,,,0,3,0,1,1.90,3,0.01,3,0,3,10,3,,,,,,,,,,,,,,,,,,,0.050,3,0.040,3,0.000,3,0.010,3,0.000,3,0.000,3,0.000,3,0.000,3,0.000,3,0.000,3,0.000,3,0.160,3,0.160,3,0.000,3,0.000,3,0.000,3,0.000,3,,,0,3,,,107,3,31,3,35,3,85,3,107,3,232,3,120,3,76,3,78,3,57,3,12,3,44,3,199,3,195,3,343,3,92,3,76,3,94,3
209,5001,5,Quả chín,Bưởi,BƯỞI,"Pomelo, Pummelo; Shaddock",35.0,231,91.4,1,30,,126,,0.2,1,0.0,3,7.3,1,0.7,1,0.4,1,,,,,,,,,,,,,,,23,1,0.50,1,6,3,0.020,1,18,1,159,1,3,1,0.16,1,120,1,,,95,1,0.04,1,0.02,1,0.3,1,,,0.036,3,,,,,,,,,0,1,,,,,,,0,3,0,3,10,3,0,3,0,3,,,,,,,,,,,,,,,,,,,,,,,,,,,,,,,,,,,,,,,,,,,,,,,0,1,,,,,,,,,,,,,,,,,,,,,,,,,,,,,,,,,,,,,,
210,5002,5,Quả chín,Cam,CAM,Orange,31.1,232,88.8,1,38,,158,,0.9,1,0.1,3,8.3,1,1.4,1,0.5,1,9.35,3,,,,,,,,,,,,,34,1,0.40,1,10,3,0.520,1,23,1,108,1,4,1,0.22,1,140,1,0.4,1,40,1,0.08,1,0.03,1,0.2,1,0.25,3,0.06,3,30,3,0,3,0.89,5,0,3,0,1,,,0.18,3,0,3,71,3,11,3,116,3,0,3,129,3,19,4,,,,,,,,,0.020,3,0.010,3,0.000,3,0.000,3,0.000,3,0.000,3,0.000,3,0.020,3,0.000,3,0.000,3,0.020,3,0.030,3,0.020,3,0.010,3,0.000,3,0.000,3,0.000,3,,,0,3,,,43,1,12,1,6,1,30,1,12,1,31,1,22,1,23,1,52,1,12,1,10,1,17,1,51,1,114,1,99,1,83,1,46,1,23,1
211,5003,5,Quả chín,Chanh,CHANH,Lemon,25.0,233,92.5,1,24,,102,,0.9,1,0.3,3,4.5,1,1.3,1,0.5,1,,,,,,,,,,,,,,,40,1,0.60,1,12,1,,,22,1,145,1,3,1,0.10,1,260,1,,,77,1,0.04,1,0.01,1,0.1,1,0.232,3,0.109,3,,,,,0.5,5,,,0,1,,,,,,,,,,,,,,,,,,,,,,,,,,,0.040,3,0.040,3,0.000,3,0.000,3,0.000,3,0.000,3,0.000,3,0.010,3,0.000,3,0.000,3,0.010,3,0.090,3,0.060,3,0.030,3,0.000,3,0.000,3,0.000,3,,,0,3,12,3,28,1,11,1,5,1,27,1,11,1,28,1,19,1,22,1,47,1,11,1,10,1,15,1,46,1,106,1,88,1,74,1,41,1,22,1
212,5004,5,Quả chín,Chôm chôm,CHÔM CHÔM,Rambutan,50.0,234,80.3,1,72,,300,,1.5,1,0.0,1,16.4,1,1.3,1,0.5,1,,,,,,,,,,,,,,,28,1,0.50,1,,,,,15,1,,,,,,,,,,,,,,,,,,,,,,,,,,,,,,,0,1,,,,,,,,,,,,,,,,,,,,,,,,,,,,,,,,,,,,,,,,,,,,,,,,,,,,,,,,,,,,,,,0,1,,,,,,,,,,,,,,,,,,,,,,,,,,,,,,,,,,,,,,
213,5005,5,Quả chín,Chuối khô,CHUỐI KHÔ,"Banana, dried",0.0,235,22.0,1,292,,1222,,5.0,1,0.0,1,68.0,1,2.3,1,2.7,1,,,,,,,,,,,,,,,,,,,,,,,,,,,,,,,,,,,,,,,,,,,,,,,,,,,,,,,0,1,,,,,,,,,,,,,,,,,,,,,,,,,,,,,,,,,,,,,,,,,,,,,,,,,,,,,,,,,,,,,,,0,1,,,,,,,,,,,,,,,,,,,,,,,,,,,,,,,,,,,,,,
214,5006,5,Quả chín,Chuối tây,CHUỐI TÂY,Banana,26.5,236,83.2,1,56,,234,,0.9,1,0.3,1,12.4,1,2.6,3,0.6,1,12.23,3,0,3,0.1,3,0,3,4.85,3,4.98,3,2.39,3,12,1,0.50,1,27,3,0.310,1,25,1,286,1,17,1,0.32,1,150,1,1,1,6,1,0.04,1,0.07,1,0.6,1,0.334,3,0.367,3,20,3,0,3,5.5,5,0,3,0,1,,,0.1,3,0.5,3,26,3,25,3,0,3,0,3,22,3,57,4,,,,,,,,,0.110,3,0.100,3,0.000,3,0.010,3,0.000,3,0.000,3,0.000,3,0.030,3,0.000,3,0.010,3,0.020,3,0.070,3,0.010,3,0.020,3,0.000,3,0.000,3,0.000,3,,,0,3,16,3,44,1,7,1,14,1,27,1,30,1,32,1,55,1,21,1,40,1,80,1,8,1,14,1,42,1,152,1,190,1,38,1,36,1,38,1
215,5007,5,Quả chín,Chuối tiêu,CHUỐI TIÊU,"Banana, dwarf",35.0,237,74.4,1,97,,404,,1.5,1,0.2,1,22.2,1,0.8,1,0.9,1,,,,,,,,,,,,,,,8,1,0.60,1,41,1,0.120,1,28,1,329,1,19,1,0.37,1,140,1,0.9,1,6,1,0.04,1,0.05,1,0.7,1,,,,,,,,,,,,,0,1,,,,,,,45,3,,,,,,,,,,,,,,,,,,,,,,,,,,,,,,,,,,,,,,,,,,,,,,,,,,,,,,,0,1,,,,,,,,,,,,,,,,,,,,,,,,,,,,,,,,,,,,,,
216,5008,5,Quả chín,Dâu gia,DÂU GIA,Blackberry,56.0,238,92.8,1,27,,114,,0.6,1,,,6.2,1,,,0.4,1,,,,,,,,,,,,,,,20,1,0.50,1,,,,,12,1,,,,,,,,,,,2,1,,,,,,,,,,,,,,,,,,,0,1,,,,,,,,,,,,,,,,,,,,,,,,,,,,,,,,,,,,,,,,,,,,,,,,,,,,,,,,,,,,,,,0,1,,,,,,,,,,,,,,,,,,,,,,,,,,,,,,,,,,,,,,
217,5009,5,Quả chín,Dâu tây,DÂU TÂY,Strawberry,15.0,239,84.9,1,43,,181,,1.8,1,0.4,1,8.1,1,4.0,1,0.8,1,,,,,,,,,,,,,,,22,1,0.70,1,17,3,,,23,1,292,3,37,3,,,,,,,60,1,0.03,1,0.06,1,0.3,1,,,,,,,,,1.1,5,,,0,1,,,,,,,30,3,,,,,,,,,21,4,,,,,,,,,,,,,,,,,,,,,,,,,,,,,,,,,,,,,,,,,,,,,0,1,,,33,1,1,1,9,1,23,1,25,1,23,1,42,1,18,1,35,1,16,1,7,1,27,1,42,1,182,1,120,1,33,1,26,1,31,1
218,5010,5,Quả chín,Dưa bở,DƯA BỞ,"Musk melon, Spanish melon, Cantaloupe",10.0,240,94.5,1,18,,76,,0.5,1,0.2,1,3.6,1,0.7,1,0.5,1,7.89,3,0,3,0,3,0,3,1.37,3,1.57,3,4.87,3,36,1,0.30,1,9,1,0.050,1,36,1,201,1,0,1,0.17,1,86,1,0,1,9,1,0.04,1,0.02,1,0.4,1,0.185,3,0.025,3,5,3,0,3,,,0,3,0,1,,,0.77,3,2.2,3,150,3,0,3,98,3,0,3,130,3,33,4,,,,,,,,,0.030,3,0.020,3,0.000,3,0.000,3,0.000,3,0.000,3,0.000,3,0.090,3,0.000,3,0.000,3,0.090,3,0.110,3,0.110,3,0.000,3,0.000,3,0.000,3,0.000,3,,,0,1,,,30,1,12,1,2,1,23,1,17,1,33,1,29,1,21,1,29,1,15,1,2,1,14,1,95,1,136,1,209,1,26,1,19,1,42,1
219,5011,5,Quả chín,Dưa hấu,DƯA HẤU,'Watermelon,48.0,241,95.5,1,16,,66,,1.2,1,0.2,1,2.3,1,0.5,1,0.3,1,6.2,3,0,3,0.06,3,0,3,3.36,3,1.58,3,1.21,3,8,1,1.00,1,15,1,0.030,1,13,1,187,1,5,1,0.11,1,80,1,0.4,3,7,1,0.04,1,0.04,1,0.2,1,0.221,3,0.045,3,3,3,0,3,,,0,3,0,1,,,0.05,3,0.1,3,303,3,0,3,78,3,4532,3,8,3,,,,,,,,,,,0.020,3,0.010,3,0.000,3,0.010,3,0.000,3,0.000,3,0.000,3,0.040,3,0.000,3,0.000,3,0.040,3,0.050,3,0.050,3,0.000,3,0.000,3,0.000,3,0.000,3,,,0,3,2,3,64,1,6,1,7,1,16,1,28,1,16,1,18,1,20,1,60,1,6,1,2,1,12,1,17,1,40,1,65,1,10,1,25,1,16,1
220,5012,5,Quả chín,Dưa hồng,DƯA HỒNG,Honey dew melon,16.0,242,95.0,1,17,,72,,0.3,1,0.1,3,3.7,1,0.4,1,0.5,1,8.12,3,0,3,0,3,0,3,2.96,3,2.68,3,2.48,3,27,1,0.40,1,10,3,0.030,3,12,1,228,3,18,3,0.09,3,24,3,0.7,3,7,1,0.02,1,0.02,1,0.5,1,0.155,3,0.088,3,19,3,0,3,,,0,3,0,1,,,0.02,3,2.9,3,30,3,0,3,0,3,0,3,27,3,,,,,,,,,,,0.040,3,0.030,3,0.000,3,0.000,3,0.000,3,0.000,3,0.000,3,0.000,3,0.000,3,0.000,3,0.000,3,0.060,3,0.030,3,0.030,3,0.000,3,0.000,3,0.000,3,,,0,3,,,18,3,5,3,5,3,15,3,13,3,18,3,16,3,13,3,14,3,5,3,5,3,10,3,44,3,88,3,153,3,16,3,12,3,23,3
221,5013,5,Quả chín,Dưa lê,DƯA LÊ,:,18.0,243,93.3,1,18,,77,,0.4,1,0.0,1,4.2,1,0.5,1,1.6,1,,,,,,,,,,,,,,,11,1,0.60,1,,,,,21,1,,,,,,,,,,,,,,,,,,,,,,,,,,,,,,,0,1,,,,,,,,,,,,,,,,,,,,,,,,,,,,,,,,,,,,,,,,,,,,,,,,,,,,,,,,,,,,,,,0,1,,,,,,,,,,,,,,,,,,,,,,,,,,,,,,,,,,,,,,
222,5014,5,Quả chín,Dứa ta,DỨA TA,"Pineapple, wild",40.0,244,91.5,1,29,,122,,0.8,1,,,6.5,1,0.8,1,0.4,1,,,,,,,,,,,,,,,15,1,0.50,1,22,1,0.120,1,17,1,157,1,24,1,0.25,1,320,1,0.5,1,24,1,0.08,1,0.02,1,0.2,1,,,,,,,,,,,,,0,1,,,,,,,40,3,,,,,,,,,,,,,,,,,,,,,,,,,,,,,,,,,,,,,,,,,,,,,,,,,,,,,,,0,1,,,,,,,,,,,,,,,,,,,,,,,,,,,,,,,,,,,,,,
223,5015,5,Quả chín,Dứa tây,DỨA TÂY,Pineapple,40.0,245,89.7,1,38,,160,,0.5,1,0.1,3,8.8,1,0.4,1,0.5,1,9.26,3,0,3,0,3,0,3,2.05,3,1.74,3,5.47,3,32,1,0.30,1,12,3,1.180,3,11,1,115,3,1,3,0.10,3,99,3,0.1,3,26,1,0.08,1,0.03,1,0.2,1,0.205,3,0.11,3,15,3,0,3,,,0,3,0,1,,,0.02,3,0.7,3,34,3,0,3,0,3,0,3,0,3,19,4,,,,,,,,,0.010,3,0.010,3,0.000,3,0.000,3,0.000,3,0.000,3,0.000,3,0.010,3,0.000,3,0.000,3,0.010,3,0.040,3,0.020,3,0.020,3,0.000,3,0.000,3,0.000,3,,,0,3,6,3,24,3,12,3,5,3,21,3,19,3,24,3,24,3,19,3,19,3,10,3,14,3,19,3,33,3,121,3,79,3,24,3,17,3,35,3
224,5016,5,Quả chín,Đào,ĐÀO,Peach,12.0,246,90.5,1,31,,128,,0.9,1,0.2,1,6.3,1,1.5,1,0.6,1,8.39,3,0.06,3,0.08,3,0,3,1.53,3,1.95,3,4.76,3,20,1,0.45,1,9,3,0.060,3,34,1,190,3,0,3,0.17,3,68,3,0.1,3,10,1,0.02,1,0.05,1,0.9,1,0.153,3,0.025,3,4,3,0,3,0.2,5,0,3,0,1,,,0.73,3,2.6,3,162,3,0,3,67,3,0,3,91,3,21,4,,,,,,,,,0.020,3,0.020,3,0.000,3,0.000,3,0.000,3,0.000,3,0.000,3,0.070,3,0.000,3,0.000,3,0.070,3,0.090,3,0.080,3,0.000,3,0.000,3,0.000,3,0.000,3,,,0,3,10,1,48,1,50,1,6,1,29,1,44,1,64,1,46,1,21,1,27,1,27,1,14,1,33,1,64,1,148,1,229,1,25,1,44,1,54,1
225,5017,5,Quả chín,Đu đủ chín,ĐU ĐỦ CHÍN,"Papaya, ripe",12.4,247,90.1,1,36,,149,,1.0,1,0.1,3,7.6,1,0.6,1,0.6,1,5.9,3,,,,,,,,,,,,,40,1,2.60,1,8,1,0.840,1,32,1,221,1,4,1,0.10,1,40,1,0.6,3,54,1,0.02,1,0.02,1,0.4,1,0.218,3,0.019,3,38,3,0,3,,,0,3,0,1,,,0.73,3,2.6,3,276,3,0,3,761,3,0,3,75,3,,,,,,,,,,,0.040,3,0.030,3,0.000,3,0.000,3,0.000,3,0.000,3,0.000,3,0.040,3,0.000,3,0.020,3,0.020,3,0.030,3,0.010,3,0.030,3,0.000,3,0.000,3,0.000,3,,,0,3,,,25,3,2,3,8,3,9,3,11,3,10,3,16,3,8,3,10,3,5,3,,,5,3,14,3,49,3,33,3,18,3,10,3,15,3
226,5018,5,Quả chín,Gioi,GIOI,Ohia; Malaya roseapple,19.0,248,93.0,1,16,,65,,0.4,1,0.3,3,3.2,1,2.9,1,0.2,1,,,,,,,,,,,,,,,12,1,0.50,1,5,3,0.030,3,6,1,123,3,0,3,0.06,3,16,3,,,30,1,0.03,1,0.02,1,0.2,1,,,,,,,,,,,0,3,0,1,,,,,,,,,,,,,,,,,,,,,,,,,,,,,,,,,,,,,,,,,,,,,,,,,,,,,,,,,,,,,,,0,1,,,,,,,,,,,,,,,,,,,,,,,,,,,,,,,,,,,,,,
227,5019,5,Quả chín,Hồng bì,HỒNG BÌ,"Wampee, Chinese; Wampi",46.0,249,88.2,1,34,,144,,1.4,1,,,7.2,1,2.4,1,0.8,1,,,,,,,,,,,,,,,48,1,0.40,1,,,,,9,1,,,,,,,,,,,24,1,0.02,1,0.11,1,3.3,1,,,,,,,,,,,,,0,1,,,,,,,,,,,,,,,,,,,,,,,,,,,,,,,,,,,,,,,,,,,,,,,,,,,,,,,,,,,,,,,0,1,,,,,,,,,,,,,,,,,,,,,,,,,,,,,,,,,,,,,,
228,5020,5,Quả chín,Hồng đỏ,HỒNG ĐỎ,"Persimmon kaki, soft type, ripe",8.8,250,90.0,1,29,,119,,0.7,1,0.2,3,6.0,1,2.5,1,0.6,1,12.53,3,,,,,,,5.56,3,5.44,3,1.54,3,10,1,0.20,1,9,3,1.120,1,19,1,214,1,4,1,0.19,1,100,1,0.6,3,16,1,0.01,1,0.02,1,0.2,1,,,0.1,3,8,3,0,3,,,0,3,0,1,,,0.73,3,2.6,3,253,3,,,1447,3,158,3,834,3,,,,,,,,,,,0.020,3,0.020,3,0.000,3,0.000,3,0.000,3,0.000,3,0.000,3,0.040,3,0.000,3,0.000,3,0.040,3,0.040,3,0.040,3,0.000,3,0.000,3,0.000,3,0.000,3,,,0,3,4,3,32,1,6,1,11,1,29,1,38,1,29,1,40,1,28,1,36,1,13,1,14,1,15,1,22,1,52,1,110,1,21,1,19,1,22,1
229,5021,5,Quả chín,Hồng ngâm,HỒNG NGÂM,"Persimmon kaki, Hard-type, ripe",17.7,251,87.5,1,38,,159,,0.9,1,,,8.6,1,2.5,1,0.5,1,,,,,,,,,,,,,,,10,1,0.20,1,,,1.220,1,19,1,217,1,3,1,0.22,1,100,1,,,16,1,0.01,1,0.02,1,0.2,1,,,,,,,,,,,,,0,1,,,,,,,1615,3,,,,,,,,,,,,,,,,,,,,,,,,,,,,,,,,,,,,,,,,,,,,,,,,,,,,,,,0,1,,,32,1,6,1,11,1,29,1,38,1,29,1,40,1,28,1,36,1,13,1,14,1,15,1,22,1,52,1,110,1,21,1,19,1,22,1
230,5022,5,Quả chín,Hồng xiêm,HỒNG XIÊM,"Sapodilla, sapota ponderosa",10.0,252,85.7,1,48,,202,,0.5,1,0.7,1,10.0,1,2.5,1,0.6,1,,,,,,,,,,,,,,,52,1,2.30,1,12,3,,3,24,1,193,3,12,3,0.10,3,86,3,0.6,3,8,1,0.00,3,0.02,3,0.2,1,0.252,3,0.037,3,14,3,0,3,,,0,3,0,1,,,,,,,,,,,,,,,,,,,,,,,,,,,0.190,3,0.100,3,0.000,3,0.090,3,0.000,3,0.000,3,0.000,3,0.000,3,0.000,3,0.520,3,0.000,3,0.010,3,0.010,3,0.000,3,0.000,3,0.000,3,0.000,3,,,0,3,,,39,3,3,3,5,3,13,3,12,3,16,3,24,3,15,3,17,3,16,3,,,14,3,14,3,32,3,38,3,17,3,36,3,18,3
231,5023,5,Quả chín,Lê,LÊ,Pear,12.0,253,87.8,1,45,,190,,0.7,1,0.2,1,10.2,1,0.6,1,0.5,1,9.8,3,0,3,0.01,3,0.01,3,6.23,3,2.76,3,0.78,3,19,1,2.30,1,7,3,0.050,1,16,1,88,1,5,1,0.13,1,140,1,0.1,3,4,1,0.02,1,0.04,1,0.1,1,0.048,3,0.028,3,7,3,0,3,0.1,5,0,3,0,1,,,0.12,3,4.5,3,27,3,6,3,,,,,,,12,4,,,,,,,,,0.010,3,0.010,3,0.000,3,0.000,3,0.000,3,0.000,3,0.000,3,0.030,3,0.000,3,0.000,3,0.030,3,0.030,3,0.030,3,0.000,3,0.000,3,0.000,3,0.000,3,,,0,3,8,3,37,1,8,1,8,1,46,1,42,1,37,1,50,1,37,1,32,1,4,1,4,1,18,1,21,1,210,1,40,1,12,1,10,1,24,1
232,5024,5,Quả chín,Lựu,LỰU,Pome granate,85.0,254,79.6,1,70,,292,,0.6,1,0.3,3,16.2,1,2.5,1,0.8,1,16.57,3,,,,,,,,,,,,,13,1,0.70,1,3,3,,,23,1,259,3,3,3,0.12,3,70,3,0.6,3,6,1,0.07,1,0.01,1,0.3,1,0.596,3,0.105,3,6,3,0,3,,,0,3,0,1,,,0.6,3,4.6,3,40,3,50,3,,,,,,,,,,,,,,,,,0.040,3,0.020,3,0.000,3,0.010,3,0.000,3,0.000,3,0.000,3,0.050,3,0.000,3,0.010,3,0.040,3,0.060,3,0.060,3,0.000,3,0.000,3,0.000,3,0.000,3,,,0,3,17,3,,,,,,,,,,,,,,,,,,,,,,,,,,,,,,,,,,,,
233,5025,5,Quả chín,Mãng cầu xiêm,MÃNG CẦU XIÊM,"Siamese custard apple, soursop",21.0,255,84.7,1,53,,222,,1.8,1,0.6,3,10.1,1,1.9,1,0.9,1,,,,,,,,,,,,,,,38,1,0.70,1,18,3,,,14,1,382,3,4,3,,,,,,,19,3,0.08,3,0.10,3,0.5,3,0.135,3,0.221,3,,,,,,,,,0,1,,,,,,,,,,,,,,,,,,,,,,,,,,,0.230,3,,,,,,,,,,,,,,,,,,,,,,,,,,,,,,,,,,,0,1,,,37,3,4,3,7,3,,,,,,,,,,,,,,,,,,,,,,,,,,,,,,
234,5026,5,Quả chín,Mắc coọc,MẮC COỌC,Pyrus pashia Ham,14.0,256,93.8,1,24,,99,,0.2,1,,,5.7,1,,,0.3,1,,,,,,,,,,,,,,,32,1,0.60,1,,,,,7,1,,,,,,,,,,,2,1,,,,,,,,,,,,,,,,,,,0,1,,,,,,,,,,,,,,,,,,,,,,,,,,,,,,,,,,,,,,,,,,,,,,,,,,,,,,,,,,,,,,,0,1,,,,,,,,,,,,,,,,,,,,,,,,,,,,,,,,,,,,,,
235,5027,5,Quả chín,Mận,MẬN,"dapanese, plum",15.0,257,94.1,1,20,,83,,0.6,1,0.2,1,3.9,1,0.7,1,0.5,1,9.92,3,0.14,3,0.08,3,0,3,3.07,3,5.07,3,1.57,3,28,1,0.40,1,7,3,0.050,3,20,1,157,3,0,3,0.10,3,57,3,0,3,3,1,0.06,1,0.04,1,0.5,1,0.135,3,0.029,3,5,3,0,3,,,0,3,0,1,,,0.26,3,6.4,3,98,3,,,16,3,,,,,24,4,,,,,,,,,0.020,3,0.010,3,0.000,3,0.000,3,0.000,3,0.000,3,0.000,3,0.130,3,0.000,3,0.000,3,0.130,3,0.040,3,0.040,3,0.000,3,0.000,3,0.000,3,0.000,3,,,0,3,7,3,16,3,8,3,9,3,14,3,10,3,16,3,15,3,14,3,9,3,9,3,2,3,8,3,28,3,352,3,35,3,9,3,27,3,23,3
236,5028,5,Quả chín,Mít dai,MÍT DAI,"dackfruit, jackfruit mature",55.0,258,85.4,1,50,,207,,0.6,1,0.3,3,11.1,1,1.2,1,1.4,1,,,,,,,,,,,,,,,21,1,0.40,1,37,3,0.150,1,28,1,368,1,3,1,0.67,1,120,1,0.6,3,5,1,0.09,1,0.04,1,0.7,1,,,0.108,3,14,3,0,3,,,0,3,0,1,,,,,,,180,3,,,,,,,,,,,,,,,,,,,0.060,3,0.040,3,0.000,3,0.020,3,0.000,3,0.000,3,0.000,3,0.040,3,0.000,3,0.000,3,0.040,3,0.090,3,0.060,3,0.020,3,0.000,3,0.000,3,0.000,3,,,0,3,,,,,,,,,,,,,,,,,,,,,,,,,,,,,,,,,,,,,,
237,5029,5,Quả chín,Mít khô,MÍT KHÔ,Dried jackfruit,0.0,259,26.0,1,280,,1170,,2.9,1,,,67.0,1,1.5,1,2.6,1,,,,,,,,,,,,,,,,,,,,,,,,,,,,,,,,,,,,,,,,,,,,,,,,,,,,,,,0,1,,,,,,,,,,,,,,,,,,,,,,,,,,,,,,,,,,,,,,,,,,,,,,,,,,,,,,,,,,,,,,,0,1,,,,,,,,,,,,,,,,,,,,,,,,,,,,,,,,,,,,,,
238,5030,5,Quả chín,Mít mật,MÍT MẬT,"daœk fruit, honey",55.0,260,82.2,1,62,,259,,1.5,1,,,14.0,1,1.2,1,1.1,1,,,,,,,,,,,,,,,21,1,0.40,1,,,,,28,1,,,,,,,,,,,5,1,0.09,1,0.04,1,0.7,1,,,,,,,,,,,,,0,1,,,,,,,80,3,,,,,,,,,,,,,,,,,,,,,,,,,,,,,,,,,,,,,,,,,,,,,,,,,,,,,,,0,1,,,,,,,,,,,,,,,,,,,,,,,,,,,,,,,,,,,,,,
239,5031,5,Quả chín,Mơ,MƠ,"Apricot, Apricot nectar",14.0,261,87.1,1,48,,199,,0.9,1,0.4,3,10.1,1,0.8,1,0.7,1,9.24,3,0,3,0.06,3,0,3,0.94,3,2.37,3,5.87,3,28,1,2.10,1,10,3,0.080,3,26,1,259,3,1,3,0.20,3,78,3,0.1,3,7,1,0.04,1,0.06,1,0.7,1,0.24,3,0.054,3,9,3,0,3,,,0,3,0,1,,,0.89,3,3.3,3,2554,3,0,3,0,3,5,3,0,3,,,,,,,,,,,0.030,3,0.020,3,0.000,3,0.000,3,0.000,3,0.000,3,0.000,3,0.170,3,0.000,3,0.000,3,0.170,3,0.080,3,0.080,3,0.000,3,0.000,3,0.000,3,0.000,3,,,0,3,18,3,20,1,4,1,2,1,11,1,14,1,15,1,20,1,12,1,9,1,11,1,6,1,9,1,24,1,148,1,42,1,12,1,19,1,20,1
240,5032,5,Quả chín,Mơ khô,MƠ KHÔ,"Apricot dried, unsulfured",0.0,262,25.9,1,273,,1143,,3.0,1,1.1,1,62.8,1,4.1,1,3.1,1,53.44,3,0,3,0,3,0,3,12.47,3,33.08,3,7.89,3,62,1,4.50,1,32,3,0.240,3,106,1,1162,3,10,3,0.39,3,343,3,2.2,3,5,1,0.08,1,0.09,1,1.6,1,0.516,3,0.143,3,10,3,0,3,,,0,3,0,1,,,4.33,3,3.1,3,2163,3,0,3,0,3,0,3,0,3,73,4,,,,,,,,,0.020,3,0.020,3,0.000,3,0.000,3,0.000,3,0.000,3,0.000,3,0.070,3,0.000,3,0.000,3,0.070,3,0.070,3,0.070,3,0.000,3,0.000,3,0.000,3,0.000,3,,,0,3,,,83,3,15,3,16,3,62,3,73,3,78,3,105,3,63,3,66,3,47,3,19,3,39,3,110,3,937,3,188,3,70,3,821,3,87,3
241,5033,5,Quả chín,"Muỗm, quéo","MUỖM, QUÉO","Mango, common; lndian mango, unripe",20.0,263,82.9,1,67,,281,,0.6,1,0.4,1,15.3,1,0.4,1,0.4,1,,,,,,,,,,,,,,,4,1,0.20,1,,,,,4,1,,,,,,,,,,,60,1,0.06,1,0.06,1,0.9,1,,,,,,,,,,,,,0,1,,,,,,,1905,3,,,,,,,,,,,,,,,,,,,,,,,,,,,,,,,,,,,,,,,,,,,,,,,,,,,,,,,0,1,,,,,,,,,,,,,,,,,,,,,,,,,,,,,,,,,,,,,,
242,5034,5,Quả chín,Na,NA,"Sugarapple, sweetsop",44.4,264,82.5,1,66,,276,,1.6,1,0.3,3,14.2,1,0.8,1,0.6,1,,,,,,,,,,,,,,,35,1,0.60,1,21,3,0.170,1,45,1,260,1,22,1,0.21,1,200,1,0.6,3,36,1,0.11,1,0.10,1,0.8,1,0.226,3,0.2,3,14,3,0,3,,,0,3,0,1,,,,,,,0,3,,,,,,,,,,,,,,,,,,,0.050,3,0.030,3,0.000,3,0.020,3,0.000,3,0.000,3,0.000,3,0.110,3,0.000,3,0.000,3,0.110,3,0.040,3,0.040,3,0.000,3,0.000,3,0.000,3,0.000,3,,,0,3,,,55,3,7,3,10,3,,,,,,,,,,,,,,,,,,,,,,,,,,,,,,
243,5035,5,Quả chín,Nhãn,NHÃN,Longan,45.0,265,86.3,1,48,,201,,0.9,1,0.1,3,10.9,1,1.0,1,0.8,1,,,,,,,,,,,,,,,21,1,0.40,1,10,3,0.100,1,12,1,257,1,26,1,0.29,1,150,1,,,58,1,0.03,1,0.14,1,0.3,1,,,,,,,,,,,,,0,1,,,,,,,0,3,,,,,,,,,,,,,,,,,,,,,,,,,,,,,,,,,,,,,,,,,,,,,,,,,,,,,,,0,1,,,46,3,13,3,,,30,3,34,3,58,3,54,3,26,3,35,3,12,3,,,25,3,157,3,126,3,209,3,42,3,42,3,48,3
244,5036,5,Quả chín,Nhãn khô,NHÃN KHÔ,"Longan, dried",0.0,266,25.0,1,285,,1194,,4.3,1,0.5,1,65.9,1,1.7,1,2.6,1,,,,,,,,,,,,,,,32,1,4.40,1,46,3,0.250,3,117,1,658,3,48,3,0.22,3,807,3,,,34,1,0.02,1,0.50,1,1.0,1,,,,,,,,,,,,,0,1,,,,,,,0,3,,,,,,,,,,,,,,,,,,,,,,,,,,,,,,,,,,,,,,,,,,,,,,,,,,,,,,,0,1,,,172,3,49,3,,,112,3,128,3,217,3,202,3,97,3,131,3,45,3,,,94,3,585,3,469,3,780,3,158,3,158,3,180,3
245,5037,5,Quả chín,Nho ngọt,NHO NGỌT,"Grape, European, sweet",1.9,267,82.1,1,68,,286,,0.4,1,0.2,3,16.3,1,0.6,1,0.4,1,15.48,3,0,3,0,3,0,3,8.13,3,7.2,3,0.15,3,17,1,0.60,1,7,3,0.070,3,22,1,191,3,2,3,0.07,3,127,3,0.1,3,3,1,0.06,1,0.04,1,0.2,1,0.05,3,0.086,3,2,3,0,3,0.3,5,0,3,0,1,,,0.19,3,14.6,3,39,3,1,3,0,3,0,3,72,3,27,4,,,,,,,,,0.050,3,0.050,3,0.000,3,0.010,3,0.000,3,0.000,3,0.000,3,0.010,3,0.000,3,0.000,3,0.010,3,0.050,3,0.040,3,0.010,3,0.000,3,0.000,3,0.000,3,,,0,3,,,11,1,17,1,2,1,10,1,14,1,14,1,10,1,4,1,37,1,18,1,8,1,9,1,21,1,60,1,104,1,15,1,17,1,24,1
246,5038,5,Quả chín,Nho ta (nho chua),NHO TA (NHO CHUA),"Grape fruit, sour",13.0,268,93.6,1,14,,59,,0.4,1,,,3.1,1,2.4,1,0.5,1,,,,,,,,,,,,,,,40,1,1.40,1,15,1,0.070,1,21,1,120,1,11,1,0.17,1,160,1,,,45,1,0.05,1,0.04,1,0.3,1,,,,,,,,,,,,,0,1,,,,,,,15,3,,,,,,,,,,,,,,,,,,,,,,,,,,,,,,,,,,,,,,,,,,,,,,,,,,,,,,,0,1,,,,,,,,,,,,,,,,,,,,,,,,,,,,,,,,,,,,,,
247,5039,5,Quả chín,Nhót,NHÓT,Silver berry,24.0,269,94.0,1,13,,55,,1.2,1,,,2.1,1,2.3,1,0.4,1,,,,,,,,,,,,,,,27,1,0.20,1,,,,,30,1,,,,,,,,,,,,,,,,,,,,,,,,,,,,,,,0,1,,,,,,,,,,,,,,,,,,,,,,,,,,,,,,,,,,,,,,,,,,,,,,,,,,,,,,,,,,,,,,,0,1,,,,,,,,,,,,,,,,,,,,,,,,,,,,,,,,,,,,,,
248,5040,5,Quả chín,Ối,ối,"Guava, common",5.0,270,85.0,1,38,,159,,0.6,1,1.0,3,6.8,1,6.0,1,0.7,1,8.92,3,,,,,,,,,,,,,10,1,1.30,1,22,3,0.150,3,16,1,291,1,4,1,2.40,1,20,1,0.6,3,62,1,0.05,1,0.04,1,1.1,1,0.451,3,0.11,3,49,3,0,3,,,0,3,0,1,,,0.73,3,2.6,3,374,3,0,3,0,3,5204,3,0,3,,,,,,,,,,,0.270,3,0.230,3,0.000,3,0.030,3,0.000,3,0.000,3,0.000,3,0.090,3,0.000,3,0.010,3,0.080,3,0.400,3,0.290,3,0.110,3,0.000,3,0.000,3,0.000,3,,,0,3,,,72,3,16,3,22,3,6,3,96,3,87,3,171,3,93,3,,,22,3,,,31,3,128,3,162,3,333,3,128,3,78,3,75,3
249,5041,5,Quả chín,Quả bơ vỏ tím,QUẢ BƠ VỎ TÍM,"Avocado, purple",27.0,271,88.3,1,74,,310,,1.8,1,6.2,1,2.8,1,0.4,1,0.5,1,,,,,,,,,,,,,,,49,1,1.40,1,,,,,69,1,,,,,,,,,,,,,,,,,,,,,,,,,,,,,,,0,1,,,,,,,,,,,,,,,,,,,,,,,,,,,,,,,,,,,,,,,,,,,,,,,,,,,,,,,,,,,,,,,0,1,,,,,,,,,,,,,,,,,,,,,,,,,,,,,,,,,,,,,,
250,5042,5,Quả chín,Quả bơ vỏ xanh,QUẢ BƠ VỎ XANH,"Avocado, green",28.0,272,85.4,1,101,,424,,1.9,1,9.4,1,2.3,1,0.5,1,0.5,1,2.42,3,,,0,3,0,3,0.25,3,2.17,3,0,3,60,1,1.60,1,24,3,0.100,3,85,1,351,3,2,3,0.40,3,311,3,,,17,1,0.02,1,0.05,1,0.7,1,0.931,3,0.078,3,35,3,0,3,3.2,5,0,3,0,1,,,2.66,3,,,53,3,27,3,36,3,0,3,0,3,,,,,,,,,,,1.960,3,1.910,3,0.000,3,0.060,3,0.000,3,0.000,3,0.000,3,5.510,3,0.000,3,0.830,3,4.690,3,1.680,3,1.580,3,0.100,3,0.000,3,0.000,3,0.000,3,,,0,3,,,147,3,42,3,28,3,260,3,82,3,120,3,160,3,94,3,99,3,55,3,31,3,54,3,121,3,264,3,321,3,116,3,110,3,128,3
251,5043,5,Quả chín,Quả cóc,QUẢ cóc,-,25.0,273,83.9,1,58,,244,,1.8,1,,,12.8,1,0.9,1,0.6,1,,,,,,,,,,,,,,,38,1,1.60,1,,,,,24,1,,,,,,,,,,,,,,,,,,,,,,,,,,,,,,,0,1,,,,,,,,,,,,,,,,,,,,,,,,,,,,,,,,,,,,,,,,,,,,,,,,,,,,,,,,,,,,,,,0,1,,,,,,,,,,,,,,,,,,,,,,,,,,,,,,,,,,,,,,
252,5044,5,Quả chín,Quả thanh long,QUẢ THANH LONG,Dragon's eyes fruit,-,274,87.6,1,40,,167,,1.3,1,,,8.7,1,1.8,1,0.6,1,,,,,,,,,,,,,,,11,1,0.60,1,,,,,11,1,,,,,,,,,,,10,1,,,,,,,,,,,,,,,,,,,0,1,,,,,,,,,,,,,,,,,,,,,,,,,,,,,,,,,,,,,,,,,,,,,,,,,,,,,,,,,,,,,,,1,,,,,,,,,,,,,,,,,,,,,,,,,,,,,,,,,,,,,,,
253,5045,5,Quả chín,Quả trứng gà,QUẢ TRỨNG GÀ,-,25.0,275,73.4,1,106,,444,,4.3,1,0.4,1,21.3,1,,,0.6,1,,,,,,,,,,,,,,,101,1,,,,,,,270,1,,,,,,,,,,,,,,,,,,,,,,,,,,,,,,,0,1,,,,,,,,,,,,,,,,,,,,,,,,,,,,,,,,,,,,,,,,,,,,,,,,,,,,,,,,,,,,,,,0,1,,,,,,,,,,,,,,,,,,,,,,,,,,,,,,,,,,,,,,
254,5046,5,Quả chín,Quất chín (cá vỏ),QUẤT CHÍN (CÁ VỎ),"Mandarin, whole fruit",4.0,276,89.0,1,26,,107,,0.9,1,,,5.5,1,4.1,1,0.5,1,,,,,,,,,,,,,,,124,1,0.30,1,,,,,42,1,,,,,,,,,,,43,1,0.10,1,0.02,1,0.2,1,,,,,,,,,,,,,0,1,,,,,,,100,3,,,,,,,,,,,,,,,,,,,,,,,,,,,,,,,,,,,,,,,,,,,,,,,,,,,,,,,0,1,,,,,,,,,,,,,,,,,,,,,,,,,,,,,,,,,,,,,,
255,5047,5,Quả chín,Quít,QUÍT,Tangerine; Orange; Mandarin,19.8,277,89.5,1,39,,164,,0.8,1,0.3,3,8.3,1,0.6,1,0.5,1,10.58,3,0,3,0,3,0,3,2.4,3,2.13,3,6.05,3,35,1,0.40,1,10,1,0.080,1,17,1,111,1,4,1,0.20,1,100,1,0.4,1,55,1,0.08,1,0.03,1,0.2,1,0.216,3,0.078,3,16,3,0,3,0.8,5,0,3,0,1,,,0.2,3,0,3,71,3,14,3,485,3,0,3,243,3,,,,,,,,,,,0.040,3,0.040,3,0.000,3,0.000,3,0.000,3,0.000,3,0.000,3,0.060,3,0.000,3,0.010,3,0.050,3,0.070,3,0.050,3,0.020,3,0.000,3,0.000,3,0.000,3,,,0,3,,,32,3,2,3,2,3,18,3,16,3,21,3,28,3,17,3,68,3,11,3,2,3,15,3,28,3,129,3,61,3,19,3,74,3,33,3
256,5048,5,Quả chín,Sầu riêng,SẦU RIÊNG,"Durian, Civet",75.0,278,66.8,1,132,,552,,2.5,1,1.6,1,26.9,1,1.4,1,0.8,1,,,,,,,,,,,,,,,20,1,0.90,1,33,1,0.330,3,63,1,601,1,1,1,0.28,3,0,3,,,37,1,0.27,1,0.29,1,1.2,1,0.23,3,0.316,3,36,3,,,,,0,,0,1,,,,,,,23,3,6,3,0,3,0,3,0,3,,,,,,,,,,,,,,,,,,,,,,,,,,,,,,,,,,,,,,,,,,,,,,,0,1,,,,,,,,,,,,,,,,,,,,,,,,,,,,,,,,,,,,,,
257,5049,5,Quả chín,Sấu chín,SẤU CHÍN,"Sanpidus, ripe",24.0,279,87.0,1,38,,159,,1.3,1,,,8.2,1,2.7,1,0.8,1,,,,,,,,,,,,,,,100,1,,,,,,,44,1,,,,,,,,,,,3,1,,,,,,,,,,,,,,,,,,,0,1,,,,,,,,,,,,,,,,,,,,,,,,,,,,,,,,,,,,,,,,,,,,,,,,,,,,,,,,,,,,,,,0,1,,,,,,,,,,,,,,,,,,,,,,,,,,,,,,,,,,,,,,
258,5050,5,Quả chín,Táo ta,TÁO TA,"dujube, common or Chinese; Chinese date",14.0,280,89.5,1,38,,160,,0.8,1,0.2,3,8.3,1,0.7,1,0.5,1,,,,,,,,,,,,,,,44,1,0.20,1,10,3,0.080,3,25,1,250,3,3,3,0.05,3,73,3,,,24,1,0.06,1,0.04,1,0.6,1,,,0.081,3,,,,,,,,,0,1,,,,,,,5,3,,,,,,,,,,,,,,,,,,,,,,,,,,,,,,,,,,,,,,,,,,,,,,,,,,,,,,,0,1,,,,,,,,,,,,,,,,,,,,,,,,,,,,,,,,,,,,,,
259,5051,5,Quả chín,Táo tây,TÁO TÂY,"Apple, common, domestic",12.0,281,87.2,1,48,,199,,0.5,1,0.2,3,11.0,1,0.6,1,0.5,1,10.39,3,0,3,0,3,0,3,5.9,3,2.43,3,2,3,19,1,2.50,1,3,1,0.060,1,13,1,102,1,15,1,0.20,1,100,1,0.2,1,7,1,0.04,1,0.03,1,0.2,1,0.061,3,0.041,3,3,3,0,3,0.3,5,0,3,0,1,,,0.18,3,2.2,3,27,3,0,3,11,3,0,3,29,3,14,4,,,,,,,,,0.030,3,0.020,3,0.000,3,0.000,3,0.000,3,0.000,3,0.000,3,0.010,3,0.000,3,0.000,3,0.010,3,0.050,3,0.040,3,0.010,3,0.000,3,0.000,3,0.000,3,,,0,3,12,3,36,1,5,1,6,1,15,1,22,1,24,1,37,1,21,1,16,1,12,1,8,1,9,1,27,1,125,1,67,1,23,1,19,1,26,1
260,5052,5,Quả chín,Vải,VẢI,Litchi; lychee,48.0,282,87.8,1,45,,188,,0.7,1,0.4,3,9.6,1,1.1,1,0.4,1,15.23,3,,,,,,,,,,,,,6,1,0.50,1,10,3,0.060,3,34,1,171,3,1,3,0.07,3,148,3,0.6,3,36,1,0.02,1,0.04,1,0.7,1,,,0.1,3,14,3,0,3,,,0,3,0,1,,,0.07,3,0.4,3,,,,,,,,,,,,,,,,,,,,,0.100,3,0.070,3,0.000,3,0.020,3,0.000,3,0.000,3,0.000,3,0.120,3,0.000,3,0.000,3,0.120,3,0.130,3,0.070,3,0.070,3,0.000,3,0.000,3,0.000,3,,,0,3,,,41,3,9,3,7,3,,,,,,,,,,,,,,,,,,,,,,,,,,,,,,
261,5053,5,Quả chín,Vải khô,VẢI KHÔ,"Litchi, dried with shells",44.0,283,34.9,1,260,,1086,,3.0,1,1.9,3,57.6,1,1.0,1,1.6,1,66.1,3,,,,,,,,,,,,,25,1,4.40,1,42,3,0.230,3,58,1,1110,3,3,3,0.28,3,631,3,1.3,3,183,1,0.01,1,0.57,1,3.1,1,,,0.09,3,12,3,0,3,,,0,3,0,1,,,0.31,3,1.6,3,0,3,,,,,,,,,,,,,,,,,,,0.270,3,0.190,3,0.000,3,0.070,3,0.000,3,0.000,3,0.000,3,0.330,3,0.000,3,0.000,3,0.320,3,0.360,3,0.180,3,0.180,3,0.000,3,0.000,3,0.000,3,,,0,3,,,,,,,,,,,,,,,,,,,,,,,,,,,,,,,,,,,,,,
262,5054,5,Quả chín,Vú sữa,VÚ SỮA,"Starapple, cainito",22.0,284,86.5,1,42,,174,,1.0,1,,,9.4,1,2.3,1,0.8,1,,,,,,,,,,,,,,,68,1,0.40,1,,,,,32,1,,,,,,,,,,,5,1,0.01,1,0.02,1,0.9,1,,,,,,,,,,,,,0,1,,,,,,,,,,,,,,,,,,,,,,,,,,,,,,,,,,,,,,,,,,,,,,,,,,,,,,,,,,,,,,,0,1,,,,,,,,,,,,,,,,,,,,,,,,,,,,,,,,,,,,,,
263,5055,5,Quả chín,Xoài chín,XOÀI CHÍN,"Mango, common; lndia mango, ripe",20.0,285,82.6,1,62,,257,,0.6,1,0.3,1,14.1,1,1.8,3,0.6,1,14.8,3,,,,,,,,,,,,,10,1,0.40,1,9,1,0.280,1,13,1,114,1,2,1,0.56,1,150,1,0.6,3,30,1,0.05,1,0.05,1,0.3,1,0.16,3,0.134,3,14,3,0,3,,,0,3,0,1,,,1.12,3,4.2,3,445,3,17,3,11,3,,,,,,,,,,,,,,,0.070,3,0.050,3,0.000,3,0.000,3,0.000,3,0.000,3,0.000,3,0.100,3,0.000,3,0.050,3,0.050,3,0.050,3,0.010,3,0.040,3,0.000,3,0.000,3,0.000,3,,,0,3,,,41,3,5,3,8,3,17,3,19,3,26,3,31,3,18,3,19,3,12,3,,,10,3,51,3,42,3,60,3,21,3,18,3,22,3
264,5056,5,Quả chín,Quả kiwi,QUẢ KIWI,Kiwi fruit,14.0,286,83.1,3,56,,234,,1.1,3,0.5,3,11.7,3,3.0,3,0.6,3,8.99,3,0.17,3,0.19,3,0,3,4.35,3,4.11,3,0.15,3,34,3,0.31,3,17,3,0.100,3,34,3,312,3,3,3,0.14,3,130,3,0.2,3,93,3,0.03,3,0.03,3,0.3,3,0.183,3,0.063,3,25,3,0,3,,,0,3,0,3,,,1.46,3,40.3,3,52,3,0,3,0,3,0,3,122,3,,,,,,,,,,,0.030,3,0.020,3,0.000,3,0.010,3,0.000,3,0.000,3,0.000,3,0.050,3,0.000,3,0.000,3,0.050,3,0.290,3,0.250,3,0.040,3,0.000,3,0.000,3,0.000,3,,,0,1,,,61,3,24,3,15,3,44,3,47,3,57,3,66,3,51,3,81,3,27,3,31,3,34,3,53,3,126,3,184,3,60,3,44,3,53,3
265,6001,6,"Dầu, mỡ, bơ",Bơ,BƠ,"Butter, unsalted",0.0,289,15.4,1,756,,3161,,0.5,1,83.5,1,0.5,1,0.0,1,0.1,1,,,,,,,,,,,,,,,12,1,0.10,1,2,3,0.000,3,12,1,24,3,11,3,0.09,3,16,3,1,3,0,1,0.01,1,0.04,1,0.0,1,0.11,3,0.003,3,3,3,0,3,,,0,3,600,1,,,2.32,3,7,3,158,3,0,3,0,3,0,3,0,3,,,0,3,0,3,0,3,0,3,51.370,3,21.700,3,0.560,3,10.000,3,0.140,3,0.000,3,0.000,3,21.020,3,0.000,3,0.960,3,16.980,3,3.040,3,2.170,3,0.320,3,0.000,3,0.000,3,0.000,3,2.982,3,270,1,4,3,,,,,,,,,,,,,,,,,,,,,,,,,,,,,,,,,,,,
266,6002,6,"Dầu, mỡ, bơ","Dầu thảo mộc (lạc, vững, cám...)","DẦU THẢO MỘC (LẠC, VỮNG, CÁM...)","Vegetable oil, mix",0.0,290,0.3,1,897,,3754,,0.0,1,99.7,1,0.0,1,0.0,1,0.0,1,0,3,0,3,0,3,0,3,0,3,0,3,0,3,,,,,,,,,,,,,,,,,,,,,0,1,,,,,,,,,,,,,,,,,,,,,,,,,,,0,3,0,3,0,3,0,3,0,3,0,4,0,3,0,3,0,3,0,3,,,,,,,,,,,,,,,,,,,,,,,,,,,,,,,,,,,,,,,,,0,1,0,1,0,1,0,1,0,1,0,1,0,1,0,1,0,1,0,1,0,1,0,1,0,1,0,1,0,1,0,1,0,1,0,1
267,6003,6,"Dầu, mỡ, bơ",Mỡ lợn muối,MỠ LỢN MUỐI,"Lard, salted",0.0,291,3.0,1,827,,3460,,2.0,1,91.0,1,0.0,1,0.0,1,4.0,1,0,3,0,3,0,3,0,3,0,3,0,3,0,3,,,,,,,,,,,,,,,,,,,,,0,1,,,,,,,,,,,,,,,,,,,,,,,,,,,0,3,0,3,0,3,0,3,0,3,0,4,0,3,0,3,0,3,0,3,,,,,,,,,,,,,,,,,,,,,,,,,,,,,,,,,,,,,,,,,,,,,,,,,,,,,,,,,,,,,,,,,,,,,,,,,,,,
268,6004,6,"Dầu, mỡ, bơ",Mỡ lợn nước,MỠ LỢN NƯỚC,"Lard, liquid",0.0,292,0.4,1,896,,3751,,0.0,1,99.6,1,0.0,1,0.0,1,0.0,1,0,3,0,3,0,3,0,3,0,3,0,3,0,3,2,1,0.30,1,,,,,12,1,,,,,,,,,,,0,1,0.02,1,,,,,,,,,,,,,,,,,,,,,,,,,0,3,0,3,0,3,0,3,0,3,0,4,0,3,0,3,0,3,0,3,39.100,3,23.800,3,0.000,3,13.500,3,0.000,3,0.000,3,0.000,3,45.100,3,0.000,3,2.700,3,41.200,3,11.200,3,10.200,3,1.000,3,0.000,3,0.000,3,0.000,3,,,95,1,,,,,,,,,,,,,,,,,,,,,,,,,,,,,,,,,,,,,,
269,6005,6,"Dầu, mỡ, bơ",Bơ thực vật,BƠ THỰC VẬT,"Butter-margarine blend, stick, unsalted",0.0,293,18.5,3,729,,3049,,0.5,3,80.7,3,0.1,3,0.0,3,0.2,3,,,,,,,,,,,,,,,17,3,,3,2,3,0.000,3,13,3,25,3,2,3,0.02,3,0,3,0,3,0,3,0.01,3,0.02,3,0.0,3,0.049,3,0.005,3,1,3,0,3,,,0.06,3,768,3,,,12.8,3,93,3,610,3,0,3,0,3,0,3,0,3,0,4,,,,,,,,,15.000,3,9.500,3,0.000,3,5.000,3,0.000,3,0.000,3,0.000,3,36.700,3,0.000,3,0.000,3,36.700,3,25.000,3,24.700,3,0.300,3,0.000,3,0.000,3,0.000,3,,,0,1,265,3,39,3,12,3,7,3,24,3,22,3,33,3,49,3,30,3,18,3,13,3,5,3,24,3,17,3,38,3,104,3,11,3,48,3,27,3
270,6006,6,"Dầu, mỡ, bơ",Dầu bông,DẦU BÔNG,"Cottonseed oil, salad or cooking",0.0,294,0.0,3,900,,3766,,0.0,3,100.0,3,0.0,3,0.0,3,0.0,3,0,3,0,3,0,3,0,3,0,3,0,3,0,3,,,,,,,,,,,,,,,,,,,,,,,,,,,,,,,,,,,,,,,,,,,,,35.3,3,24.7,3,0,3,0,3,0,3,0,3,0,3,0,4,0,3,0,3,0,3,0,3,25.900,3,22.700,3,0.000,3,2.300,3,0.000,3,0.000,3,0.000,3,17.800,3,0.000,3,0.800,3,17.000,3,51.900,3,51.500,3,0.200,3,0.000,3,0.000,3,0.000,3,,,0,1,324,3,0,3,0,3,0,3,0,3,0,3,0,3,0,3,0,3,0,3,0,3,0,3,0,3,0,3,0,3,0,3,0,3,0,3,0,3
271,6007,6,"Dầu, mỡ, bơ",Dầu cám gạo,DẦU CÁM GẠO,Rice bran oil,0.0,295,0.0,3,900,,3766,,0.0,3,100.0,3,0.0,3,0.0,3,0.0,3,0,3,0,3,0,3,0,3,0,3,0,3,0,3,,,0.07,3,,,,,,,,,,,,,,,,,,,,,,,,,,,,,,,,,,,,,,,,,32.3,3,24.7,3,0,3,0,3,0,3,0,3,0,3,0,4,0,3,0,3,0,3,0,3,19.700,3,16.900,3,0.000,3,1.600,3,0.000,3,0.000,3,0.000,3,39.300,3,0.000,3,0.200,3,39.100,3,35.000,3,33.400,3,1.600,3,0.000,3,0.000,3,0.000,3,,,0,1,1190,3,0,3,0,3,0,3,0,3,0,3,0,3,0,3,0,3,0,3,0,3,0,3,0,3,0,3,0,3,0,3,0,3,0,3,0,3
272,6008,6,"Dầu, mỡ, bơ",Dầu cọ,DẦU cọ,Palm oil,0.0,296,0.0,3,900,,3766,,0.0,3,100.0,3,0.0,3,0.0,3,0.0,3,0,3,0,3,0,3,0,3,0,3,0,3,0,3,,,,,,,,,,,,,,,,,,,,,,,,,,,,,,,,,,,,,,,,,,,,,15.94,3,8,3,0,3,0,3,0,3,0,3,0,3,0,4,0,3,0,3,0,3,0,3,49.300,3,43.500,3,0.000,3,4.300,3,0.000,3,0.000,3,0.000,3,37.000,3,0.000,3,0.300,3,36.600,3,9.300,3,9.100,3,0.200,3,0.000,3,0.000,3,0.000,3,,,0,1,,,0,3,0,3,0,3,0,3,0,3,0,3,0,3,0,3,0,3,0,3,0,3,0,3,0,3,0,3,0,3,0,3,0,3,0,3
273,6009,6,"Dầu, mỡ, bơ",Dầu dừa,DẦU DỪA,Coconut oil,0.0,297,0.0,3,900,,3766,,0.0,3,100.0,3,0.0,3,0.0,3,0.0,3,0,3,0,3,0,3,0,3,0,3,0,3,0,3,,,0.04,3,,,,,,,,,,,,,,,,,,,,,,,,,,,,,,,,,,,,,,,,,0.09,3,0.5,3,0,3,0,3,0,3,0,3,0,3,0,4,0,3,0,3,0,3,0,3,86.500,3,8.200,3,0.000,3,2.800,3,0.000,3,0.000,3,0.000,3,5.800,3,0.000,3,0.000,3,5.800,3,1.800,3,1.800,3,0.000,3,0.000,3,0.000,3,0.000,3,,,0,1,86,3,0,3,0,3,0,3,0,3,0,3,0,3,0,3,0,3,0,3,0,3,0,3,0,3,0,3,0,3,0,3,0,3,0,3,0,3
274,6010,6,"Dầu, mỡ, bơ",Dầu đậu tương,DẦU ĐẬU TƯƠNG,"Soybean oil, salad or cooking",0.0,298,0.0,3,900,,3766,,0.0,3,100.0,3,0.0,3,0.0,3,0.0,3,0,3,0,3,0,3,0,3,0,3,0,3,0,3,,,0.02,3,,,,,,,,,,,,,,,,,,,,,,,,,,,,,,,,,,,,,,,,,9.21,3,197.6,3,0,3,0,3,0,3,0,3,0,3,0,4,0,3,0,3,0,3,0,3,14.400,3,10.300,3,0.000,3,3.800,3,0.000,3,0.000,3,0.000,3,23.300,3,0.000,3,0.200,3,22.800,3,57.900,3,51.000,3,6.800,3,0.000,3,0.000,3,0.000,3,,,0,1,250,3,0,3,0,3,0,3,0,3,0,3,0,3,0,3,0,3,0,3,0,3,0,3,0,3,0,3,0,3,0,3,0,3,0,3,0,3
275,6011,6,"Dầu, mỡ, bơ",Dầu lạc,DẦU LẠC,"Peanut oil, salad or cooking",0.0,299,0.0,3,900,,3766,,0.0,3,100.0,3,0.0,3,0.0,3,0.0,3,0,3,0,3,0,3,0,3,0,3,0,3,0,3,,,0.03,3,,,,,,,,,,,,,,,,,,,,,,,,,,,,,,,,,,,,,,,,,15.69,3,0.7,3,0,3,0,3,0,3,0,3,0,3,0,4,0,3,0,3,0,3,0,3,16.900,3,9.500,3,0.000,3,2.200,3,1.400,3,2.800,3,0.900,3,46.200,3,0.000,3,0.100,3,44.800,3,32.000,3,32.000,3,0.000,3,0.000,3,0.000,3,0.000,3,,,0,1,207,3,0,3,0,3,0,3,0,3,0,3,0,3,0,3,0,3,0,3,0,3,0,3,0,3,0,3,0,3,0,3,0,3,0,3,0,3
276,6012,6,"Dầu, mỡ, bơ",Dầu mè,DẦU MÈ,"Sesame oil, salad or cooking",0.0,300,0.0,3,900,,3766,,0.0,3,100.0,3,0.0,3,0.0,3,0.0,3,0,3,0,3,0,3,0,3,0,3,0,3,0,3,,,,,,,,,,,,,,,,,,,,,,,,,,,,,,,,,,,,,,,,,,,,,1.4,3,13.6,3,0,3,0,3,0,3,0,3,0,3,,,0,3,0,3,0,3,0,3,14.200,3,8.900,3,0.000,3,4.800,3,0.000,3,0.000,3,0.000,3,39.700,3,0.000,3,0.200,3,39.300,3,41.700,3,41.300,3,0.300,3,0.000,3,0.000,3,0.000,3,,,0,1,865,3,0,3,0,3,0,3,0,3,0,3,0,3,0,3,0,3,0,3,0,3,0,3,0,3,0,3,0,3,0,3,0,3,0,3,0,3
277,6013,6,"Dầu, mỡ, bơ",Dầu ngô,DẦU NGÔ,"Corn oil, salad or cooking",0.0,301,0.0,3,900,,3766,,0.0,3,100.0,3,0.0,3,0.0,3,0.0,3,0,3,0,3,0,3,0,3,0,3,0,3,0,3,,,,,,,,,,,,,,,,,,,,,,,,,,,,,,,,,,,,,,,,,,,,,14.3,3,1.9,3,0,3,0,3,0,3,0,3,0,3,0,4,0,3,0,3,0,3,0,3,12.950,3,10.580,3,0.070,3,1.850,3,0.430,3,0.000,3,,,27.580,3,0.000,3,0.110,3,27.330,3,54.680,3,53.230,3,1.160,3,0.000,3,0.000,3,0.000,3,0.286,3,0,1,968,3,0,3,0,3,0,3,0,3,0,3,0,3,0,3,0,3,0,3,0,3,0,3,0,3,0,3,0,3,0,3,0,3,0,3,0,3
278,6014,6,"Dầu, mỡ, bơ",Dầu oliu,DẦU OLIU,"Olive oil, salad or cooking",0.0,302,0.0,3,900,,3766,,0.0,3,100.0,3,0.0,3,0.0,3,0.0,3,0,3,0,3,0,3,0,3,0,3,0,3,0,3,1,3,0.56,3,,,,,,,1,3,2,3,,,,,,,,,,,,,,,,,,,,,,,,,,,,,,,14.35,3,60.2,3,0,3,0,3,0,3,0,3,0,3,0,4,0,3,0,3,0,3,0,3,13.810,3,11.290,3,0.020,3,1.950,3,0.410,3,0.130,3,0.000,3,72.960,3,0.000,3,1.260,3,71.270,3,10.520,3,9.760,3,0.760,3,0.000,3,0.000,3,0.000,3,,,0,1,221,3,0,3,0,3,0,3,0,3,0,3,0,3,0,3,0,3,0,3,0,3,0,3,0,3,0,3,0,3,0,3,0,3,0,3,0,3
279,7001,7,Thịt và sản phẩm chế biến,Thịt bê mỡ,THỊT BÊ MỠ,"Veal meat, lean and fat",2.0,305,72.8,1,144,,600,,19.0,1,7.5,1,0.0,1,0.0,1,0.7,1,0,3,0,3,0,3,0,3,0,3,0,3,0,3,8,1,1.70,1,24,3,0.030,3,188,1,329,3,76,3,2.55,3,110,3,8.5,3,2,1,0.23,1,0.25,1,6.2,1,1.36,3,0.49,3,13,3,,,0,5,1.27,3,0,1,,,0.25,3,4.6,3,0,3,0,3,0,3,0,3,0,3,,,0,3,0,3,0,3,0,3,3.350,3,1.760,3,0.000,3,1.100,3,0.000,3,0.000,3,0.000,3,3.040,3,0.000,3,0.350,3,2.600,3,0.510,3,0.390,3,0.060,3,0.060,3,0.000,3,0.000,3,,,78,3,,,1544,1,473,1,199,1,756,1,788,1,977,1,1481,1,946,1,1229,1,630,1,158,1,662,1,1135,1,1734,1,2648,1,1009,1,851,1,788,1
280,7002,7,Thịt và sản phẩm chế biến,Thịt bê nạc,THỊT BÊ NẠC,"Veal meat, lean only",2.0,306,78.2,1,85,,354,,20.0,1,0.5,1,0.0,1,0.0,1,1.3,1,0,3,0,3,0,3,0,3,0,3,0,3,0,3,8,1,1.70,1,26,3,0.030,3,176,1,348,3,80,3,2.73,3,116,3,8.7,3,2,1,0.23,1,0.25,1,6.2,1,1.45,3,0.52,3,14,3,,,0,5,1.34,3,0,1,,,0.25,3,,,0,3,0,3,0,3,0,3,0,3,172,4,0,3,0,3,0,3,0,3,0.780,3,0.440,3,0.000,3,0.270,3,0.000,3,0.000,3,0.000,3,0.830,3,0.000,3,0.080,3,0.740,3,0.270,3,0.190,3,0.010,3,0.070,3,0.000,3,0.000,3,,,79,3,,,1561,1,478,1,201,1,764,1,796,1,987,1,1496,1,955,1,1242,1,637,1,159,1,669,1,1146,1,1751,1,2675,1,1019,1,860,1,796,1
281,7003,7,Thịt và sản phẩm chế biến,Thịt bò loại i,THỊT BÒ LOẠI I,"Beef, grade I",2.0,307,74.1,1,118,,495,,21.0,1,3.8,1,0.0,1,0.0,1,1.1,1,0,3,0,3,0,3,0,3,0,3,0,3,0,3,12,1,3.10,1,28,1,,,226,1,378,1,83,1,2.20,1,160,1,,,1,1,0.10,1,0.17,1,4.2,1,,,,,,,,,,,,,12,1,,,,,,,0,3,0,3,0,3,0,3,0,3,,,0,3,0,3,0,3,0,3,,,0.900,1,,,0.630,1,,,,,,,,,,,,,,,,,0.090,1,0.030,1,,,,,,,,,59,1,,,1860,1,564,1,234,1,920,1,959,1,1047,1,1695,1,1005,1,1321,1,713,1,268,1,752,1,1221,1,179,1,3194,1,1016,1,790,1,842,1
282,7004,7,Thịt và sản phẩm chế biến,Thịt bò loại ii,THỊT BÒ LOẠI II,"Beef, grade II",2.0,308,70.5,1,167,,697,,18.0,1,10.5,1,0.0,1,0.0,1,1.0,1,0,3,0,3,0,3,0,3,0,3,0,3,0,3,10,1,2.70,1,,,,,194,1,,,,,,,,,,,1,1,0.10,1,0.17,1,4.2,1,,,,,,,,,,,,,2,1,,,,,,,0,3,0,3,0,3,0,3,0,3,,,0,3,0,3,0,3,0,3,,,,,,,,,,,,,,,,,,,,,,,,,,,,,,,,,,,,,,,,,1557,1,456,1,184,1,770,1,809,1,889,1,1419,1,833,1,1246,1,580,1,208,1,595,1,1181,1,1633,1,2773,1,1484,1,982,1,740,1
283,7005,7,Thịt và sản phẩm chế biến,"Thịt bò, lưng, nạc","THỊT BÒ, LƯNG, NẠC","Beef, top loin, seperable lean only, trimmed to 1/8"" fat, prime,raw",2.0,309,72.7,3,127,,532,,23.1,3,3.9,3,0.0,3,0.0,3,1.0,3,0,3,0,3,0,3,0,3,0,3,0,3,0,3,23,3,1.63,3,24,3,0.010,3,214,3,361,3,57,3,4.05,3,78,3,31.2,3,0,3,0.08,3,0.12,3,6.7,3,0.678,3,0.651,3,13,3,0,3,0,5,0.98,3,0,3,,,0.29,3,1.2,3,0,3,0,3,0,3,0,3,0,3,133,4,0,3,0,3,0,3,0,3,1.430,3,0.860,3,0.000,3,0.480,3,0.000,3,0.000,3,0.000,3,1.560,3,0.000,3,0.120,3,1.440,3,0.170,3,0.140,3,0.010,3,0.020,3,0.000,3,0.000,3,,,40,3,,,1950,3,601,3,152,3,911,3,922,3,1145,3,1835,3,1050,3,1492,3,736,3,298,3,735,3,1403,3,2102,3,3464,3,1405,3,1100,3,909,3
284,7006,7,Thịt và sản phẩm chế biến,"Thịt bò, lưng, nạc và mỡ","THỊT BÒ, LƯNG, NẠC VÀ MỠ","Beef, top loin, seperable lean only, trimmed to 1/4"" fat, prime,raw",2.0,310,67.4,3,182,,763,,21.5,3,10.7,3,0.0,3,0.0,3,0.9,3,0,3,0,3,0,3,0,3,0,3,0,3,0,3,5,3,1.78,3,22,3,0.010,3,185,3,349,3,59,3,3.64,3,78,3,17.8,3,0,3,0.10,3,0.15,3,4.5,3,0.36,3,0.44,3,7,3,,,,,3.05,3,0,3,,,,,,,0,3,0,3,0,3,0,3,0,3,,,0,3,0,3,0,3,0,3,4.290,3,2.540,3,0.000,3,1.230,3,0.000,3,0.000,3,0.000,3,4.810,3,0.000,3,0.390,3,4.190,3,0.390,3,0.310,3,0.020,3,0.050,3,0.000,3,0.000,3,,,59,3,,,1791,3,551,3,241,3,841,3,940,3,1047,3,1702,3,968,3,1361,3,737,3,241,3,723,3,1299,3,1967,3,3235,3,1175,3,951,3,823,3
285,7007,7,Thịt và sản phẩm chế biến,Thịt bồ câu ra ràng,THỊT BỒ CÂU RA RÀNG,Pigeon young bird flesh skin and giblets,60.0,311,51.7,1,340,,1423,,17.5,1,30.0,1,0.0,1,0.0,1,0.8,1,0,3,0,3,0,3,0,3,0,3,0,3,0,3,45,1,5.40,1,22,3,0.020,3,217,1,199,3,54,3,2.20,3,437,3,13.3,3,5,3,0.10,1,0.28,1,5.3,1,0.76,3,0.41,3,6,3,0,3,,,0.4,3,73,3,,,,,,,0,3,0,3,0,3,0,3,0,3,,,0,3,0,3,0,3,0,3,8.430,3,4.790,3,0.000,3,2.690,3,0.000,3,0.000,3,0.000,3,9.720,3,0.000,3,3.470,3,6.260,3,3.070,3,2.670,3,0.000,3,0.160,3,0.010,3,0.020,3,,,95,3,,,1537,3,552,3,268,3,773,3,884,3,967,3,1506,3,943,3,1210,3,647,3,320,3,789,3,1194,3,1557,3,2378,3,1491,3,839,3,878,3
286,7008,7,Thịt và sản phẩm chế biến,Thịt chó sấn,THỊT CHÓ SẤN,Dog meat,2.0,312,53.0,1,338,,1413,,16.0,1,30.4,1,0.0,1,0.0,1,0.6,1,0,3,0,3,0,3,0,3,0,3,0,3,0,3,16,1,1.00,1,,,,,43,1,,,,,,,,,,,,,0.04,1,0.08,1,1.8,1,,,,,,,,,,,,,,,,,,,,,0,3,0,3,0,3,0,3,0,3,,,0,3,0,3,0,3,0,3,,,,,,,,,,,,,,,,,,,,,,,,,,,,,,,,,,,,,,,,,,,,,,,,,,,,,,,,,,,,,,,,,,,,,,,,,,,,
287,7009,7,Thịt và sản phẩm chế biến,Thịt chó vai,THỊT CHÓ VAI,"Dog, shoulder",2.0,313,63.8,1,230,,964,,18.0,1,17.6,1,0.0,1,0.0,1,0.6,1,0,3,0,3,0,3,0,3,0,3,0,3,0,3,20,1,0.70,1,,,,,36,1,,,,,,,,,,,0,1,0.04,1,0.08,1,1.8,1,,,,,,,,,,,,,,,,,,,,,0,3,0,3,0,3,0,3,0,3,,,0,3,0,3,0,3,0,3,,,,,,,,,,,,,,,,,,,,,,,,,,,,,,,,,,,,,,,,,,,,,,,,,,,,,,,,,,,,,,,,,,,,,,,,,,,,
288,7010,7,Thịt và sản phẩm chế biến,"Thịt cừu, nạc","THỊT CỪU, NẠC","Mutton meat, lean",2.0,314,65.8,1,219,,915,,16.4,1,17.0,1,0.0,1,0.0,1,0.8,1,0,3,0,3,0,3,0,3,0,3,0,3,0,3,9,1,2.50,1,27,1,0.040,1,177,1,256,1,91,1,2.90,1,160,1,17.8,1,3,1,0.17,1,0.15,1,5.8,1,,,,,,,,,1,5,,,30,1,,,,,,,0,3,0,3,0,3,0,3,0,3,182,4,0,3,0,3,0,3,0,3,6.700,3,3.300,3,0.000,3,2.500,3,0.000,3,0.000,3,0.000,3,9.700,3,0.000,3,0.000,3,7.500,3,,,1.200,3,0.300,3,0.000,3,0.000,3,0.000,3,,,78,3,,,1580,1,441,1,212,1,598,1,764,1,870,1,1395,1,933,1,212,1,870,1,307,1,598,1,1300,1,454,1,1028,1,1466,1,2320,1,794,1
289,7011,7,Thịt và sản phẩm chế biến,"Thịt dê, nạc","THỊT DÊ, NẠC","Goat, meat, lean",2.0,315,74.4,1,122,,508,,20.7,1,4.3,1,0.0,1,0.0,1,0.6,1,0,3,0,3,0,3,0,3,0,3,0,3,0,3,11,1,2.00,1,,,0.040,3,129,1,385,3,82,3,4.00,3,256,3,8.8,3,1,1,0.07,1,0.13,1,4.9,1,,,,,5,3,0,3,,,1.13,3,91,1,,,,,,,0,3,0,3,0,3,0,3,0,3,,,0,3,0,3,0,3,0,3,0.710,3,0.330,3,0.000,3,0.330,3,0.000,3,0.000,3,0.000,3,1.030,3,0.000,3,0.040,3,0.940,3,0.170,3,0.100,3,0.020,3,0.060,3,0.000,3,0.000,3,,,57,3,,,1532,3,552,3,306,3,715,3,981,3,1103,3,1716,3,1042,3,1512,3,429,3,245,3,633,3,,,,,,,,,,,,
290,7012,7,Thịt và sản phẩm chế biến,Thịt gà rừng,THỊT GÀ RỪNG,Grouse field chicken,58.0,316,69.7,1,141,,589,,24.4,1,4.8,1,0.0,1,0.0,1,1.1,1,0,3,0,3,0,3,0,3,0,3,0,3,0,3,14,1,0.40,1,,,,,263,1,,,,,,,,,,,,,,,,,,,,,,,,,,,,,,,,,,,,,,,0,3,0,3,0,3,0,3,0,3,,,0,3,0,3,0,3,0,3,,,,,,,,,,,,,,,,,,,,,,,,,,,,,,,,,,,,,,,,,,,,,,,,,,,,,,,,,,,,,,,,,,,,,,,,,,,,
291,7013,7,Thịt và sản phẩm chế biến,Thịt gà ta,THỊT GÀ TA,"Chicken meat, average",52.0,317,65.6,1,199,,833,,20.3,1,13.1,1,0.0,1,0.0,1,1.0,1,0,3,0,3,0,3,0,3,0,3,0,3,0,3,12,1,1.50,1,29,1,0.020,3,200,1,189,3,70,3,1.50,1,48,3,14.4,3,4,1,0.15,1,0.16,1,8.1,1,0.91,3,0.35,3,6,3,0,3,,,0.31,3,120,3,,,0.3,3,1.5,3,0,3,0,3,0,3,0,3,0,3,,,0,3,0,3,0,3,0,3,4.310,3,3.150,3,0.000,3,0.870,3,0.000,3,0.000,3,0.000,3,6.240,3,0.000,3,0.830,3,5.170,3,3.230,3,2.880,3,0.140,3,0.080,3,0.010,3,0.030,3,,,75,3,,,1859,1,653,1,246,1,717,1,787,1,972,1,1629,1,1293,1,1190,1,432,1,288,1,595,1,1088,1,1965,1,2848,1,797,1,925,1,938,1
292,7014,7,Thịt và sản phẩm chế biến,Thịt gà tây,THỊT GÀ TÂY,Turkey raw flesh and skin giblets,53.0,318,63.6,1,218,,913,,20.1,1,15.3,1,0.0,1,0.0,1,1.0,1,0,3,0,3,0,3,0,3,0,3,0,3,0,3,24,1,3.20,1,18,3,0.020,3,320,1,236,3,66,3,2.67,3,127,3,26.4,3,0,3,0.06,1,0.08,1,7.0,1,0.917,3,0.29,3,9,3,0,3,2,5,0.36,3,180,1,,,,,,,0,3,0,3,0,3,0,3,0,3,110,4,0,3,0,3,0,3,0,3,3.660,3,2.430,3,0.000,3,0.820,3,0.000,3,0.000,3,0.000,3,4.940,3,0.000,3,0.840,3,3.990,3,3.230,3,2.830,3,0.180,3,0.140,3,0.000,3,0.030,3,,,74,1,,,1356,1,459,1,198,1,631,1,760,1,810,1,1267,1,746,1,1088,1,472,1,154,1,538,1,1042,1,1622,1,2536,1,1071,1,829,1,666,1
293,7015,7,Thịt và sản phẩm chế biến,Thịt hươu,THỊT HƯƠU,Deer meat,2.0,319,77.9,1,94,,393,,19.0,1,2.0,1,0.0,1,0.0,1,1.1,1,0,3,0,3,0,3,0,3,0,3,0,3,0,3,11,1,2.80,1,23,3,0.040,3,205,1,318,3,51,3,2.09,3,253,3,9.7,3,0,3,0.26,1,0.60,1,5.1,1,,,0.37,3,4,3,0,3,,,6.31,3,8,1,,,0.2,3,1.1,3,0,3,0,3,0,3,0,3,0,3,,,0,3,0,3,0,3,0,3,0.950,3,0.410,3,0.000,3,0.510,3,0.000,3,0.000,3,0.000,3,0.670,3,0.000,3,0.030,3,0.630,3,0.470,3,0.310,3,0.070,3,0.100,3,0.000,3,0.000,3,,,85,1,,,,,,,,,,,,,,,,,,,,,,,,,,,,,,,,,,,,,,
294,7016,7,Thịt và sản phẩm chế biến,Thịt lợn mỡ,THỊT LỢN MỠ,"Pork, lean and fat",2.0,320,47.5,1,394,,1647,,14.5,1,37.3,1,0.0,1,0.0,1,0.7,1,0,3,0,3,0,3,0,3,0,3,0,3,0,3,8,1,0.40,1,13,3,0.010,3,156,1,253,3,42,3,1.59,3,55,3,28.4,3,0,1,0.00,1,0.00,1,0.0,1,0.526,3,0.284,3,4,3,0,3,,,0.61,3,2,3,,,,,,,0,3,0,3,0,3,0,3,0,3,,,0,3,0,3,0,3,0,3,12.440,3,7.650,3,0.000,3,4.200,3,0.000,3,0.000,3,0.000,3,15.930,3,0.000,3,0.990,3,14.660,3,3.800,3,3.300,3,0.290,3,0.110,3,0.000,3,0.000,3,,,74,3,,,1230,3,347,3,160,3,547,3,610,3,737,3,1088,3,616,3,911,3,509,3,169,3,454,3,832,3,1249,3,2062,3,868,3,672,3,574,3
295,7017,7,Thịt và sản phẩm chế biến,Thịt lợn nạc,THỊT LỢN NẠC,"Pork, lean",2.0,321,73.0,1,139,,582,,19.0,1,7.0,1,0.0,1,0.0,1,1.0,1,0,3,0,3,0,3,0,3,0,3,0,3,0,3,7,1,0.96,1,32,1,0.010,3,190,1,341,3,76,3,2.50,1,190,1,23.9,1,1,3,0.90,1,0.18,1,4.4,1,0.822,3,0.415,3,5,3,0,3,2.6,5,0.84,3,2,3,,,,,,,0,3,0,3,0,3,0,3,0,3,166,4,0,3,0,3,0,3,0,3,2.470,3,1.570,3,0.000,3,0.770,3,0.000,3,0.000,3,0.000,3,3.230,3,0.000,3,0.230,3,2.930,3,0.770,3,0.620,3,0.030,3,0.090,3,0.000,3,0.000,3,,,67,3,,,1440,1,400,1,230,1,690,1,740,1,910,1,1190,1,940,1,1010,1,510,1,202,1,644,1,990,1,1607,1,2603,1,1023,1,821,1,752,1
296,7018,7,Thịt và sản phẩm chế biến,"Thịt lợn nửa nạc, nửa mỡ","THỊT LỢN NỬA NẠC, NỬA MỠ","Pork, medium fat",2.0,322,60.9,1,260,,1086,,16.5,1,21.5,1,0.0,1,0.0,1,1.1,1,0,3,0,3,0,3,0,3,0,3,0,3,0,3,9,1,1.50,1,19,3,0.010,3,178,1,285,3,55,3,1.91,3,63,3,28.7,3,2,1,0.53,1,0.16,1,2.7,1,0.672,3,0.393,3,4,3,0,3,2.6,5,0.6,3,10,1,,,,,,,0,3,0,3,0,3,0,3,0,3,,,0,3,0,3,0,3,0,3,7.290,3,4.520,3,0.000,3,2.410,3,0.000,3,0.000,3,0.000,3,9.340,3,0.000,3,0.580,3,8.580,3,2.240,3,1.880,3,0.160,3,0.090,3,0.000,3,0.000,3,,,68,3,,,1517,3,432,3,202,3,674,3,757,3,911,3,1344,3,767,3,1104,3,640,3,210,3,567,3,1014,3,1547,3,2568,3,999,3,789,3,705,3
297,7019,7,Thịt và sản phẩm chế biến,Thịt ngỗng,THỊT NGỖNG,Goose,52.0,323,46.1,1,409,,1710,,14.0,1,39.2,1,0.0,1,0.0,1,0.7,1,0,3,0,3,0,3,0,3,0,3,0,3,0,3,13,1,1.80,1,18,3,0.020,3,210,1,308,3,73,3,1.72,3,270,3,14.4,3,4,3,0.20,1,0.19,1,5.7,1,1.294,3,0.39,3,4,3,0,3,,,0.34,3,17,3,,,,,,,0,3,0,3,0,3,0,3,0,3,165,4,0,3,0,3,0,3,0,3,9.780,3,6.950,3,0.000,3,2.330,3,0.000,3,0.000,3,0.000,3,17.770,3,0.000,3,0.980,3,16.680,3,3.760,3,3.340,3,0.210,3,0.000,3,0.000,3,0.000,3,,,80,3,,,1252,1,350,1,204,1,618,1,651,1,699,1,1199,1,641,1,948,1,395,1,99,1,501,1,888,1,1330,1,2231,1,869,1,627,1,565,1
298,7020,7,Thịt và sản phẩm chế biến,Thịt ngựa,THỊT NGỰA,Horse meat,2.0,324,66.8,1,176,,736,,21.5,1,10.0,1,0.0,1,0.0,1,1.7,1,0,3,0,3,0,3,0,3,0,3,0,3,0,3,13,1,3.10,1,20,5,0.020,5,200,1,291,5,62,5,4.61,5,140,5,6,5,1,1,0.07,1,0.10,1,4.2,1,0.6,5,0.5,5,8,5,0,5,2.6,5,3.1,5,37,5,0.30,5,0.23,5,0,5,0,3,0,3,0,3,0,3,0,3,200,4,0,3,0,3,0,3,0,3,3.480,5,2.670,5,0.050,5,0.760,5,0.000,5,0.000,5,0.000,5,3.200,5,0.000,5,0.480,5,2.670,5,2.250,5,1.100,5,0.960,5,0.190,5,0.000,5,0.000,5,,,75,5,,,2150,1,602,1,217,1,819,1,839,1,1077,1,2043,1,1398,1,1548,1,602,1,280,1,796,1,1163,1,1785,1,2625,1,925,1,860,1,908,1
299,7021,7,Thịt và sản phẩm chế biến,Thịt thỏ nhà,THỊT THỎ NHÀ,"Rabbit meat, raw",45.0,325,69.3,1,158,,661,,21.5,1,8.0,1,0.0,1,0.0,1,1.2,1,,,,,,,,,,,,,,,21,1,1.60,1,19,3,0.030,3,224,1,330,3,41,3,1.57,3,145,3,23.7,3,0,3,0.08,1,0.06,1,7.6,1,0.8,3,0.5,3,8,3,0,3,1,5,7.16,3,10,5,,,0.4,5,0,5,0,3,0,3,0,3,0,3,0,3,132,4,0,3,0,3,0,3,0,3,1.660,3,1.250,3,0.000,3,0.260,3,0.000,3,0.000,3,0.000,3,1.500,3,0.000,3,0.180,3,1.280,3,1.080,3,0.860,3,0.220,3,0.000,3,0.000,3,0.000,3,,,57,3,,,1811,1,675,1,337,1,781,1,1136,1,1420,1,1456,1,1207,1,1243,1,568,1,273,1,746,1,1314,1,2201,1,3550,1,1136,1,1101,1,1139,1
300,7022,7,Thịt và sản phẩm chế biến,Thịt thỏ rừng,THỊT THỎ RỪNG,Hare rabbit (field or wild),45.0,326,74.3,1,103,,431,,23.5,1,1.0,1,0.0,1,0.0,1,1.2,1,,,,,,,,,,,,,,,17,1,4.80,1,29,3,,,226,1,378,3,50,3,,,,,9.4,3,,,0.09,1,0.06,1,8.1,1,,,,,,,,,,,,,,,,,,,,,0,3,0,3,0,3,0,3,0,3,,,0,3,0,3,0,3,0,3,0.690,3,0.520,3,0.000,3,0.110,3,0.000,3,0.000,3,0.000,3,0.630,3,0.000,3,0.080,3,0.540,3,0.450,3,0.360,3,0.090,3,0.000,3,0.000,3,0.000,3,,,81,3,,,1908,3,545,3,288,3,895,3,975,3,1108,3,1698,3,1034,3,1346,3,611,3,274,3,776,3,1315,3,2129,3,3496,3,1183,3,1065,3,966,3
301,7023,7,Thịt và sản phẩm chế biến,Thịt trâu,THỊT TRÂU,"Buffalo meat, average",0.0,327,76.3,3,97,,408,,20.4,3,1.4,3,0.9,3,0.0,3,1.1,3,,,,,,,,,,,,,,,12,3,1.61,3,32,3,,,197,3,297,3,53,3,1.93,3,151,3,9,3,0,3,0.04,3,0.20,3,6.0,3,0.16,3,0.53,3,8,3,0,3,,,,,,,,,,,,,0,3,0,3,0,3,0,3,0,3,,,0,3,0,3,0,3,0,3,0.460,3,0.250,3,0.000,3,0.190,3,0.000,3,0.000,3,0.000,3,0.420,3,0.000,3,0.030,3,0.370,3,0.270,3,0.160,3,0.040,3,0.070,3,0.000,3,0.000,3,,,46,3,,,1610,3,511,3,249,3,817,3,976,3,1084,3,1755,3,1023,3,1278,3,675,3,326,3,818,3,,,2034,3,2956,3,795,3,780,3,875,3
302,7024,7,Thịt và sản phẩm chế biến,Thịt trâu bắp,THỊT TRÂU BẮP,Buffalo meat (shoulder),2.0,328,74.2,1,115,,479,,21.9,1,3.0,1,0.0,1,0.0,1,0.9,1,0,3,0,3,0,3,0,3,0,3,0,3,0,3,30,1,,,,,,,150,1,,,,,,,,,,,,,,,,,,,,,,,,,,,,,,,,,,,,,,,0,3,0,3,0,3,0,3,0,3,,,0,3,0,3,0,3,0,3,,,,,,,,,,,,,,,,,,,,,,,,,,,,,,,,,,,,,,,,,,,,,,,,,,,,,,,,,,,,,,,,,,,,,,,,,,,,
303,7025,7,Thịt và sản phẩm chế biến,Thịt trâu cố,THỊT TRÂU cố,"Buffalo meat, neck",2.0,329,74.9,1,112,,467,,20.9,1,3.1,1,0.0,1,0.0,1,1.1,1,0,3,0,3,0,3,0,3,0,3,0,3,0,3,20,1,,,,,,,160,1,,,,,,,,,,,,,,,,,,,,,,,,,,,,,,,,,,,,,,,0,3,0,3,0,3,0,3,0,3,,,0,3,0,3,0,3,0,3,,,,,,,,,,,,,,,,,,,,,,,,,,,,,,,,,,,,,,,,,,,,,,,,,,,,,,,,,,,,,,,,,,,,,,,,,,,,
304,7026,7,Thịt và sản phẩm chế biến,Thịt trâu đùi,THỊT TRÂU ĐÙI,"Buffalo meat, leg",2.0,330,74.9,1,112,,468,,21.2,1,3.0,1,0.0,1,0.0,1,0.9,1,0,3,0,3,0,3,0,3,0,3,0,3,0,3,20,1,,,,,,,215,1,,,,,,,,,,,,,,,,,,,,,,,,,,,,,,,,,,,,,,,0,3,0,3,0,3,0,3,0,3,,,0,3,0,3,0,3,0,3,,,,,,,,,,,,,,,,,,,,,,,,,,,,,,,,,,,,,,,,,,,,,,,,,,,,,,,,,,,,,,,,,,,,,,,,,,,,
305,7027,7,Thịt và sản phẩm chế biến,Thịt trâu thăn,THỊT TRÂU THĂN,"Buffalo meat, lean (loin)",2.0,331,73.0,1,121,,506,,22.8,1,3.3,1,0.0,1,0.0,1,0.9,1,0,3,0,3,0,3,0,3,0,3,0,3,0,3,26,1,3.30,1,,,,,165,1,,,,,,,,,,,,,0.06,1,0.16,1,3.5,1,,,,,,,,,,,,,5,1,,,,,,,0,3,0,3,0,3,0,3,0,3,,,0,3,0,3,0,3,0,3,,,,,,,,,,,,,,,,,,,,,,,,,,,,,,,,,,,,,,,,,,,,,,,,,,,,,,,,,,,,,,,,,,,,,,,,,,,,
306,7028,7,Thịt và sản phẩm chế biến,Thịt vịt,THỊT VỊT,"Duck meat, average",55.0,332,59.5,1,267,,1119,,17.8,1,21.8,1,0.0,1,0.0,1,0.9,1,0,3,0,3,0,3,0,3,0,3,0,3,0,3,13,1,1.80,1,15,3,0.020,3,145,1,209,3,63,3,1.36,3,236,3,12.4,3,3,3,0.07,1,0.15,1,4.7,1,0.951,3,0.19,3,13,3,0,3,,,0.25,3,270,1,,,0.7,3,5.5,3,0,3,0,3,0,3,0,3,0,3,138,4,0,3,0,3,0,3,0,3,7.330,3,5.310,3,0.000,3,1.770,3,0.000,3,0.000,3,0.000,3,10.360,3,0.000,3,0.850,3,9.270,3,3,,2.600,3,0.220,3,0.000,3,0.000,3,0.000,3,,,76,3,,,912,3,291,3,144,3,459,3,471,3,573,3,900,3,537,3,770,3,283,3,180,3,395,3,777,3,1102,3,1709,3,928,3,686,3,488,3
307,7029,7,Thịt và sản phẩm chế biến,Bầu dục bò,BẦU DỤC BÒ,"Beef, kidney",7.0,333,84.3,1,67,,282,,12.5,1,1.8,1,0.3,1,0.0,1,1.1,1,,,,,,,,,,,,,,,9,1,7.10,1,13,1,0.100,1,219,1,262,3,200,1,1.92,3,323,1,141,3,6,1,0.40,1,1.75,1,5.1,1,3.97,3,0.665,3,98,3,0,3,,,27.5,3,330,1,0.80,3,0.22,3,0,3,0,3,0,3,0,3,20,3,0,3,,,0,3,0,3,0,3,0,3,0.870,3,0.390,3,0.020,3,0.370,3,0.010,3,0.040,3,0.000,3,0.590,3,0.000,3,0.040,3,0.540,3,0.550,3,0.290,3,0.010,3,0.230,3,0.000,3,0.000,3,0.1,3,411,3,,,1138,1,451,1,172,1,809,1,667,1,919,1,1514,1,1011,1,971,1,446,1,286,1,575,1,824,1,1183,1,2241,1,1106,1,779,1,732,1
308,7030,7,Thịt và sản phẩm chế biến,Bầu dục lợn,BẦU DỤC LỢN,"Pork, kidney",2.0,334,82.5,1,81,,339,,13.0,1,3.1,1,0.3,1,0.0,1,1.1,1,0,3,0,3,0,3,0,3,0,3,0,3,0,3,8,1,8.00,1,17,1,0.100,1,223,1,390,1,121,3,2.75,3,445,1,190,3,5,1,0.38,1,1.12,1,4.8,1,3.13,3,0.44,3,42,3,0,3,,,8.49,3,150,1,,,,,,,0,3,0,3,0,3,0,3,0,3,334,4,0,3,0,3,0,3,0,3,1.040,3,0.580,3,0.000,3,0.410,3,0.000,3,0.000,3,0.000,3,1.070,3,0.000,3,0.090,3,0.970,3,0.260,3,0.170,3,0.010,3,0.080,3,0.000,3,0.000,3,,,319,3,,,1330,1,339,1,209,1,548,1,704,1,913,1,1728,1,678,1,913,1,574,1,235,1,522,1,861,1,1434,1,2008,1,965,1,913,1,782,1
309,7031,7,Thịt và sản phẩm chế biến,Bì lợn,BÌ LỢN,Pork skin,10.0,335,73.3,1,118,,492,,23.3,1,2.7,1,0.0,1,0.0,1,0.7,1,0,3,0,3,0,3,0,3,0,3,0,3,0,3,11,1,0.40,1,,,,,8,1,,,,,,,,,,,,,0.29,1,0.05,1,,,,,,,,,,,,,,,,,,,,,,,0,3,0,3,0,3,0,3,0,3,,,0,3,0,3,0,3,0,3,,,,,,,,,,,,,,,,,,,,,,,,,,,,,,,,,,,,,,,,,,,,,,,,,,,,,,,,,,,,,,,,,,,,,,,,,,,,
310,7032,7,Thịt và sản phẩm chế biến,Chân giò lợn,CHÂN GIÒ LỢN,"Pork, leg",38.0,336,64.7,1,230,,963,,15.7,1,18.6,1,0.0,1,0.0,1,1.0,1,,,,,,,,,,,,,,,24,1,2.10,1,20,3,0.020,3,106,1,315,3,47,3,1.93,3,65,3,29.4,3,1,3,0.01,1,0.07,1,1.6,1,0.685,3,0.401,3,7,3,0,3,2.6,5,0.63,3,30,1,,,,,,,0,3,0,3,0,3,0,3,0,3,160,4,0,3,0,3,0,3,0,3,6.540,3,4.060,3,0.000,3,2.160,3,0.000,3,0.000,3,0.000,3,8.380,3,0.000,3,0.530,3,7.700,3,2.010,3,1.690,3,0.140,3,0.090,3,0.000,3,0.000,3,,,73,3,,,1550,3,444,3,208,3,689,3,776,3,931,3,1376,3,787,3,1120,3,659,3,216,3,583,3,1032,3,1584,3,2636,3,992,3,790,3,720,3
311,7033,7,Thịt và sản phẩm chế biến,Dạ dày bò,DẠ DÀY BÒ,"Stomach, beef",5.0,337,80.5,1,97,,406,,14.8,1,4.2,1,0.0,1,0.0,1,0.5,1,0,3,0,3,0,3,0,3,0,3,0,3,0,3,150,1,0.90,1,13,3,0.090,3,85,1,67,3,97,3,1.42,3,70,3,12.5,3,0,3,0.04,1,0.20,1,3.6,1,0.227,3,0.014,3,5,3,0,3,,,1.39,3,0,1,,,0.09,3,0,3,0,3,0,3,0,3,0,3,0,3,,,0,3,0,3,0,3,0,3,1.290,3,0.640,3,0.080,3,0.460,3,0.000,3,0.010,3,0.000,3,1.530,3,0.000,3,0.090,3,1.410,3,0.180,3,0.120,3,0.010,3,0.050,3,0.000,3,0.000,3,0.15,3,122,3,,,933,1,280,1,149,1,448,1,504,1,579,1,784,1,467,1,821,1,336,1,149,1,336,1,784,1,989,1,1754,1,1213,1,989,1,579,1
312,7034,7,Thịt và sản phẩm chế biến,Dạ dày lợn,DẠ DÀY LỢN,"Stomach, hog",2.0,338,81.7,1,85,,354,,14.6,1,2.9,1,0.0,1,0.0,1,0.8,1,0,3,0,3,0,3,0,3,0,3,0,3,0,3,8,1,1.40,1,11,3,0.040,3,144,1,140,3,75,3,1.85,3,169,3,31.1,3,0,3,0.05,1,0.18,1,2.5,1,1.22,3,0.034,3,3,3,0,3,,,0.3,3,0,1,,,0.04,3,0,3,0,3,0,3,0,3,0,3,0,3,,,0,3,0,3,0,3,0,3,4.030,3,2.260,3,0.030,3,1.590,3,0.020,3,0.000,3,0.000,3,3.590,3,0.000,3,0.000,3,0.000,3,0.890,3,0.720,3,0.020,3,0.110,3,0.000,3,0.000,3,0.13,3,223,3,,,,,,,,,,,,,,,,,,,,,,,,,,,,,,,,,,,,,,
313,7035,7,Thịt và sản phẩm chế biến,Đầu bò,ĐẦU BÒ,"Head beef (without tongue, brain, ears).",68.0,339,68.7,1,185,,774,,18.1,1,12.5,1,0.0,1,0.0,1,0.7,1,0,3,0,3,0,3,0,3,0,3,0,3,0,3,,,,,,,,,,,,,,,,,,,,,,,,,,,,,,,,,,,,,,,,,,,,,,,,,0,3,0,3,0,3,0,3,0,3,,,0,3,0,3,0,3,0,3,,,,,,,,,,,,,,,,,,,,,,,,,,,,,,,,,,,,,,,,,,,,,,,,,,,,,,,,,,,,,,,,,,,,,,,,,,,,
314,7036,7,Thịt và sản phẩm chế biến,Đầu lợn,ĐẦU LỢN,"Hog, head",68.0,340,54.6,1,335,,1403,,13.4,1,31.3,1,0.0,1,0.0,1,0.7,1,0,3,0,3,0,3,0,3,0,3,0,3,0,3,,,,,,,,,,,,,,,,,,,,,,,,,,,,,,,,,,,,,,,,,,,,,,,,,0,3,0,3,0,3,0,3,0,3,,,0,3,0,3,0,3,0,3,,,,,,,,,,,,,,,,,,,,,,,,,,,,,,,,,,,,,,,,,,,,,,,,,,,,,,,,,,,,,,,,,,,,,,,,,,,,
315,7037,7,Thịt và sản phẩm chế biến,Đuôi bò,ĐUÔI BÒ,"Beef, tail",46.0,341,73.0,1,137,,574,,19.7,1,6.5,1,0.0,1,0.0,1,0.8,1,0,3,0,3,0,3,0,3,0,3,0,3,0,3,7,1,2.50,1,,,,,162,1,,,,,,,,,,,,,0.03,1,0.03,1,5.4,1,,,,,,,,,,,,,,,,,,,,,0,3,0,3,0,3,0,3,0,3,,,0,3,0,3,0,3,0,3,,,,,,,,,,,,,,,,,,,,,,,,,,,,,,,,,,,,,,,,,,,,,,,,,,,,,,,,,,,,,,,,,,,,,,,,,,,,
316,7038,7,Thịt và sản phẩm chế biến,Đuôi lợn,ĐUÔI LỢN,"Hog, tail",30.0,342,41.8,1,467,,1954,,10.8,1,47.1,1,0.0,1,0.0,1,0.3,1,,,,,,,,,,,,,,,18,3,0.99,3,8,3,0.010,3,50,3,349,3,63,3,2.31,3,84,3,2.7,3,0,3,0.21,3,0.11,3,2.1,3,0.673,3,0.37,3,5,3,0,3,,,0.88,3,0,3,,,,,,,0,3,0,3,0,3,0,3,0,3,,,0,3,0,3,0,3,0,3,11.640,3,7.600,3,0.000,3,3.510,3,0.000,3,0.000,3,0.000,3,15.800,3,0.000,3,1.220,3,14.580,3,3.680,3,3.190,3,0.280,3,0.210,3,0.000,3,0.000,3,,,97,3,,,616,3,195,3,54,3,291,3,335,3,313,3,551,3,248,3,723,3,184,3,140,3,195,3,778,3,842,3,1296,3,1437,3,918,3,421,3
317,7039,7,Thịt và sản phẩm chế biến,Gan bò,GAN BÒ,"Beef, liver",0.0,343,75.2,1,109,,458,,17.4,1,3.1,1,3.0,1,0.0,1,1.3,1,,,,,,,,,,,,,,,5,1,9.00,1,13,1,0.300,1,340,1,213,1,110,1,4.00,3,1500,1,39.7,3,30,1,0.40,1,3.00,1,17.0,1,7.713,3,1.083,3,290,3,0,3,,,59.3,3,5000,1,0.40,3,0.38,3,3.1,3,621,3,232,3,11,3,13,3,0,3,,,0,3,0,3,0,3,0,3,1.230,3,0.310,3,0.030,3,0.860,3,0.000,3,0.010,3,0.000,3,0.480,3,0.000,3,0.040,3,0.420,3,0.470,3,0.300,3,0.020,3,0.140,3,0.000,3,0.000,3,0.17,3,275,3,,,1523,1,641,1,280,1,1122,1,754,1,1388,1,1818,1,1119,1,1283,1,562,1,243,1,690,1,1097,1,1742,1,2675,1,1180,1,948,1,793,1
318,7040,7,Thịt và sản phẩm chế biến,Gan gà,GAN GÀ,Chicken liver,0.0,344,75.0,1,111,,466,,18.2,1,3.4,1,2.0,1,0.0,1,1.4,1,,,,,,,,,,,,,,,21,1,8.20,1,17,1,0.200,1,260,1,335,1,71,3,2.67,3,300,1,54.6,3,7,1,0.38,1,1.63,1,10.4,1,6.233,3,0.853,3,588,3,0,3,210,5,16.58,3,3290,3,,,0.7,3,0,3,56,3,11,3,11,3,40,3,0,3,243,4,0,3,0,3,0,3,0,3,1.560,3,0.880,3,0.000,3,0.660,3,0.000,3,0.010,3,0.000,3,1.250,3,0.000,3,0.110,3,1.130,3,0.820,3,0.480,3,0.010,3,0.330,3,0.000,3,0.000,3,0.065,3,345,3,,,1244,1,463,1,179,1,764,1,676,1,889,1,1633,1,1295,1,960,1,338,1,213,1,534,1,940,1,1437,1,2417,1,798,1,747,1,710,1
319,7041,7,Thịt và sản phẩm chế biến,Gan lợn,GAN LỢN,Pork liver,0.0,345,74.1,1,116,,484,,18.8,1,3.6,1,2.0,1,0.0,1,1.5,1,,,,,,,,,,,,,,,7,1,12.00,1,17,1,0.300,1,353,1,447,1,110,1,5.76,3,510,1,52.7,3,18,1,0.40,1,2.11,1,16.2,1,6.65,3,0.69,3,211,3,0,3,,,26,3,6000,1,,,,,,,,,,,,,,,0,3,515,4,0,3,0,3,0,3,0,3,1.170,3,0.440,3,0.000,3,0.700,3,0.000,3,0.000,3,0.000,3,0.520,3,0.000,3,0.030,3,0.460,3,0.870,3,0.350,3,0.030,3,0.440,3,0.000,3,0.020,3,,,301,3,,,1260,1,600,1,340,1,1150,1,900,1,1170,1,1580,1,1020,1,1080,1,490,1,236,1,709,1,1223,1,1992,1,2622,1,1160,1,986,1,1005,1
320,7042,7,Thịt và sản phẩm chế biến,Gan vịt,GAN VỊT,Duek liver,0.0,346,74.1,1,122,,510,,17.1,1,4.7,1,2.8,1,0.0,1,1.3,1,,,,,,,,,,,,,,,17,1,4.80,1,24,3,0.260,3,177,1,230,3,140,3,3.07,3,5962,3,67,3,7,1,0.44,1,1.28,1,9.1,1,6.184,3,0.76,3,738,3,0,3,,,54,3,11984,3,,,,,,,,,,,,,,,0,3,,,0,3,0,3,0,3,0,3,1.140,3,0.800,3,0.000,3,0.630,3,0.000,3,0.000,3,0.000,3,0.710,3,0.000,3,0.050,3,0.650,3,0.630,3,0.370,3,0.000,3,0.260,3,0.000,3,0.000,3,,,515,3,,,1418,3,444,3,264,3,932,3,833,3,1181,3,1691,3,995,3,1148,3,498,3,252,3,660,3,1088,3,1781,3,2428,3,1088,3,929,3,806,3
321,7043,7,Thịt và sản phẩm chế biến,Gần chân bò,GẦN CHÂN BÒ,:,0.0,347,69.2,1,124,,517,,30.2,1,0.3,1,0.0,3,0.0,1,0.3,1,,,0,3,0,3,0,3,0,3,0,3,0,3,,,,,,,,,,,,,,,,,,,,,,,,,,,,,,,,,,,,,,,,,,,,,,,,,0,3,0,3,0,3,0,3,0,3,,,0,3,0,3,0,3,0,3,,,,,,,,,,,,,,,,,,,,,,,,,,,,,,,,,,,,,,,,,,,,,,,,,,,,,,,,,,,,,,,,,,,,,,,,,,,,
322,7044,7,Thịt và sản phẩm chế biến,Lưỡi bò,LƯỠI BÒ,Beef tongue,8.0,348,73.2,1,164,,687,,13.6,1,12.1,1,0.2,1,0.0,1,0.9,1,,,,,,,,,,,,,,,7,1,3.00,1,16,3,0.030,3,162,1,315,3,69,3,2.87,3,170,3,9.4,3,3,1,0.07,1,0.15,1,4.8,1,0.653,3,0.31,3,7,3,0,3,,,3.79,3,0,1,,,,,,,0,3,0,3,0,3,0,3,0,3,,,0,3,0,3,0,3,0,3,7.000,3,4.220,3,0.000,3,2.100,3,0.000,3,0.000,3,0.000,3,7.240,3,0.000,3,0.550,3,6.550,3,0.900,3,0.580,3,0.000,3,0.310,3,0.000,3,0.000,3,,,87,3,,,1149,3,315,3,114,3,615,3,648,3,713,3,1113,3,641,3,949,3,386,3,195,3,482,3,858,3,1361,3,2053,3,894,3,696,3,601,3
323,7045,7,Thịt và sản phẩm chế biến,Lưỡi lợn,LƯỠI LỢN,"Hog, tongue",3.0,349,70.8,1,178,,743,,14.2,1,12.8,1,1.4,1,0.0,1,0.8,1,0,3,0,3,0,3,0,3,0,3,0,3,0,3,7,1,2.40,1,18,3,0.010,3,118,1,243,3,110,3,3.01,3,70,3,10.4,3,4,3,0.08,1,0.23,1,3.0,1,0.641,3,0.24,3,4,3,0,3,,,2.84,3,0,1,,,,,,,0,3,0,3,0,3,0,3,0,3,136,4,0,3,0,3,0,3,0,3,5.960,3,3.820,3,0.000,3,1.730,3,0.000,3,0.000,3,0.000,3,8.130,3,0.000,3,0.640,3,7.300,3,1.780,3,1.700,3,0.080,3,0.000,3,0.000,3,0.000,3,,,101,3,,,1333,3,365,3,188,3,675,3,689,3,848,3,1307,3,743,3,1007,3,409,3,235,3,496,3,861,3,1515,3,2052,3,1205,3,861,3,678,3
324,7046,7,Thịt và sản phẩm chế biến,Lòng lợn (ruột già),LÒNG LỢN (RUỘT GIÀ),"Hog, intestine large raw",2.0,350,76.6,1,167,,697,,6.9,1,15.1,1,0.8,1,0.0,1,0.6,1,,,,,,,,,,,,,,,12,1,0.50,1,,,,,55,1,,,,,,,,,,,,,0.09,1,0.08,1,1.6,1,,,,,,,,,,,,,,,,,,,,,0,3,0,3,0,3,0,3,0,3,,,0,3,0,3,0,3,0,3,,,,,,,,,,,,,,,,,,,,,,,,,,,,,,,,,,,,,,,,,,,,,,,,,,,,,,,,,,,,,,,,,,,,,,,,,,,,
325,7047,7,Thịt và sản phẩm chế biến,Lòng lợn (ruột non),LÒNG LỢN (RUỘT NON),Hog intestine small raw without fat,2.0,351,90.5,1,44,,183,,7.2,1,1.3,1,0.8,1,0.0,1,0.2,1,,,,,,,,,,,,,,,7,1,0.80,1,,,,,48,1,,,,,,,,,,,,,0.09,1,0.08,1,1.6,1,,,,,,,,,,,,,,,,,,,,,0,3,0,3,0,3,0,3,0,3,,,0,3,0,3,0,3,0,3,,,,,,,,,,,,,,,,,,,,,,,,,,,,,,,,,,,,,,,,,,,,,,,,,,,,,,,,,,,,,,,,,,,,,,,,,,,,
326,7048,7,Thịt và sản phẩm chế biến,Mề gà,MỀ GÀ,Chicken gizzard,4.0,352,75.6,1,99,,415,,21.3,1,1.3,1,0.6,1,0.0,1,1.2,1,0,3,0,3,0,3,0,3,0,3,0,3,0,3,48,1,6.60,1,15,3,0.060,3,150,1,237,3,69,3,2.72,3,116,3,25.5,3,4,3,0.04,1,0.20,1,4.8,1,0.631,3,0.112,3,5,3,0,3,1,5,1.21,3,19,3,,,0.33,3,0,3,0,3,0,3,0,3,0,3,0,3,,,0,3,0,3,0,3,0,3,0.530,3,0.350,3,0.000,3,0.170,3,0.000,3,0.000,3,0.000,3,0.510,3,0.000,3,0.070,3,0.430,3,0.360,3,0.250,3,0.000,3,0.090,3,0.000,3,0.000,3,0.06,3,240,3,,,1300,5,470,5,180,5,760,5,840,5,820,5,1300,5,840,5,1300,5,380,5,240,5,550,5,730,5,1700,5,3100,5,960,5,930,5,820,5
327,7049,7,Thịt và sản phẩm chế biến,Óc bò,ÓC BÒ,Brain beef,8.0,353,79.4,1,124,,517,,9.0,1,9.5,1,0.5,1,0.0,1,1.6,1,,,,,,,,,,,,,,,6,1,0.90,1,13,3,0.030,3,311,1,274,3,126,3,1.02,3,287,3,21.3,3,11,3,0.13,1,0.21,1,3.8,1,2.01,3,0.226,3,3,3,0,3,,,9.51,3,0,1,,,0.99,3,0,3,88,3,0,3,0,3,0,3,0,3,,,0,3,0,3,0,3,0,3,2.300,3,0.920,3,0.030,3,1.270,3,0.020,3,0.030,3,0.000,3,1.890,3,0.000,3,0.020,3,1.650,3,1.590,3,0.040,3,0.000,3,0.320,3,0.370,3,0.850,3,0.61,3,3010,3,,,839,1,482,1,,,703,1,678,1,592,1,888,1,965,1,784,1,320,1,132,1,516,1,,,,,,,,,,,,
328,7050,7,Thịt và sản phẩm chế biến,Óc lợn,óC LỢN,Hog brain,8.0,354,80.1,1,123,,515,,9.0,1,9.5,1,0.4,1,0.0,1,1.0,1,,,,,,,,,,,,,,,7,1,1.60,1,14,3,0.090,3,311,1,258,3,120,3,1.27,3,240,3,15.9,3,14,3,0.14,1,0.19,1,2.8,1,2.8,3,0.19,3,6,3,0,3,,,2.19,3,0,1,,,,,,,0,3,0,3,0,3,0,3,0,3,83,4,0,3,0,3,0,3,0,3,2.080,3,1.030,3,0.000,3,1.000,3,0.000,3,0.000,3,0.000,3,1.660,3,0.000,3,0.120,3,1.070,3,1.430,3,0.090,3,0.120,3,0.470,3,0.000,3,0.450,3,,,2195,3,,,748,1,354,1,132,3,704,1,385,1,531,1,771,1,605,1,712,1,245,1,165,1,316,1,,,1028,3,1202,3,493,3,,,,
329,7051,7,Thịt và sản phẩm chế biến,Phối bò,PHỐI BÒ,"Beef, lung",8.0,355,79.1,1,103,,431,,15.2,1,4.7,1,0.0,1,0.0,1,1.0,1,,,,,,,,,,,,,,,10,1,6.70,1,14,3,0.020,3,195,1,340,3,198,3,1.61,3,260,3,44.3,3,39,3,0.10,1,0.14,1,1.1,1,1,3,0.04,3,11,3,0,3,,,3.81,3,14,3,,,,,,,0,3,0,3,0,3,0,3,0,3,,,0,3,0,3,0,3,0,3,0.860,3,0.450,3,0.000,3,0.230,3,0.000,3,0.000,3,0.000,3,0.640,3,0.000,3,0.090,3,0.470,3,0.340,3,0.170,3,0.020,3,0.140,3,0.000,3,0.000,3,,,242,3,,,1137,1,406,1,148,3,526,1,575,1,731,1,1008,1,754,1,880,1,393,1,120,1,385,1,1001,3,977,3,1726,3,734,3,1659,3,816,3
330,7052,7,Thịt và sản phẩm chế biến,Phối lợn,PHỐI LỢN,"Hog lung, raw",8.0,356,80.6,1,92,,383,,14.8,1,3.6,1,0.0,1,0.0,1,1.0,1,,,,,,,,,,,,,,,9,1,6.40,1,14,3,0.020,3,230,1,303,3,153,3,2.03,3,83,3,17.8,3,12,3,0.02,1,0.14,1,0.6,1,0.9,3,0.1,3,3,3,0,3,,,2.75,3,0,1,,,,,,,0,3,0,3,0,3,0,3,0,3,,,0,3,0,3,0,3,0,3,0.960,3,0.630,3,0.000,3,0.290,3,0.000,3,0.000,3,0.000,3,0.610,3,0.000,3,0.050,3,0.560,3,0.340,3,0.120,3,0.000,3,0.180,3,0.000,3,0.010,3,,,320,3,,,1389,1,541,1,124,3,653,1,599,1,872,1,1210,1,1119,1,1189,1,468,1,141,1,447,1,890,3,1266,3,1464,3,1027,3,901,3,621,3
331,7053,7,Thịt và sản phẩm chế biến,Sườn lợn,SƯỜN LỢN,"Pork, ribs",57.0,357,68.2,1,187,,782,,17.9,1,12.8,1,0.0,1,0.0,1,1.1,1,0,3,0,3,0,3,0,3,0,3,0,3,0,3,7,1,0.61,1,14,5,0.010,5,160,1,200,5,60,5,3.60,5,100,5,6.9,5,0,5,0.96,1,0.23,1,5.2,1,0.6,3,0.26,3,2,3,0,3,2.6,5,0.7,5,0,5,0.69,5,0.1,5,0,5,0,3,0,3,0,3,0,3,0,3,,,0,3,0,3,0,3,0,3,6.450,3,3.970,3,0.000,3,2.120,3,0.040,3,0.000,3,0.000,3,7.450,3,0.000,3,0.430,3,6.240,3,1.970,3,1.810,3,0.160,3,0.000,3,0.000,3,0.000,3,0.08,3,65,3,,,1560,5,420,5,190,5,650,5,740,5,930,5,1270,5,850,5,1050,5,650,5,120,5,590,5,1050,5,1560,5,2290,5,910,5,250,5,680,5
332,7054,7,Thịt và sản phẩm chế biến,Tai lợn,TAI LỢN,Hog ears,4.0,358,72.9,1,126,,528,,21.0,1,4.1,1,1.3,1,0.0,1,0.7,1,,,,,,,,,,,,,,,21,3,2.40,3,7,3,0.120,3,41,3,55,3,191,3,0.19,3,6,3,4.3,3,0,3,0.08,3,0.11,3,0.8,3,0.068,3,0.02,3,0,3,0,3,,,0.07,3,0,3,,,,,,,0,3,0,3,0,3,0,3,0,3,,,0,3,0,3,0,3,0,3,1.460,3,0.920,3,0.000,3,0.490,3,0.000,3,0.000,3,0.000,3,1.860,3,0.000,3,0.120,3,1.750,3,0.440,3,0.380,3,0.040,3,0.020,3,0.000,3,0.000,3,,,82,3,,,1052,3,133,3,43,3,718,3,629,3,830,3,1167,3,492,3,1861,3,269,3,200,3,402,3,2220,3,1660,3,2805,3,4400,3,2848,3,941,3
333,7055,7,Thịt và sản phẩm chế biến,Tim bò,TIM BÒ,"Beef, heart",8.0,359,80.4,1,89,,374,,15.0,1,3.0,1,0.6,1,0.0,1,1.0,1,,,,,,,,,,,,,,,5,1,5.40,1,21,3,0.040,3,185,1,287,3,98,3,1.70,3,396,3,21.8,3,7,1,0.31,1,0.49,1,6.8,1,1.79,3,0.279,3,3,3,0,3,2,5,8.55,3,6,1,,,0.22,3,0,3,0,3,0,3,0,3,17,3,0,3,,,0,3,0,3,0,3,0,3,1.380,3,0.620,3,0.050,3,0.620,3,0.010,3,0.000,3,0.000,3,1.140,3,0.000,3,0.060,3,1.060,3,0.550,3,0.400,3,0.020,3,0.130,3,0.000,3,0.000,3,0.18,3,124,3,,,1431,1,506,1,145,1,628,1,626,1,750,1,1336,1,1067,1,911,1,412,1,182,1,499,1,805,1,1323,1,1410,1,662,1,605,1,633,1
334,7056,7,Thịt và sản phẩm chế biến,Tim gà,TIM GÀ,Chicken heart,0.0,360,77.5,1,114,,475,,16.0,1,5.5,1,0.0,3,0.0,1,1.0,1,,,,,,,,,,,,,,,12,3,5.96,3,15,3,0.090,3,177,3,176,3,74,3,6.59,3,346,3,4.3,3,3,3,0.15,3,0.73,3,4.9,3,2.559,3,0.36,3,72,3,0,3,,,7.29,3,9,3,,,,,,,0,3,0,3,0,3,0,3,0,3,,,0,3,0,3,0,3,0,3,1.570,3,0.860,3,0.000,3,0.460,3,0.000,3,0.000,3,0.000,3,1.400,3,0.000,3,0.230,3,1.170,3,1.600,3,1.130,3,0.040,3,0.420,3,0.000,3,0.000,3,,,136,3,,,1303,3,376,3,199,3,696,3,704,3,880,3,1355,3,833,3,997,3,408,3,211,3,557,3,980,3,1512,3,2308,3,863,3,793,3,627,3
335,7057,7,Thịt và sản phẩm chế biến,Tim lợn,TIM LỢN,Hog heart,6.0,361,79.5,1,94,,393,,15.1,1,3.2,1,1.2,3,0.0,1,1.0,1,,,,,,,,,,,,,,,7,1,5.90,1,19,3,0.060,3,213,1,294,3,56,3,2.80,3,408,3,10.4,3,1,1,0.34,1,0.49,1,5.7,1,2.515,3,0.39,3,4,3,0,3,18.2,5,3.79,3,8,1,,,,,,,0,3,0,3,0,3,0,3,0,3,,,0,3,0,3,0,3,0,3,1.160,3,0.590,3,0.000,3,0.450,3,0.000,3,0.000,3,0.000,3,1.020,3,0.000,3,0.100,3,0.900,3,1.120,3,0.770,3,0.080,3,0.270,3,0.000,3,0.000,3,,,131,3,,,1371,1,406,1,222,1,762,1,762,1,965,1,1490,1,846,1,1049,1,422,1,170,1,627,1,1100,1,1760,1,2488,1,914,1,811,1,762,1
336,7058,7,Thịt và sản phẩm chế biến,Tiết bò,TIẾT BÒ,"Beef, blood",0.0,362,80.4,1,75,,315,,18.0,1,0.2,1,0.4,1,0.0,1,1.0,1,,,,,,,,,,,,,,,8,1,52.60,1,,,,,31,1,,,,,,,,,,,,,0.09,1,0.03,1,0.6,1,,,,,,,,,,,,,30,1,,,,,,,0,3,0,3,0,3,0,3,0,3,,,0,3,0,3,0,3,0,3,,,,,,,,,,,,,,,,,,,,,,,,,,,,,,,,,,,,,,,,,3269,1,781,1,,,1438,1,1281,1,2125,1,2800,1,403,1,1246,1,1932,1,1735,1,774,1,,,,,,,,,,,,
337,7059,7,Thịt và sản phẩm chế biến,Tiết lợn luộc,TIẾT LỢN LUỘC,"Hog blood, boiled",0.0,363,86.8,1,44,,183,,10.7,1,0.1,1,0.0,3,0.0,1,2.4,1,0,3,0,3,0,3,0,3,0,3,0,3,0,3,7,1,25.90,1,,,,,12,1,,,,,,,,,,,,,0.00,1,0.10,1,0.6,1,,,,,,,,,,,,,93,1,,,,,,,0,3,0,3,0,3,0,3,0,3,,,0,3,0,3,0,3,0,3,,,,,,,,,,,,,,,,,,,,,,,,,,,,,,,,,,,,,,,,,,,,,,,,,,,,,,,,,,,,,,,,,,,,,,,,,,,,
338,7060,7,Thịt và sản phẩm chế biến,Tiết lợn sống,TIẾT LỢN SỐNG,"Hog blood, raw",0.0,364,91.9,1,25,,103,,5.7,1,0.1,1,0.2,1,0.0,1,2.1,1,,,,,,,,,,,,,,,7,1,20.40,1,,,,,7,1,,,,,,,,,,,,,,,0.10,1,0.6,1,,,,,,,,,,,,,26,1,,,,,,,0,3,0,3,0,3,0,3,0,3,,,0,3,0,3,0,3,0,3,,,,,,,,,,,,,,,,,,,,,,,,,,,,,,,,,,,,,,,,,800,1,134,1,,,410,1,268,1,608,1,473,1,173,1,383,1,593,1,50,1,716,1,,,,,,,,,,,,
339,7061,7,Thịt và sản phẩm chế biến,Tủy xương bò,TỦY XƯƠNG BÒ,Beef bone marrow,0.0,365,8.7,1,814,,3404,,1.1,1,89.9,1,0.0,1,0.0,1,0.3,1,0,3,0,3,0,3,0,3,0,3,0,3,0,3,89,1,,,,,,,,,,,,,,,,,,,,,,,0.01,1,0.1,1,,,,,,,,,,,,,,,,,,,,,0,3,0,3,0,3,0,3,0,3,,,0,3,0,3,0,3,0,3,,,,,,,,,,,,,,,,,,,,,,,,,,,,,,,,,,,,,,,,,,,,,,,,,,,,,,,,,,,,,,,,,,,,,,,,,,,,
340,7062,7,Thịt và sản phẩm chế biến,Tủy xương lợn,TỦY XƯƠNG LỢN,"Hog, bone marrow",0.0,366,15.0,1,749,,3134,,2.3,1,82.2,1,0.0,1,0.0,1,0.5,1,0,3,0,3,0,3,0,3,0,3,0,3,0,3,,,,,,,,,,,,,,,,,,,,,,,,,,,,,,,,,,,,,,,,,,,,,,,,,0,3,0,3,0,3,0,3,0,3,,,0,3,0,3,0,3,0,3,,,,,,,,,,,,,,,,,,,,,,,,,,,,,,,,,,,,,,,,,,,,,,,,,,,,,,,,,,,,,,,,,,,,,,,,,,,,
341,7063,7,Thịt và sản phẩm chế biến,Ba tê,BA TÊ,Pa tê,0.0,367,47.5,1,326,,1365,,10.8,1,24.6,1,15.4,1,0.0,1,1.7,1,,,,,,,,,,,,,,,26,1,4.20,1,,,,,88,1,,,,,,,,,,,0,1,,,,,,,,,,,,,,,,,,,,,,,,,,,0,3,0,3,0,3,0,3,0,3,,,0,3,0,3,0,3,0,3,,,,,,,,,,,,,,,,,,,,,,,,,,,,,,,,,,,,,,,,,,,,,,,,,,,,,,,,,,,,,,,,,,,,,,,,,,,,
342,7064,7,Thịt và sản phẩm chế biến,Chả lợn,CHẢ LỢN,"Pork, mince fat meat grilled",0.0,368,32.6,1,517,,2164,,10.8,1,50.4,1,5.1,1,0.0,1,1.1,1,,,,,,,,,,,,,,,20,1,,,,,,,100,1,,,,,,,,,,,0,1,,,,,,,,,,,,,,,,,,,,,,,,,,,0,3,0,3,0,3,0,3,0,3,,,0,3,0,3,0,3,0,3,,,,,,,,,,,,,,,,,,,,,,,,,,,,,,,,,,,,,,,,,,,,,,,,,,,,,,,,,,,,,,,,,,,,,,,,,,,,
343,7065,7,Thịt và sản phẩm chế biến,Chả quế lợn,CHẢ QUẾ LỢN,"Pork, cinnamon mince grilled",0.0,369,42.5,1,416,,1740,,16.2,1,39.0,1,0.0,1,0.0,1,2.3,1,0,3,0,3,0,3,0,3,0,3,0,3,0,3,16,1,2.10,1,,,,,45,1,,,,,,,,,,,0,1,,,,,,,,,,,,,,,,,,,,,,,,,,,0,3,0,3,0,3,0,3,0,3,,,0,3,0,3,0,3,0,3,,,,,,,,,,,,,,,,,,,,,,,,,,,,,,,,,,,,,,,,,,,,,,,,,,,,,,,,,,,,,,,,,,,,,,,,,,,,
344,7066,7,Thịt và sản phẩm chế biến,Dăm bông lợn,DĂM BÔNG LỢN,"Ham, pork",0.0,370,48.7,1,318,,1331,,23.0,1,25.0,1,0.3,1,0.0,1,3.0,1,,,,,,,,,,,,,,,10,1,2.10,1,,,,,110,1,,,,,,,,,,,0,1,0.40,1,0.19,1,3.8,1,,,,,,,,,,,,,,,,,,,,,0,3,0,3,0,3,0,3,0,3,,,0,3,0,3,0,3,0,3,,,,,,,,,,,,,,,,,,,,,,,,,,,,,,,,,,,,,,,,,1864,1,621,1,313,1,961,1,1129,1,1194,1,1737,1,1178,1,1465,1,759,1,258,1,826,1,1265,1,2054,1,3326,1,1311,1,1049,1,961,1
345,7067,7,Thịt và sản phẩm chế biến,Dồi lợn,DỒI LỢN,Blood mix-pudding with viscera in large intestine,0.0,371,78.9,1,114,,475,,12.4,1,7.1,1,0.0,3,0.0,1,1.6,1,0,3,0,3,0,3,0,3,0,3,0,3,0,3,28,1,,,,,,,23,1,,,,,,,,,,,0,1,,,,,,,,,,,,,,,,,,,,,,,,,,,0,3,0,3,0,3,0,3,0,3,,,0,3,0,3,0,3,0,3,,,,,,,,,,,,,,,,,,,,,,,,,,,,,,,,,,,,,,,,,,,,,,,,,,,,,,,,,,,,,,,,,,,,,,,,,,,,
346,7068,7,Thịt và sản phẩm chế biến,Giò bò,GIÒ BÒ,Beef dumpling,0.0,372,48.8,1,357,,1492,,13.8,1,33.5,1,0.0,1,0.0,1,3.9,1,0,3,0,3,0,3,0,3,0,3,0,3,0,3,18,1,3.20,1,,,,,12,1,,,,,,,,,,,0,1,,,,,,,,,,,,,,,,,,,,,,,,,,,0,3,0,3,0,3,0,3,0,3,,,0,3,0,3,0,3,0,3,,,,,,,,,,,,,,,,,,,,,,,,,,,,,,,,,,,,,,,,,,,,,,,,,,,,,,,,,,,,,,,,,,,,,,,,,,,,
347,7069,7,Thịt và sản phẩm chế biến,Giò lụa,GIÒ LỤA,"Pork, mince lean meat steamed",0.0,373,72.0,1,136,,567,,21.5,1,5.5,1,0.0,3,0.0,1,1.0,1,0,3,0,3,0,3,0,3,0,3,0,3,0,3,,,,,,,,,,,,,,,,,,,,,0,1,,,,,,,,,,,,,,,,,,,,,,,,,,,0,3,0,3,0,3,0,3,0,3,,,0,3,0,3,0,3,0,3,,,,,,,,,,,,,,,,,,,,,,,,,,,,,,,,,,,,,,,,,,,,,,,,,,,,,,,,,,,,,,,,,,,,,,,,,,,,
348,7070,7,Thịt và sản phẩm chế biến,Giò thủ lợn,GIÒ THỦ LỢN,"Pork, head meat, steamed",0.0,374,29.0,1,553,,2312,,16.0,1,54.3,1,0.0,3,0.0,1,0.7,1,0,3,0,3,0,3,0,3,0,3,0,3,0,3,,,,,,,,,,,,,,,,,,,,,0,1,,,,,,,,,,,,,,,,,,,,,,,,,,,0,3,0,3,0,3,0,3,0,3,,,0,3,0,3,0,3,0,3,,,,,,,,,,,,,,,,,,,,,,,,,,,,,,,,,,,,,,,,,,,,,,,,,,,,,,,,,,,,,,,,,,,,,,,,,,,,
349,7071,7,Thịt và sản phẩm chế biến,Lạp xường,LẠP XƯỜNG,Chinese sausage,0.0,375,18.8,1,585,,2448,,20.8,1,55.0,1,1.7,1,0.0,1,3.7,1,,,,,,,,,,,,,,,52,1,3.00,1,,,,,175,1,,,,,,,,,,,0,1,0.46,1,0.24,1,4.7,1,,,,,,,,,,,,,,,,,,,,,0,3,0,3,0,3,0,3,0,3,,,0,3,0,3,0,3,0,3,,,,,,,,,,,,,,,,,,,,,,,,,,,,,,,,,,,,,,,,,,,,,,,,,,,,,,,,,,,,,,,,,,,,,,,,,,,,
350,7072,7,Thịt và sản phẩm chế biến,Nem chạo,NEM CHẠO,:,0.0,376,68.1,1,153,,638,,16.6,1,6.5,1,6.9,1,0.0,1,1.9,1,,,,,,,,,,,,,,,24,1,1.60,1,,,,,,,,,,,,,,,,,0,1,,,,,,,,,,,,,,,,,,,,,,,,,,,0,3,0,3,0,3,0,3,0,3,,,0,3,0,3,0,3,0,3,,,,,,,,,,,,,,,,,,,,,,,,,,,,,,,,,,,,,,,,,,,,,,,,,,,,,,,,,,,,,,,,,,,,,,,,,,,,
351,7073,7,Thịt và sản phẩm chế biến,Nem chua,NEM CHUA,"Pork mince, fermented",0.0,377,68.0,1,137,,574,,21.7,1,3.7,1,4.3,1,0.0,1,2.3,1,,,,,,,,,,,,,,,24,1,,,,,,,78,1,,,,,,,,,,,0,1,,,,,,,,,,,,,,,,,,,,,,,,,,,0,3,0,3,0,3,0,3,0,3,,,0,3,0,3,0,3,0,3,,,,,,,,,,,,,,,,,,,,,,,,,,,,,,,,,,,,,,,,,,,,,,,,,,,,,,,,,,,,,,,,,,,,,,,,,,,,
352,7074,7,Thịt và sản phẩm chế biến,Ruốc thịt lợn,RUỐC THỊT LỢN,:,0.0,378,25.8,1,369,,1544,,46.6,1,20.3,1,0.0,1,0.0,1,7.3,1,0,3,0,3,0,3,0,3,0,3,0,3,0,3,29,1,0.30,1,,,,,16,1,,,,,,,,,,,0,1,,,,,,,,,,,,,,,,,,,,,,,,,,,0,3,0,3,0,3,0,3,0,3,,,0,3,0,3,0,3,0,3,,,,,,,,,,,,,,,,,,,,,,,,,,,,,,,,,,,,,,,,,,,,,,,,,,,,,,,,,,,,,,,,,,,,,,,,,,,,
353,7075,7,Thịt và sản phẩm chế biến,Thịt bò khô,THỊT BÒ KHÔ,Dried beef,0.0,379,32.4,1,239,,1001,,51.0,1,1.6,1,5.2,1,0.0,1,9.8,1,,,,,,,,,,,,,,,31,1,8.10,1,,,,,476,1,,,,,,,,,,,0,1,0.13,1,0.19,1,30.3,1,,,,,,,,,,,,,,,,,,,,,0,3,0,3,0,3,0,3,0,3,,,0,3,0,3,0,3,0,3,,,,,,,,,,,,,,,,,,,,,,,,,,,,,,,,,,,,,,,,,,,,,,,,,,,,,,,,,,,,,,,,,,,,,,,,,,,,
354,7076,7,Thịt và sản phẩm chế biến,Thịt trâu khô,THỊT TRÂU KHÔ,"Buffalo meat, dried",0.0,380,36.4,1,226,,945,,50.4,1,2.7,1,0.0,3,0.0,1,10.5,1,0,3,0,3,0,3,0,3,0,3,0,3,0,3,,,,,,,,,,,,,,,,,,,,,0,1,,,,,,,,,,,,,,,,,,,,,,,,,,,0,3,0,3,0,3,0,3,0,3,,,0,3,0,3,0,3,0,3,,,,,,,,,,,,,,,,,,,,,,,,,,,,,,,,,,,,,,,,,,,,,,,,,,,,,,,,,,,,,,,,,,,,,,,,,,,,
355,7077,7,Thịt và sản phẩm chế biến,Xúc xích,XÚC XÍCH,Pork sausage,2.0,381,17.0,1,535,,2240,,27.2,1,47.4,1,0.0,3,0.0,1,8.4,1,0,3,0,3,0,3,0,3,0,3,0,3,0,3,7,1,1.90,1,,,,,139,1,,,,,,,,,,,0,1,0.34,1,,,,,,,,,,,,,,,,,,,,,,,,,0,3,0,3,0,3,0,3,0,3,,,0,3,0,3,0,3,0,3,,,,,,,,,,,,,,,,,,,,,,,,,,,,,,,,,,,,,,,,,,,,,,,,,,,,,,,,,,,,,,,,,,,,,,,,,,,,
356,7078,7,Thịt và sản phẩm chế biến,Bột cóc,BỘT cóc,Toad meat powder,0.0,382,7.2,1,342,,1432,,55.4,1,13.4,1,0.0,1,0.0,1,24.0,1,0,3,0,3,0,3,0,3,0,3,0,3,0,3,,,,,,,,,,,,,,,,,,,,,0,1,,,,,,,,,,,,,,,,,,,,,,,,,,,0,3,0,3,0,3,0,3,0,3,,,0,3,0,3,0,3,0,3,,,,,,,,,,,,,,,,,,,,,,,,,,,,,,,,,,,,,,,,,,,,,,,,,,,,,,,,,,,,,,,,,,,,,,,,,,,,
357,7079,7,Thịt và sản phẩm chế biến,Châu chấu,CHÂU CHẤU,Locust,20.0,383,71.1,1,130,,542,,24.3,1,3.6,1,0.0,1,0.0,1,1.0,1,0,3,0,3,0,3,0,3,0,3,0,3,0,3,210,1,0.40,1,,,,,270,1,,,,,,,,,,,0,1,,,,,,,,,,,,,,,,,,,,,,,,,,,0,3,0,3,0,3,0,3,0,3,,,0,3,0,3,0,3,0,3,,,,,,,,,,,,,,,,,,,,,,,,,,,,,,,,,,,,,,,,,,,,,,,,,,,,,,,,,,,,,,,,,,,,,,,,,,,,
358,7080,7,Thịt và sản phẩm chế biến,Ếch (thịt đùi),ẾCH (THỊT ĐÙI),Frog,0.0,384,75.0,1,90,,376,,20.0,1,1.1,1,0.0,1,0.0,1,3.9,1,0,3,0,3,0,3,0,3,0,3,0,3,0,3,18,3,1.50,3,20,3,,,147,3,285,3,58,3,1.00,3,250,3,14.1,3,0,3,0.14,3,0.25,3,1.2,3,,,0.12,3,15,3,0,3,,,0.4,3,15,3,,,1,3,0.1,3,0,3,0,3,0,3,0,3,0,3,,,0,3,0,3,0,3,0,3,0.080,3,0.050,3,0.000,3,0.020,3,0.000,3,0.000,3,0.000,3,0.050,3,0.000,3,0.010,3,0.040,3,0.100,3,0.020,3,0.010,3,0.030,3,0.010,3,0.020,3,,,50,3,,,,,,,,,,,,,,,,,,,,,,,,,,,,,,,,,,,,,,
359,7081,7,Thịt và sản phẩm chế biến,Nhộng,NHỘNG,Silk worm,2.0,385,79.7,1,111,,462,,13.0,1,6.5,1,0.0,1,0.0,1,0.8,1,0,3,0,3,0,3,0,3,0,3,0,3,0,3,40,1,,,,,,,109,1,,,,,,,,,,,0,1,,,,,,,,,,,,,,,,,,,,,,,,,,,0,3,0,3,0,3,0,3,0,3,,,0,3,0,3,0,3,0,3,,,,,,,,,,,,,,,,,,,,,,,,,,,,,,,,,,,,,,,,,,,,,,,,,,,,,,,,,,,,,,,,,,,,,,,,,,,,
360,7082,7,Thịt và sản phẩm chế biến,Lòng gà (cả bộ),LÒNG GÀ (CẢ BỘ),Chicken giblets,0.0,386,74.9,3,119,,498,,17.9,3,4.5,3,1.8,3,0.0,3,1.0,3,,,,,,,,,,,,,,,10,3,5.86,3,18,3,0.150,3,197,3,228,3,77,3,3.32,3,243,3,55.2,3,16,3,0.09,3,0.99,3,0.7,3,3.208,3,0.42,3,345,3,0,3,,,11.41,3,2657,3,,,,,,,0,3,0,3,0,3,0,3,0,3,,,0,3,0,3,0,3,0,3,1.360,3,0.750,3,0.000,3,0.470,3,0.000,3,0.000,3,0.000,3,1.120,3,0.000,3,0.160,3,0.950,3,1.090,3,0.750,3,0.030,3,0.270,3,0.010,3,0.020,3,,,262,3,,,1305,3,447,3,204,3,810,3,811,3,955,3,1430,3,897,3,1194,3,417,3,238,3,587,3,877,3,1675,3,2712,3,985,3,910,3,782,3
361,8001,8,Thủy sản và sản phẩm chế biến,Cá bống,CÁ BỐNG,"Goby, gudgeon",45.0,389,81.9,1,70,,295,,15.8,1,0.8,1,0.0,1,0.0,1,1.5,1,0,3,0,3,0,3,0,3,0,3,0,3,0,3,17,1,0.90,1,,,,,181,1,,,,,,,,,,,0,1,0.02,1,0.04,1,3.2,1,,,,,,,,,,,,,,,,,,,,,0,3,0,3,0,3,0,3,0,3,,,0,3,0,3,0,3,0,3,,,,,,,,,,,,,,,,,,,,,,,,,,,,,,,,,,,,,,,,,1944,1,598,1,176,1,718,1,927,1,987,1,1555,1,897,1,957,1,419,1,260,1,718,1,1067,1,2243,1,2781,1,777,1,718,1,718,1
362,8002,8,Thủy sản và sản phẩm chế biến,Cá chày,CÁ CHÀY,Pond fish,31.0,390,75.1,1,113,,472,,20.1,1,3.6,1,0.0,1,0.0,1,1.2,1,0,3,0,3,0,3,0,3,0,3,0,3,0,3,63,1,0.20,1,,,,,176,1,,,,,,,,,,,0,1,,,,,,,,,,,,,,,,,,,,,,,,,,,0,3,0,3,0,3,0,3,0,3,,,0,3,0,3,0,3,0,3,,,,,,,,,,,,,,,,,,,,,,,,,,,,,,,,,,,,,,,,,,,,,,,,,,,,,,,,,,,,,,,,,,,,,,,,,,,,
363,8003,8,Thủy sản và sản phẩm chế biến,Cá chép,CÁ CHÉP,Carp,40.0,391,79.1,1,96,,403,,16.0,1,3.6,1,0.0,1,0.0,1,1.3,1,0,3,0,3,0,3,0,3,0,3,0,3,0,3,17,1,0.90,1,30,1,0.040,3,184,1,397,1,49,3,1.48,3,57,3,12.6,3,0,1,0.02,1,0.04,1,1.5,1,0.75,3,0.19,3,15,3,0,3,,,1.53,3,181,1,,,0.63,3,0.1,3,0,3,0,3,0,3,0,3,0,3,160,4,0,3,0,3,0,3,0,3,1.080,3,0.660,3,0.000,3,0.190,3,0.000,3,0.000,3,0.000,3,2.240,3,0.000,3,0.660,3,1.150,3,1.430,3,0.520,3,0.270,3,0.150,3,0.240,3,0.110,3,,,70,3,,,1249,1,476,1,200,1,566,1,686,1,1085,1,1249,1,822,1,927,1,335,1,177,1,532,1,975,1,1505,1,2255,1,975,1,945,1,847,1
364,8004,8,Thủy sản và sản phẩm chế biến,Cá dưa,CÁ DƯA,Conger pike,-,392,75.6,1,115,,483,,17.6,1,5.0,1,0.0,1,0.0,1,1.8,1,0,3,0,3,0,3,0,3,0,3,0,3,0,3,64,1,,,,,,,70,1,,,,,,,,,,,0,1,,,,,,,,,,,,,,,,,,,,,,,,,,,0,3,0,3,0,3,0,3,0,3,,,0,3,0,3,0,3,0,3,,,,,,,,,,,,,,,,,,,,,,,,,,,,,,,,,,,,,,,,,,,,,,,,,,,,,,,,,,,,,,,,,,,,,,,,,,,,
365,8005,8,Thủy sản và sản phẩm chế biến,Cá dầu,CÁ DẦU,:,10.0,393,75.1,1,96,,403,,18.9,1,2.3,1,0.0,1,0.0,1,3.7,1,0,3,0,3,0,3,0,3,0,3,0,3,0,3,527,1,,,,,,,885,1,,,,,,,,,,,0,1,,,,,,,,,,,,,,,,,,,,,,,,,,,0,3,0,3,0,3,0,3,0,3,,,0,3,0,3,0,3,0,3,,,,,,,,,,,,,,,,,,,,,,,,,,,,,,,,,,,,,,,,,,,,,,,,,,,,,,,,,,,,,,,,,,,,,,,,,,,,
366,8006,8,Thủy sản và sản phẩm chế biến,Cá diếc,CÁ DIẾC,"Mullet, harder",45.0,394,78.9,1,87,,364,,17.7,1,1.8,1,0.0,1,0.0,1,1.6,1,0,3,0,3,0,3,0,3,0,3,0,3,0,3,70,1,0.80,1,,,,,152,1,,,,,,,,,,,0,1,,,,,,,,,,,,,,,,,,,120,1,,,,,,,0,3,0,3,0,3,0,3,0,3,,,0,3,0,3,0,3,0,3,,,,,,,,,,,,,,,,,,,,,,,,,,,,,,,,,,,,,,,,,,,,,,,,,,,,,,,,,,,,,,,,,,,,,,,,,,,,
367,8007,8,Thủy sản và sản phẩm chế biến,Cá đao,CÁ ĐAO,"Sawfish, wolfherring",-,395,78.3,1,94,,393,,18.3,1,2.3,1,0.0,1,0.0,1,1.1,1,0,3,0,3,0,3,0,3,0,3,0,3,0,3,36,1,,,,,,,50,1,,,,,,,,,,,0,1,,,,,,,,,,,,,,,,,,,,,,,,,,,0,3,0,3,0,3,0,3,0,3,,,0,3,0,3,0,3,0,3,,,,,,,,,,,,,,,,,,,,,,,,,,,,,,,,,,,,,,,,,,,,,,,,,,,,,,,,,,,,,,,,,,,,,,,,,,,,
368,8008,8,Thủy sản và sản phẩm chế biến,Cá đé,CÁ ĐÉ,Chinese herring,-,396,78.8,1,83,,347,,18.7,1,0.9,1,0.0,1,0.0,1,1.6,1,0,3,0,3,0,3,0,3,0,3,0,3,0,3,80,1,,,,,,,130,1,,,,,,,,,,,0,1,,,,,,,,,,,,,,,,,,,,,,,,,,,0,3,0,3,0,3,0,3,0,3,,,0,3,0,3,0,3,0,3,,,,,,,,,,,,,,,,,,,,,,,,,,,,,,,,,,,,,,,,,,,,,,,,,,,,,,,,,,,,,,,,,,,,,,,,,,,,
369,8009,8,Thủy sản và sản phẩm chế biến,Cá đối,CÁ ĐỐI,"Mullet, gray mullet",42.0,397,76.0,1,108,,451,,19.5,1,3.3,1,0.0,1,0.0,1,1.2,1,0,3,0,3,0,3,0,3,0,3,0,3,0,3,21,1,1.00,1,29,3,0.020,3,224,1,357,3,65,3,0.52,3,51,3,36.5,3,0,1,0.07,1,0.15,1,4.6,1,0.76,3,0.425,3,9,3,0,3,,,0.22,3,45,1,,,1,3,0.1,3,0,3,0,3,0,3,0,3,0,3,,,0,3,0,3,0,3,0,3,1.120,3,0.750,3,0.000,3,0.100,3,0.000,3,0.000,3,0.000,3,1.080,3,0.000,3,0.560,3,0.290,3,0.720,3,0.090,3,0.030,3,0.100,3,0.220,3,0.110,3,,,49,3,,,1777,3,573,3,217,3,755,3,848,3,997,3,1573,3,892,3,1158,3,570,3,207,3,653,3,1170,3,1981,3,1889,3,929,3,684,3,789,3
370,8010,8,Thủy sản và sản phẩm chế biến,Cá đồng tiền,CÁ ĐỒNG TIỀN,Goby,-,398,76.4,1,98,,412,,20.1,1,2.0,1,0.0,1,0.0,1,1.5,1,0,3,0,3,0,3,0,3,0,3,0,3,0,3,90,1,,,,,,,100,1,,,,,,,,,,,0,1,,,,,,,,,,,,,,,,,,,,,,,,,,,0,3,0,3,0,3,0,3,0,3,,,0,3,0,3,0,3,0,3,,,,,,,,,,,,,,,,,,,,,,,,,,,,,,,,,,,,,,,,,,,,,,,,,,,,,,,,,,,,,,,,,,,,,,,,,,,,
371,8011,8,Thủy sản và sản phẩm chế biến,Cá hồi,CÁ HỒI,Salmon,40.0,399,71.3,1,136,,568,,22.0,1,5.3,1,0.0,1,0.0,1,1.4,1,0,3,0,3,0,3,0,3,0,3,0,3,0,3,13,1,1.10,1,31,3,0.010,3,230,1,423,3,46,3,0.41,3,51,3,36.5,3,0,1,0.22,1,0.07,1,7.0,1,0.823,3,0.549,3,9,3,0,3,,,4.17,3,30,1,,,0.65,3,0.1,3,0,3,0,3,0,3,0,3,0,3,170,4,0,3,0,3,0,3,0,3,1.260,3,0.750,3,0.000,3,0.210,3,0.000,3,0.000,3,0.000,3,2.130,3,0.000,3,0.510,3,1.200,3,1.990,3,0.210,3,0.160,3,0.130,3,0.430,3,0.660,3,,,45,3,,,1985,3,640,3,242,3,844,3,948,3,1114,3,1757,3,996,3,1294,3,636,3,232,3,730,3,1307,3,2214,3,3227,3,1038,3,764,3,882,3
372,8012,8,Thủy sản và sản phẩm chế biến,"Cá khô (chim, thu, nụ, đé)","CÁ KHÔ (CHIM, THU, NỤ, ĐÉ)","Dried fish, miscellaneous",15.0,400,37.8,1,208,,872,,43.3,1,3.9,1,0.0,1,0.0,1,15.0,1,0,3,0,3,0,3,0,3,0,3,0,3,0,3,120,1,0.90,1,,,,,95,1,,,,,,,,,,,0,1,0.08,1,0.31,1,4.6,1,,,,,,,,,,,,,,,,,,,,,0,3,0,3,0,3,0,3,0,3,,,0,3,0,3,0,3,0,3,,,,,,,,,,,,,,,,,,,,,,,,,,,,,,,,,,,,,,,,,,,,,,,,,,,,,,,,,,,,,,,,,,,,,,,,,,,,
373,8013,8,Thủy sản và sản phẩm chế biến,Cá lác,CÁ LÁC,:,-,401,78.1,1,71,,298,,16.7,1,0.5,1,0.0,1,0.0,1,4.7,1,0,3,0,3,0,3,0,3,0,3,0,3,0,3,80,1,,,,,,,210,1,,,,,,,,,,,0,1,,,,,,,,,,,,,,,,,,,,,,,,,,,0,3,0,3,0,3,0,3,0,3,,,0,3,0,3,0,3,0,3,,,,,,,,,,,,,,,,,,,,,,,,,,,,,,,,,,,,,,,,,,,,,,,,,,,,,,,,,,,,,,,,,,,,,,,,,,,,
374,8014,8,Thủy sản và sản phẩm chế biến,Cá mè,CÁ MÈ,"Hypophthalmichthys, chub, dory, tench bream",36.0,402,74.7,1,144,,600,,15.4,1,9.1,1,0.0,1,0.0,1,0.8,1,0,3,0,3,0,3,0,3,0,3,0,3,0,3,157,1,,,,,,,215,1,,,,,,,,,,,0,1,,,,,,,,,,,,,,,,,,,,,,,,,,,0,3,0,3,0,3,0,3,0,3,,,0,3,0,3,0,3,0,3,,,,,,,,,,,,,,,,,,,,,,,,,,,,,,,,,,,,,,,,,,,,,,,,,,,,,,,,,,,,,,,,,,,,,,,,,,,,
375,8015,8,Thủy sản và sản phẩm chế biến,Cá mòi,CÁ MÒI,Sardin,45.0,403,75.3,1,124,,519,,17.5,1,6.0,1,0.0,1,0.0,1,1.2,1,0,3,0,3,0,3,0,3,0,3,0,3,0,3,80,1,3.00,1,24,4,,,240,1,,,100,4,,4,170,4,58,4,0,1,0.02,1,0.15,1,10.1,1,,,0.96,4,,,,,,,0.14,4,20,1,,,,,,,0,3,0,3,0,3,0,3,0,3,345,4,0,3,0,3,0,3,0,3,,,0.640,4,,,0.250,4,,,,,,,,,,,0.390,4,0.560,4,,,0.090,4,0.040,4,0.050,4,0.580,4,0.810,4,,,,,,,2057,4,577,4,216,4,821,4,1010,4,1308,4,1687,4,1073,4,1182,4,415,4,198,4,731,4,1443,4,2093,4,2742,4,1119,4,767,4,992,4
376,8016,8,Thủy sản và sản phẩm chế biến,Cá mỡ,CÁ MỠ,:,0.0,404,72.7,1,151,,631,,16.8,1,9.3,1,0.0,1,0.0,1,1.2,1,0,3,0,3,0,3,0,3,0,3,0,3,0,3,42,1,1.40,1,,,,,173,1,,,,,,,,,,,0,1,0.08,1,0.21,1,2.7,1,,,,,,,,,,,,,30,1,,,,,,,0,3,0,3,0,3,0,3,0,3,,,0,3,0,3,0,3,0,3,,,,,,,,,,,,,,,,,,,,,,,,,,,,,,,,,,,,,200,1,,,,,,,,,,,,,,,,,,,,,,,,,,,,,,,,,,,,,,
377,8017,8,Thủy sản và sản phẩm chế biến,Cá mối,CÁ MỐI,:,-,405,73.3,1,116,,487,,22.1,1,3.1,1,0.0,1,0.0,1,1.5,1,0,3,0,3,0,3,0,3,0,3,0,3,0,3,60,1,,,,,,,102,1,,,,,,,,,,,0,1,,,,,,,,,,,,,,,,,,,,,,,,,,,0,3,0,3,0,3,0,3,0,3,,,0,3,0,3,0,3,0,3,,,,,,,,,,,,,,,,,,,,,,,,,,,,,,,,,,,,,,,,,,,,,,,,,,,,,,,,,,,,,,,,,,,,,,,,,,,,
378,8018,8,Thủy sản và sản phẩm chế biến,Cá nạc,CÁ NẠC,Fish low fat,39.0,406,80.0,1,80,,334,,17.5,1,1.1,1,0.0,1,0.0,1,1.4,1,0,3,0,3,0,3,0,3,0,3,0,3,0,3,42,1,1.40,1,,,,,173,1,,,,,,,,,,,0,1,0.06,1,0.08,1,2.2,1,,,,,,,,,,,,,,,,,,,,,0,3,0,3,0,3,0,3,0,3,,,0,3,0,3,0,3,0,3,,,,,,,,,,,,,,,,,,,,,,,,,,,,,,,,,,,,,,,,,1420,1,470,1,230,1,610,1,750,1,910,1,1260,1,1100,1,930,1,420,1,,,,,,,,,,,,,,,,
379,8019,8,Thủy sản và sản phẩm chế biến,Cá ngừ,CÁ NGỪ,"Flying fish, tuna",42.0,407,77.5,1,87,,363,,21.0,1,0.3,1,0.0,1,0.0,1,1.2,1,0,3,0,3,0,3,0,3,0,3,0,3,0,3,44,1,1.00,1,50,3,0.010,1,206,1,518,1,78,1,0.52,3,64,3,36.5,3,1,3,0.02,1,0.08,1,4.0,1,0.75,3,0.9,3,2,3,0,3,1.5,5,0.52,3,5,1,,,0.5,3,0.1,3,0,3,0,3,0,3,0,3,0,3,,,0,3,0,3,0,3,0,3,0.240,3,0.160,3,0.000,3,0.050,3,0.000,3,0.000,3,0.000,3,0.150,3,0.000,3,0.030,3,0.110,3,0.280,3,0.010,3,0.010,3,0.030,3,0.040,3,0.180,3,,,45,3,,,2147,3,692,3,262,3,913,3,1025,3,1204,3,1900,3,1077,3,1399,3,688,3,251,3,789,3,1414,3,2394,3,3489,3,1122,3,827,3,954,3
380,8020,8,Thủy sản và sản phẩm chế biến,Cá nục,CÁ NỤC,"Scad, anchovy",-,408,74.9,1,111,,462,,20.2,1,3.3,1,0.0,1,0.0,1,1.6,1,0,3,0,3,0,3,0,3,0,3,0,3,0,3,85,1,3.25,3,41,3,0.070,3,160,1,383,3,104,3,1.72,3,211,3,36.5,3,0,1,0.06,3,0.26,3,14.0,3,0.645,3,0.143,3,9,3,0,3,,,0.62,3,15,3,,,0.57,3,0.1,3,0,3,0,3,0,3,0,3,0,3,,,0,3,0,3,0,3,0,3,1.280,3,0.720,3,0.000,3,0.250,3,0.000,3,0.000,3,0.000,3,1.180,3,0.000,3,0.400,3,0.620,3,1.640,3,0.100,3,0.000,3,0.010,3,0.540,3,0.910,3,,,60,3,,,1869,3,602,3,228,3,794,3,892,3,1048,3,1654,3,938,3,1217,3,599,3,218,3,687,3,1231,3,2084,3,3038,3,977,3,720,3,830,3
381,8021,8,Thủy sản và sản phẩm chế biến,Cá phèn,CÁ PHÈN,"Goatfish, surmullet, red mullet",-,409,78.2,1,104,,436,,15.9,1,4.5,1,0.0,1,0.0,1,1.4,1,0,3,0,3,0,3,0,3,0,3,0,3,0,3,40,1,,,,,,,50,1,,,,,,,,,,,0,1,,,,,,,,,,,,,,,,,,,,,,,,,,,0,3,0,3,0,3,0,3,0,3,,,0,3,0,3,0,3,0,3,,,,,,,,,,,,,,,,,,,,,,,,,,,,,,,,,,,,,,,,,,,,,,,,,,,,,,,,,,,,,,,,,,,,,,,,,,,,
382,8022,8,Thủy sản và sản phẩm chế biến,Cá quả,CÁ QUẢ,"Fish, snake head",40.0,410,78.0,1,97,,406,,18.2,1,2.7,1,0.0,1,0.0,1,1.1,1,0,3,0,3,0,3,0,3,0,3,0,3,0,3,90,1,,,,,,,240,1,,,,,,,,,,,0,1,0.04,1,0.12,1,2.3,1,,,,,,,,,,,,,,,,,,,,,0,3,0,3,0,3,0,3,0,3,,,0,3,0,3,0,3,0,3,,,,,,,,,,,,,,,,,,,,,,,,,,,,,,,,,,,,,600,1,,,,,,,,,,,,,,,,,,,,,,,,,,,,,,,,,,,,,,
383,8023,8,Thủy sản và sản phẩm chế biến,Cá rô đồng,CÁ RÔ ĐỒNG,Anabas,44.0,411,74.2,1,126,,527,,19.1,1,5.5,1,0.0,1,0.0,1,1.2,1,0,3,0,3,0,3,0,3,0,3,0,3,0,3,26,1,0.25,1,,,,,151,1,,,,,,,,,,,0,1,,,,,,,,,,,,,,,,,,,,,,,,,,,0,3,0,3,0,3,0,3,0,3,,,0,3,0,3,0,3,0,3,,,,,,,,,,,,,,,,,,,,,,,,,,,,,,,,,,,,,,,,,,,,,,,,,,,,,,,,,,,,,,,,,,,,,,,,,,,,
384,8024,8,Thủy sản và sản phẩm chế biến,Cá rô phi,CÁ RÔ PHI,"Tilapia, African carp",43.0,412,76.8,1,100,,416,,19.7,1,2.3,1,0.0,1,0.0,1,1.2,1,0,3,0,3,0,3,0,3,0,3,0,3,0,3,50,1,0.53,1,,,,,148,1,,,,,,,,,,,0,1,,,,,,,,,,,,,,,,,,,,,,,,,,,0,3,0,3,0,3,0,3,0,3,,,0,3,0,3,0,3,0,3,,,,,,,,,,,,,,,,,,,,,,,,,,,,,,,,,,,,,,,,,,,,,,,,,,,,,,,,,,,,,,,,,,,,,,,,,,,,
385,8025,8,Thủy sản và sản phẩm chế biến,Cá thờn bơn (cá bơn),CÁ THỜN BƠN (CÁ BƠN),"Flounder, sole, turbot",-,413,81.3,1,73,,306,,17.4,1,0.4,1,0.0,1,0.0,1,0.9,1,0,3,0,3,0,3,0,3,0,3,0,3,0,3,36,1,,,,,,,45,1,,,,,,,,,,,0,1,,,,,,,,,,,,,,,,,,,,,,,,,,,0,3,0,3,0,3,0,3,0,3,,,0,3,0,3,0,3,0,3,,,,,,,,,,,,,,,,,,,,,,,,,,,,,,,,,,,,,13,1,,,,,,,,,,,,,,,,,,,,,,,,,,,,,,,,,,,,,,
386,8026,8,Thủy sản và sản phẩm chế biến,Cá thu,CÁ THU,"Mackerel, codfish, kingfish",35.0,414,70.2,1,166,,692,,18.2,1,10.3,1,0.0,1,0.0,1,1.3,1,0,3,0,3,0,3,0,3,0,3,0,3,0,3,50,1,1.30,1,35,1,,,90,1,486,1,110,1,,,200,1,,,0,1,0.07,1,0.17,1,6.6,1,,,,,,,,,7,5,,,10,1,,,,,,,0,3,0,3,0,3,0,3,0,3,145,4,0,3,0,3,0,3,0,3,2.420,5,1.580,5,0.000,5,0.310,5,0.000,5,0.000,5,0.000,5,4.050,5,0.000,5,0.540,5,1.690,5,2.480,5,0.160,5,0.120,5,0.140,5,0.670,5,0.160,5,,,,,,,1600,5,520,5,190,5,730,5,790,5,1100,5,1400,5,900,5,1000,5,840,5,140,5,640,5,1100,5,1700,5,2200,5,840,5,610,5,730,5
387,8027,8,Thủy sản và sản phẩm chế biến,Cá thu đao,CÁ THU ĐAO,:,30.0,415,70.3,1,156,,651,,20.0,1,8.4,1,0.0,1,0.0,1,1.3,1,0,3,0,3,0,3,0,3,0,3,0,3,0,3,22,1,3.00,1,28,3,0.020,3,190,1,406,3,86,3,0.67,3,93,3,36.5,3,0,1,0.05,1,0.10,1,6.0,1,0.316,3,0.33,3,2,3,0,3,,,4.4,3,35,1,,,1,3,0.1,3,0,3,0,3,0,3,0,3,0,3,,,0,3,0,3,0,3,0,3,2.250,3,1.390,3,0.000,3,0.440,3,0.000,3,0.000,3,0.000,3,2.630,3,0.000,3,0.470,3,1.330,3,1.940,3,0.120,3,0.050,3,0.080,3,0.510,3,0.930,3,,,47,3,,,1843,3,594,3,225,3,783,3,880,3,1034,3,1631,3,925,3,1201,3,591,3,215,3,678,3,1214,3,2055,3,2996,3,963,3,710,3,819,3
388,8028,8,Thủy sản và sản phẩm chế biến,Cá trạch (cá chạch),CÁ TRẠCH (CÁ CHẠCH),Loach,26.0,416,74.2,1,110,,462,,20.4,1,3.2,1,0.0,1,0.0,1,2.2,1,0,3,0,3,0,3,0,3,0,3,0,3,0,3,109,1,0.20,1,,,,,231,1,,,,,,,,,,,0,1,,,,,,,,,,,,,,,,,,,,,,,,,,,0,3,0,3,0,3,0,3,0,3,,,0,3,0,3,0,3,0,3,,,,,,,,,,,,,,,,,,,,,,,,,,,,,,,,,,,,,,,,,,,,,,,,,,,,,,,,,,,,,,,,,,,,,,,,,,,,
389,8029,8,Thủy sản và sản phẩm chế biến,Cá trắm cỏ,CÁ TRẮM CỎ,"Carp, amur",35.0,417,79.4,1,91,,382,,17.0,1,2.6,1,0.0,1,0.0,1,1.0,1,0,3,0,3,0,3,0,3,0,3,0,3,0,3,57,1,0.10,1,,,,,145,1,,,,,,,,,,,0,1,,,,,,,,,,,,,,,,,,,,,,,,,,,0,3,0,3,0,3,0,3,0,3,,,0,3,0,3,0,3,0,3,,,,,,,,,,,,,,,,,,,,,,,,,,,,,,,,,,,,,,,,,,,,,,,,,,,,,,,,,,,,,,,,,,,,,,,,,,,,
390,8030,8,Thủy sản và sản phẩm chế biến,Cá trê,CÁ TRÊ,"Catfish, silurus, sheatfish, hito",40.0,418,70.4,1,173,,724,,16.5,1,11.9,1,0.0,1,0.0,1,1.2,1,0,3,0,3,0,3,0,3,0,3,0,3,0,3,20,1,1.00,1,23,3,0.020,3,210,1,299,3,53,3,0.74,3,101,3,12.6,3,0,1,0.10,1,0.04,1,1.4,1,0.6,3,0.188,3,10,3,0,3,,,2.47,3,93,1,,,1.2,3,0.1,3,0,3,0,3,0,3,0,3,0,3,,,0,3,0,3,0,3,0,3,1.770,3,1.270,3,0.000,3,0.350,3,0.000,3,0.000,3,0.000,3,3.590,3,0.000,3,0.280,3,3.170,3,1.570,3,0.880,3,0.100,3,0.090,3,0.070,3,0.210,3,,,47,3,,,1429,3,460,3,174,3,607,3,682,3,801,3,1264,3,717,3,931,3,458,3,167,3,525,3,941,3,1593,3,2322,3,747,3,550,3,635,3
391,8031,8,Thủy sản và sản phẩm chế biến,Cá trích,CÁ TRÍCH,Herring,35.0,419,70.5,1,166,,695,,17.7,1,10.6,1,0.0,1,0.0,1,1.2,1,0,3,0,3,0,3,0,3,0,3,0,3,0,3,64,1,2.80,1,32,1,0.020,1,174,1,423,3,160,1,0.53,3,300,1,36.5,3,0,1,0.02,1,0.18,1,5.0,1,1,3,0.45,3,5,3,0,3,10,5,10,3,20,1,,,,,,,0,3,0,3,0,3,0,3,0,3,210,4,0,3,0,3,0,3,0,3,3.260,3,2.020,3,0.000,3,0.260,3,0.000,3,0.000,3,0.000,3,6.870,3,0.000,3,1.060,3,2.910,3,2.420,3,0.190,3,0.060,3,0.250,3,0.970,3,0.690,3,,,406,3,,,1506,3,485,3,184,3,640,3,719,3,845,3,1332,3,755,3,981,3,483,3,176,3,553,3,991,3,1679,3,2447,3,787,3,580,3,669,3
392,8032,8,Thủy sản và sản phẩm chế biến,Cá trôi,CÁ TRÔI,"Major carp, mud carp; cirrhina molitorella",27.6,420,74.3,1,127,,529,,18.8,1,5.7,1,0.0,1,0.0,1,1.2,1,0,3,0,3,0,3,0,3,0,3,0,3,0,3,76,1,0.05,1,,,,,185,1,,,,,,,,,,,0,1,,,,,,,,,,,,,,,,,,,,,,,,,,,0,3,0,3,0,3,0,3,0,3,,,0,3,0,3,0,3,0,3,,,,,,,,,,,,,,,,,,,,,,,,,,,,,,,,,,,,,,,,,,,,,,,,,,,,,,,,,,,,,,,,,,,,,,,,,,,,
393,8033,8,Thủy sản và sản phẩm chế biến,Cua bể,CUA BỂ,"Crab, sea water",40.0,421,72.2,1,103,,433,,17.5,1,0.6,1,7.0,1,0.0,1,2.7,1,,,,,,,,,,,,,,,141,1,3.80,1,48,1,,,191,1,322,1,316,1,1.40,1,,,,,0,1,0.03,1,0.71,1,2.7,1,,,,,,,,,,,,,36,1,,,,,,,0,3,0,3,0,3,0,3,0,3,,,0,3,0,3,0,3,0,3,0.090,3,,,,,,,,,,,,,0.080,3,,,,,,,0.130,3,,,,,,,,,,,,,78,1,,,1526,1,517,1,278,1,820,1,888,1,853,1,1540,1,800,1,1084,1,407,1,283,1,806,1,982,1,2054,1,2780,1,811,1,773,1,839,1
394,8034,8,Thủy sản và sản phẩm chế biến,Cua đồng,CUA ĐỒNG,"Crab, fresh water",69.0,422,74.4,1,87,,364,,12.3,1,3.3,1,2.0,1,0.0,1,8.0,1,,,,,,,,,,,,,,,120,2,1.40,2,,,,,171,2,266,2,453,2,,,,,,,0,1,0.01,1,0.51,1,2.1,1,,,,,,,,,,,,,210,2,,,,,,,0,3,0,3,0,3,0,3,0,3,,,0,3,0,3,0,3,0,3,,,,,,,,,,,,,,,,,,,,,,,,,,,,,,,,,,,,,,,,,,,,,,,,,,,,,,,,,,,,,,,,,,,,,,,,,,,,
395,8035,8,Thủy sản và sản phẩm chế biến,Ghẹ,GHẸ,Crab,68.0,423,85.5,1,54,,226,,11.9,1,0.7,1,0.0,3,0.0,1,1.9,1,0,3,0,3,0,3,0,3,0,3,0,3,0,3,89,3,0.74,3,34,3,0.150,3,229,3,329,3,293,3,3.54,3,669,3,37.4,3,0,3,0.03,3,0.71,3,2.7,3,0.35,3,0.15,3,44,3,0,3,,,9,3,2,3,,,,,,,0,3,0,3,0,3,0,3,0,3,,,0,3,0,3,0,3,0,3,0.220,3,0.140,3,0.000,3,0.080,3,0.000,3,0.000,3,0.000,3,0.190,3,0.000,3,0.060,3,0.100,3,0.390,3,0.010,3,0.000,3,0.060,3,0.170,3,0.150,3,,,78,3,,,,,,,,,,,,,,,,,,,,,,,,,,,,,,,,,,,,,,
396,8036,8,Thủy sản và sản phẩm chế biến,Hải sâm,HẢI SÂM,"Sea slug, sea cucumber",0.0,424,76.9,1,90,,374,,21.5,1,0.3,1,0.2,1,0.0,1,1.1,1,,,,,,,,,,,,,,,118,1,1.40,1,,,,,22,1,,,,,,,,,,,0,1,0.01,1,0.02,1,0.1,1,,,,,,,,,,,,,102,1,,,,,,,0,3,0,3,0,3,0,3,0,3,,,0,3,0,3,0,3,0,3,,,,,,,,,,,,,,,,,,,,,,,,,,,,,,,,,,,,,,,,,885,1,335,1,125,1,510,1,1090,1,920,1,1090,1,715,1,1325,1,210,1,305,1,545,1,1460,1,2040,1,3060,1,3195,1,1530,1,1020,1
397,8037,8,Thủy sản và sản phẩm chế biến,Hến,HẾN,Clam,82.0,425,88.8,1,45,,187,,4.5,1,0.7,1,5.1,1,0.0,1,0.9,1,,,,,,,,,,,,,,,144,1,1.60,1,,,,,86,1,,,,,,,,,,,0,1,,,0.12,1,2.3,1,,,,,,,,,,,,,,,,,,,,,0,3,0,3,0,3,0,3,0,3,,,0,3,0,3,0,3,0,3,,,,,,,,,,,,,,,,,,,,,,,,,,,,,,,,,,,,,,,,,330,1,108,1,42,1,194,1,165,1,151,1,309,1,194,1,467,1,45,1,59,1,151,1,266,1,438,1,618,1,244,1,179,1,201,1
398,8038,8,Thủy sản và sản phẩm chế biến,Lươn,LƯƠN,"Eel, silver - pike",35.0,426,68.3,3,180,,752,,18.4,3,11.7,3,0.2,3,0.0,3,1.4,3,,,,,,,,,,,,,,,35,1,1.00,1,20,3,0.040,3,164,1,272,3,51,3,1.62,3,23,3,6.5,3,0,1,0.15,1,0.31,1,3.8,1,0.24,3,0.067,3,15,3,0,3,,,3,3,1800,1,,,4,3,0,3,0,3,0,3,0,3,0,3,0,3,,,0,3,0,3,0,3,0,3,2.360,3,1.590,3,0.000,3,0.190,3,0.000,3,0.000,3,0.000,3,7.190,3,0.000,3,1.260,3,2.770,3,0.950,3,0.200,3,0.430,3,0.100,3,0.080,3,0.060,3,,,126,3,,,1040,1,700,1,30,1,1260,1,1340,1,1140,1,1320,1,1360,1,1190,1,495,1,158,1,672,1,922,1,170,1,2840,1,815,1,658,1,957,1
399,8039,8,Thủy sản và sản phẩm chế biến,Mực khô,MỰC KHÔ,"Dried cuttle fish, squid",4.0,427,26.2,1,291,,1217,,60.1,1,4.5,1,2.5,1,0.0,1,6.7,1,,,,,,,,,,,,,,,27,1,5.60,1,,,,,287,1,,,,,,,,,,,0,1,0.13,1,0.17,1,6.8,1,,,,,,,,,,,,,,,,,,,,,0,3,0,3,0,3,0,3,0,3,,,0,3,0,3,0,3,0,3,,,,,,,,,,,,,,,,,,,,,,,,,,,,,,,,,,,,,,,,,,,,,,,,,,,,,,,,,,,,,,,,,,,,,,,,,,,,
400,8040,8,Thủy sản và sản phẩm chế biến,Mực tươi,MỰC TƯƠI,"Cuttle fish, raw (Squid)",22.0,428,81.4,1,73,,307,,16.3,1,0.9,1,0.0,3,0.0,1,1.4,1,,,,,,,,,,,,,,,14,1,0.60,1,33,3,0.040,3,150,1,273,1,44,3,0.70,1,1891,3,44.8,3,5,1,0.01,1,0.06,1,1.0,1,0.5,3,0.056,3,5,3,0,3,,,1.3,3,10,1,,,1.2,3,0,3,0,3,0,3,0,3,0,3,0,3,,,0,3,0,3,0,3,0,3,0.360,3,0.260,3,0.000,3,0.060,3,0.000,3,0.000,3,0.000,3,0.110,3,0.000,3,0.010,3,0.050,3,0.520,3,0.000,3,0.000,3,0.010,3,0.150,3,0.340,3,,,233,3,,,1164,3,351,3,174,3,558,3,670,3,680,3,1096,3,678,3,1136,3,299,3,204,3,498,3,942,3,1503,3,2118,3,974,3,635,3,698,3
401,8041,8,Thủy sản và sản phẩm chế biến,Ốc bươu,ỐC BƯƠU,"Snail medium - size, edible",67.0,429,76.8,1,84,,351,,11.1,1,0.7,1,8.3,1,0.0,1,3.1,1,,,,,,,,,,,,,,,1310,1,,,,,,,64,1,,,,,,,,,,,0,1,,,,,,,,,,,,,,,,,,,,,,,,,,,0,3,0,3,0,3,0,3,0,3,,,0,3,0,3,0,3,0,3,,,,,,,,,,,,,,,,,,,,,,,,,,,,,,,,,,,,,,,,,,,,,,,,,,,,,,,,,,,,,,,,,,,,,,,,,,,,
402,8042,8,Thủy sản và sản phẩm chế biến,Ốc đá,ỐC ĐÁ,"Marble snail, edible",80.0,430,80.3,1,63,,264,,11.2,1,0.3,1,3.9,1,0.0,1,4.3,1,,,,,,,,,,,,,,,1660,1,,,,,,,83,1,,,,,,,,,,,0,1,,,,,,,,,,,,,,,,,,,,,,,,,,,0,3,0,3,0,3,0,3,0,3,,,0,3,0,3,0,3,0,3,,,,,,,,,,,,,,,,,,,,,,,,,,,,,,,,,,,,,,,,,,,,,,,,,,,,,,,,,,,,,,,,,,,,,,,,,,,,
403,8043,8,Thủy sản và sản phẩm chế biến,Ốc nhồi,ỐC NHỒI,"Snail large, edible",79.0,431,77.6,1,84,,353,,11.9,1,0.7,1,7.6,1,0.0,1,2.2,1,,,,,,,,,,,,,,,1357,1,,,,,,,191,1,,,,,,,,,,,0,1,0.05,1,0.17,1,2.2,1,,,,,,,,,,,,,,,,,,,,,0,3,0,3,0,3,0,3,0,3,,,0,3,0,3,0,3,0,3,,,,,,,,,,,,,,,,,,,,,,,,,,,,,,,,,,,,,,,,,,,,,,,,,,,,,,,,,,,,,,,,,,,,,,,,,,,,
404,8044,8,Thủy sản và sản phẩm chế biến,Lofe: văn,lofe: VĂN,Helix,70.0,432,79.1,1,72,,303,,12.2,1,0.7,1,4.3,1,0.0,1,3.7,1,,,,,,,,,,,,,,,1356,1,,,,,,,51,1,,,,,,,,,,,0,1,,,,,,,,,,,,,,,,,,,,,,,,,,,0,3,0,3,0,3,0,3,0,3,,,0,3,0,3,0,3,0,3,,,,,,,,,,,,,,,,,,,,,,,,,,,,,,,,,,,,,,,,,,,,,,,,,,,,,,,,,,,,,,,,,,,,,,,,,,,,
405,8045,8,Thủy sản và sản phẩm chế biến,"Rạm (muối, đồ)","RẠM (MUỐI, ĐỒ)","Small sea - crab bicled, steamed",50.0,433,64.4,1,83,,347,,14.2,1,2.9,1,0.0,3,0.0,1,18.5,1,0,3,0,3,0,3,0,3,0,3,0,3,0,3,4820,1,,,,,,,330,1,,,,,,,,,,,0,1,,,,,,,,,,,,,,,,,,,,,,,,,,,0,3,0,3,0,3,0,3,0,3,,,0,3,0,3,0,3,0,3,,,,,,,,,,,,,,,,,,,,,,,,,,,,,,,,,,,,,,,,,,,,,,,,,,,,,,,,,,,,,,,,,,,,,,,,,,,,
406,8046,8,Thủy sản và sản phẩm chế biến,Rạm tươi,RẠM TƯƠI,Smail sea - crab,50.0,434,78.2,1,77,,321,,12.9,1,2.8,1,0.0,3,0.0,1,6.1,1,0,3,0,3,0,3,0,3,0,3,0,3,0,3,3520,1,,,,,,,180,1,,,,,,,,,,,0,1,,,,,,,,,,,,,,,,,,,,,,,,,,,0,3,0,3,0,3,0,3,0,3,,,0,3,0,3,0,3,0,3,,,,,,,,,,,,,,,,,,,,,,,,,,,,,,,,,,,,,,,,,,,,,,,,,,,,,,,,,,,,,,,,,,,,,,,,,,,,
407,8047,8,Thủy sản và sản phẩm chế biến,Rươi,RƯƠI,Tylorhynchus sinensis,5.0,435,81.9,1,89,,373,,12.4,1,4.4,1,0.0,3,0.0,1,1.3,1,0,3,0,3,0,3,0,3,0,3,0,3,0,3,66,1,1.80,1,,,,,57,1,,,,,,,,,,,0,1,,,,,,,,,,,,,,,,,,,,,,,,,,,0,3,0,3,0,3,0,3,0,3,,,0,3,0,3,0,3,0,3,,,,,,,,,,,,,,,,,,,,,,,,,,,,,,,,,,,,,,,,,,,,,,,,,,,,,,,,,,,,,,,,,,,,,,,,,,,,
408,8048,8,Thủy sản và sản phẩm chế biến,Sò,Sò,Oyster,80.0,436,82.1,1,78,,328,,9.5,1,2.3,1,4.9,1,0.0,1,1.2,1,,,,,,,,,,,,,,,37,1,1.90,1,42,,0.600,1,82,1,223,1,380,1,13.40,1,1576,3,77,3,0,1,0.03,1,0.15,1,1.7,1,0.5,3,0.05,3,10,3,0,3,41,5,16,3,53,1,,,,,,,0,3,0,3,0,3,0,3,0,3,90,4,0,3,0,3,0,3,0,3,0.510,3,0.360,3,0.000,3,0.070,3,0.000,3,0.000,3,0.000,3,0.360,3,0.000,3,0.110,3,0.190,3,0.890,3,0.030,3,0.030,3,0.040,3,0.440,3,0.250,3,,,50,3,,,722,1,245,1,87,1,425,1,419,1,484,1,833,1,762,1,767,1,153,1,148,1,228,1,522,1,827,1,1489,1,458,1,632,1,425,1
409,8049,8,Thủy sản và sản phẩm chế biến,Tép gạo,TÉP GẠO,Tiny shrimp,8.0,437,84.5,1,58,,241,,11.7,1,1.2,1,0.0,3,0.0,1,2.6,1,0,3,0,3,0,3,0,3,0,3,0,3,0,3,910,1,,,,,,,218,1,,,,,,,,,,,0,1,,,,,,,,,,,,,,,,,,,,,,,,,,,,,,,,,,,,,,,0,3,0,3,0,3,0,3,,,,,,,,,,,,,,,,,,,,,,,,,,,,,,,,,,,,,,,,,,,,,,,,,,,,,,,,,,,,,,,,,,,,,,,,,,,,
410,8050,8,Thủy sản và sản phẩm chế biến,Tép khô,TÉP KHÔ,"Tiny shrimp, dried",5.0,438,23.0,1,269,,1125,,59.8,1,3.0,1,0.7,1,0.0,1,13.5,1,,,,,,,,,,,,,,,2000,1,5.50,1,,,,,605,1,,,,,,,,,,,0,1,0.03,1,0.07,1,2.5,1,,,,,,,,,,,,,,,,,,,,,,,,,,,,,,,,,0,3,0,3,0,3,0,3,,,,,,,,,,,,,,,,,,,,,,,,,,,,,,,,,,,,,,,,,,,,,,,,,,,,,,,,,,,,,,,,,,,,,,,,,,,,
411,8051,8,Thủy sản và sản phẩm chế biến,Tôm biến,TÔM BIẾN,"Sea shrimp, sea-water shrimp",54.0,439,79.2,1,82,,344,,17.6,1,0.9,1,0.9,1,0.0,1,1.4,1,,,,,,,,,,,,,,,79,1,1.60,1,37,3,0.050,3,184,1,185,3,148,3,1.11,3,264,3,38,3,0,1,0.04,1,0.08,1,2.3,1,0.276,3,0.104,3,3,3,0,3,5,5,1.16,3,20,1,,,1.1,3,0,3,5,3,,,,,,,,,147,4,0,3,0,3,0,3,0,3,0.330,3,0.180,3,0.000,3,0.100,3,0.000,3,0.000,3,0.000,3,0.250,3,0.000,3,0.080,3,0.150,3,0.670,3,0.030,3,0.010,3,0.090,3,0.260,3,0.220,3,,,152,3,,,,,,,,,,,,,,,,,,,,,,,,,,,,,,,,,,,,,,
412,8052,8,Thủy sản và sản phẩm chế biến,Tôm đồng,TÔM ĐỒNG,Fresh-water shrimp,10.0,440,76.9,1,90,,376,,18.4,1,1.8,1,0.0,3,0.0,1,2.9,1,0,3,0,3,0,3,0,3,0,3,0,3,0,3,1120,1,2.20,1,42,1,,,150,1,316,1,418,1,,,,,58.8,1,0,1,0.02,1,0.03,1,3.2,1,,,,,,,,,,,,,15,1,,,,,,,,,,,,,,,,,,,0,3,0,3,0,3,0,3,,,,,,,,,,,,,,,,,,,,,,,,,,,,,,,,,,,,,,,,,1560,1,630,1,180,1,830,1,750,1,940,1,1560,1,980,1,1730,1,400,1,200,1,556,1,961,1,1872,1,2844,1,1141,1,644,1,674,1
413,8053,8,Thủy sản và sản phẩm chế biến,Tôm khô,TÔM KHÔ,"Shrimp, dried",5.0,441,12.6,1,347,,1450,,75.6,1,3.8,1,2.5,1,0.0,1,5.5,1,,,,,,,,,,,,,,,236,1,4.60,1,,,,,995,1,,,,,,,,,,,0,1,0.16,1,0.34,1,9.5,1,,,,,,,,,,,,,,,,,,,,,,,,,,,,,,,,,0,3,0,3,0,3,0,3,,,,,,,,,,,,,,,,,,,,,,,,,,,,,,,,,,,,,,,,,,,,,,,,,,,,,,,,,,,,,,,,,,,,,,,,,,,,
414,8054,8,Thủy sản và sản phẩm chế biến,Trai,TRAI,Manodonta,60.0,442,89.9,1,38,,160,,4.6,1,1.1,1,2.5,1,0.0,1,1.9,1,,,,,,,,,,,,,,,668,1,1.50,1,9,3,0.500,3,107,1,314,3,56,3,1.37,3,344,3,24.3,3,0,1,0.02,1,0.46,1,3.1,1,0.362,3,0.06,3,16,3,0,3,,,49.44,3,90,3,,,0.31,3,0.2,3,0,3,0,3,0,3,0,3,0,3,,,0,3,0,3,0,3,0,3,0.090,3,0.060,3,0.000,3,0.020,3,0.000,3,0.000,3,0.000,3,0.080,3,0.000,3,0.020,3,0.030,3,0.280,3,0.020,3,0.000,3,0.040,3,0.070,3,0.070,3,,,34,3,,,200,1,120,1,50,1,250,1,340,1,250,1,270,1,270,1,240,1,60,1,,,,,,,,,,,,,,,,
415,8055,8,Thủy sản và sản phẩm chế biến,Bánh phồng tôm rán,BÁNH PHỒNG TÔM RÁN,Deep fried shrimp paste,0.0,443,3.8,1,676,,2827,,1.6,1,59.2,1,34.1,1,0.0,1,1.3,1,,,,,,,,,,,,,,,175,1,,,,,,,30,1,,,,,,,,,,,0,1,,,,,,,,,,,,,,,,,,,,,,,,,,,0,3,0,3,0,3,0,3,0,3,,,0,3,0,3,0,3,0,3,,,,,,,,,,,,,,,,,,,,,,,,,,,,,,,,,,,,,,,,,,,,,,,,,,,,,,,,,,,,,,,,,,,,,,,,,,,,
416,8056,8,Thủy sản và sản phẩm chế biến,Bánh phồng tôm sống,BÁNH PHỒNG TÔM SỐNG,Shrimp paste,0.0,444,12.0,1,381,,1596,,3.4,1,7.4,1,75.3,1,0.0,1,1.9,1,,,,,,,,,,,,,,,258,1,,,,,,,50,1,,,,,,,,,,,0,1,,,,,,,,,,,,,,,,,,,,,,,,,,,0,3,0,3,0,3,0,3,0,3,,,0,3,0,3,0,3,0,3,,,,,,,,,,,,,,,,,,,,,,,,,,,,,,,,,,,,,,,,,,,,,,,,,,,,,,,,,,,,,,,,,,,,,,,,,,,,
417,8057,8,Thủy sản và sản phẩm chế biến,Bột cá,BỘT CÁ,Fish flour with bones,0.0,445,11.6,1,323,,1351,,71.2,1,2.9,1,3.0,1,0.0,1,11.3,1,,,,,,,,,,,,,,,505,1,50.00,1,,,,,207,1,,,,,,,,,,,0,1,0.03,1,0.38,1,,,,,,,,,,,,,,,,,,,,,,,0,3,0,3,0,3,0,3,0,3,,,0,3,0,3,0,3,0,3,,,,,,,,,,,,,,,,,,,,,,,,,,,,,,,,,,,,,,,,,,,,,,,,,,,,,,,,,,,,,,,,,,,,,,,,,,,,
418,8058,8,Thủy sản và sản phẩm chế biến,Ruốc cá quả,RUỐC CÁ QUẢ,"Shredded snake-head fish, salted and dried",0.0,446,14.0,1,312,,1304,,65.7,1,4.1,1,3.0,1,0.0,1,13.2,1,,,,,,,,,,,,,,,26,1,,,,,,,654,1,,,,,,,,,,,0,1,,,,,,,,,,,,,,,,,,,,,,,,,,,0,3,0,3,0,3,0,3,0,3,,,0,3,0,3,0,3,0,3,,,,,,,,,,,,,,,,,,,,,,,,,,,,,,,,,,,,,,,,,,,,,,,,,,,,,,,,,,,,,,,,,,,,,,,,,,,,
419,8059,8,Thủy sản và sản phẩm chế biến,Ruốc tôm,RUỐC TÔM,"Shredded shrimp, salted and dried",0.0,447,13.1,1,305,,1275,,65.5,1,3.1,1,3.7,1,0.0,1,14.6,1,,,,,,,,,,,,,,,,,,,,,,,,,,,,,,,,,,,0,1,,,,,,,,,,,,,,,,,,,,,,,,,,,,,,,,,,,,,,,0,3,0,3,0,3,0,3,,,,,,,,,,,,,,,,,,,,,,,,,,,,,,,,,,,,,,,,,,,,,,,,,,,,,,,,,,,,,,,,,,,,,,,,,,,,
420,9001,9,Trứng và sản phẩm chế biến,Trứng gà,TRỨNG GÀ,"Hen egg, raw, whole",14.0,450,72.0,1,166,,693,,14.8,1,11.6,1,0.5,1,0.0,1,1.1,1,0.77,3,0.11,3,0.11,3,0.11,3,0.11,3,0.21,3,0.11,3,55,1,2.70,1,11,1,0.040,3,210,1,176,1,158,1,0.90,1,55,1,31.7,3,0,1,0.16,1,0.31,1,0.2,1,1.438,3,0.143,3,47,3,0,3,25,5,1.29,3,700,1,0.88,3,0.97,3,0.3,3,0,3,0,3,0,3,0,3,55,3,,,0,3,0,3,0,3,0,3,3.100,3,2.230,3,0.000,3,0.780,3,0.010,3,0.010,3,0.000,3,3.810,3,0.010,3,0.300,3,3.470,3,1.360,3,1.150,3,0.030,3,0.140,3,0.000,3,0.040,3,,,470,1,,,796,1,428,1,188,1,703,1,598,1,876,1,1080,1,746,1,778,1,290,1,280,1,514,1,744,1,1084,1,1068,1,436,1,488,1,963,1
421,9002,9,Trứng và sản phẩm chế biến,Lòng đỏ trứng gà,LÒNG ĐỎ TRỨNG GÀ,"Hen egg, yolk",0.0,451,54.0,1,327,,1366,,13.6,1,29.8,1,1.0,1,0.0,1,1.6,1,0.56,3,0.07,3,0.07,3,0.07,3,0.07,3,0.18,3,0.07,3,134,1,7.00,1,14,1,0.060,3,532,1,169,1,108,1,3.70,1,125,1,18.3,1,0,1,0.32,1,0.52,1,0.0,1,2.99,3,0.35,3,146,3,0,3,60,5,1.95,3,960,1,2.68,3,2.58,3,0.7,3,88,3,38,3,33,3,0,3,1094,3,,,0,3,0,3,0,3,0,3,9.550,3,6.860,3,0.050,3,2.420,3,0.030,3,0.040,3,0.010,3,11.740,3,0.020,3,0.920,3,10.700,3,4.200,3,3.540,3,0.100,3,0.000,3,0.010,3,0.110,3,,,2000,1,,,1104,1,414,1,238,1,709,1,883,1,994,1,1387,1,934,1,1130,1,391,1,290,1,701,1,817,1,1361,1,1995,1,692,1,678,1,1351,1
422,9003,9,Trứng và sản phẩm chế biến,Lòng trắng trứng gà,LÒNG TRẮNG TRỨNG GÀ,"Hen egg, white",0.0,452,88.0,1,46,,193,,10.3,1,0.1,1,1.0,1,0.0,1,0.6,1,0.71,3,0.07,3,0.07,3,0.07,3,0.07,3,0.34,3,0.07,3,19,1,0.30,1,7,1,0.010,3,16,1,172,1,215,1,0.20,1,25,1,6.8,1,0,1,0.01,1,0.26,1,0.1,1,0.19,3,0.005,3,4,3,0,3,0,5,0.09,3,0,1,,,,,,,0,3,0,3,0,3,0,3,0,3,,,0,3,0,3,0,3,0,3,0.000,3,0.000,3,0.000,3,0.000,3,0.000,3,0.000,3,0.000,3,0.000,3,0.000,3,0.000,3,0.000,3,0.000,3,0.000,3,0.000,3,0.000,3,0.000,3,0.000,3,,,0,1,,,665,1,420,1,166,1,679,1,481,1,809,1,940,1,659,1,631,1,245,1,268,1,434,1,697,1,956,1,1507,1,404,1,406,1,797,1
423,9004,9,Trứng và sản phẩm chế biến,Trứng vịt,TRỨNG VỊT,"Duck egg, whole",12.0,453,70.0,1,184,,769,,13.0,1,14.2,1,1.0,1,0.0,1,1.8,1,0.93,3,,,,,,,,,,,,,71,1,3.20,1,17,3,0.040,3,210,1,258,1,191,1,0.80,1,62,3,36.4,3,0,1,0.15,1,0.30,1,0.1,1,1.862,3,0.25,3,80,3,0,3,,,5.4,3,360,1,,,1.34,3,0.4,3,14,3,0,3,12,3,0,3,459,3,,,0,3,0,3,0,3,0,3,3.680,3,3.000,3,0.000,3,0.630,3,0.000,3,0.000,3,0.000,3,6.530,3,0.000,3,0.440,3,6.080,3,1.220,3,0.560,3,0.100,3,0.320,3,0.000,3,0.000,3,,,884,3,,,951,3,576,3,260,3,840,3,736,3,885,3,1097,3,598,3,765,3,320,3,285,3,613,3,631,3,777,3,1789,3,422,3,480,3,963,3
424,9005,9,Trứng và sản phẩm chế biến,Lòng đỏ trứng vịt,LÒNG ĐỎ TRỨNG VỊT,"Duck egg, yolk",0.0,454,47.5,1,364,,1524,,13.6,1,32.3,1,4.8,1,0.0,1,1.8,1,,,,,,,,,,,,,,,146,1,5.60,1,,,,,328,1,,,,,,,,,,,0,1,0.54,1,0.94,1,0.2,1,,,,,,,,,,,,,1625,1,,,,,,,695,3,,,,,,,,,,,0,3,0,3,0,3,0,3,,,,,,,,,,,,,,,,,,,,,,,,,,,,,,,,,,,,,,,,,1180,1,434,1,204,1,679,1,868,1,963,1,1315,1,827,1,801,1,447,1,191,1,705,1,705,1,1398,1,1736,1,462,1,1059,1,1207,1
425,9006,9,Trứng và sản phẩm chế biến,Lòng trắng trứng vịt,LÒNG TRẮNG TRỨNG VỊT,"Duck egg, white",0.0,455,87.8,1,47,,196,,10.7,1,0.1,1,0.8,3,0.0,1,0.6,1,0,3,0,3,0,3,0,3,0,3,0,3,0,3,6,1,,,,,,,8,1,,,,,,,,,,,0,1,,,0.20,1,0.2,1,,,,,,,,,,,,,0,1,,,,,,,0,3,0,3,0,3,0,3,0,3,,,0,3,0,3,0,3,0,3,,,,,,,,,,,,,,,,,,,,,,,,,,,,,,,,,,,,,,,,,759,1,694,1,150,1,780,1,802,1,845,1,1026,1,535,1,428,1,267,1,203,1,588,1,493,1,1069,1,1635,1,407,1,780,1,994,1
426,9007,9,Trứng và sản phẩm chế biến,Trứng chim cút,TRỨNG CHIM CÚT,Quail egg,11.0,456,74.4,3,154,,643,,13.1,3,11.1,3,0.4,3,0.0,3,1.1,3,0.41,3,,,,,,,,,,,,,64,3,3.65,3,13,3,0.040,3,226,3,132,3,141,3,1.47,3,62,3,32,3,0,3,0.13,3,0.79,3,0.2,3,1.761,3,0.15,3,66,3,0,3,,,1.58,,155,3,,,1.08,3,0.3,3,11,3,0,3,10,3,0,3,369,3,,,0,3,0,3,0,3,0,3,3.560,3,2.670,3,0.000,3,0.840,3,0.000,3,0.000,3,0.000,3,4.320,3,0.000,3,0.470,3,3.850,3,1.320,3,0.940,3,0.040,3,0.120,3,0.000,3,0.000,3,,,844,3,,,881,3,421,3,209,3,737,3,641,3,940,3,1146,3,816,3,835,3,315,3,311,3,543,3,762,3,1294,3,1662,3,434,3,518,3,992,3
427,9008,9,Trứng và sản phẩm chế biến,Trứng cá,TRỨNG CÁ,Fish roe,0.0,457,64.9,1,171,,716,,20.5,1,9.9,1,0.0,1,0.0,1,4.7,1,,,,,,,,,,,,,,,28,1,1.10,1,,,,,230,1,,,,,,,,,,,24,1,0.93,1,0.65,1,1.5,1,,,,,,,,,,,,,,,,,,,,,,,,,,,,,,,,,,,,,,,,,,,1.100,1,,,0.160,1,,,,,,,,,,,,,,,,,0.240,1,0.370,1,,,,,,,,,,,,,,,,,,,,,,,,,,,,,,,,,,,,,,,,,,,,,,,,
428,9009,9,Trứng và sản phẩm chế biến,Trứng cá muối,TRỨNG CÁ MUỐI,"Fish caviar, black and red, granule",0.0,458,47.5,3,274,,1144,,24.6,3,17.9,3,3.5,3,0.0,3,6.5,3,0,3,0,3,0,3,0,3,0,3,0,3,0,3,275,3,11.88,3,300,3,0.050,3,356,3,181,3,1500,3,0.95,3,110,3,65.5,3,0,3,0.19,3,0.62,3,0.1,3,3.5,3,0.32,3,50,3,0,3,,,20,3,561,3,5.80,3,7,3,0.7,3,0,3,0,3,0,3,0,3,720,3,,,0,3,0,3,0,3,0,3,4.060,3,3.560,3,0.000,3,0.290,3,0.000,3,0.000,3,0.000,3,4.630,3,0.000,3,1.040,3,3.170,3,7.410,3,0.080,3,0.020,3,0.510,3,2.740,3,3.800,3,,,588,3,,,1834,3,646,3,323,3,1071,3,1263,3,1263,3,2133,3,1035,3,1590,3,649,3,449,3,968,3,1653,3,2385,3,3633,3,740,3,1200,3,1897,3
429,9010,9,Trứng và sản phẩm chế biến,Trứng vịt lộn,TRỨNG VỊT LỘN,"Duck egg, embryonated",12.0,459,67.0,1,182,,761,,13.6,1,12.4,1,4.0,1,0.0,1,3.0,1,,,,,,,,,,,,,,,82,1,3.00,1,,,,,212,1,,,,,,,,,,,3,1,0.12,1,0.25,1,0.8,1,,,,,,,,,,,,,875,1,,,,,,,435,3,,,,,,,,,,,0,3,0,3,0,3,0,3,,,,,,,,,,,,,,,,,,,,,,,,,,,,,,,,,,,,,,,,,,,,,,,,,,,,,,,,,,,,,,,,,,,,,,,,,,,,
430,9011,9,Trứng và sản phẩm chế biến,Bột trứng,BỘT TRỨNG,Chicken egg powder,0.0,460,8.5,1,563,,2356,,44.0,1,42.2,1,1.8,1,0.0,1,3.5,1,,,,,,,,,,,,,,,186,1,9.30,1,,,,,786,1,,,,,,,,,,,,,0.35,1,1.23,1,0.2,1,,,,,,,,,,,,,1340,1,,,,,,,770,3,,,,,,,,,,,0,3,0,3,0,3,0,3,,,,,,,,,,,,,,,,,,,,,,,,,,,,,,,,,,,,,,,,,,,,,,,,,,,,,,,,,,,,,,,,,,,,,,,,,,,,
431,10001,10,Sữa và sản phẩm chế biến,Sữa bò tươi,SỮA BÒ TƯƠI,"Milk cow, fresh (fluid)",0.0,463,86.2,1,74,,311,,3.9,1,4.4,1,4.8,1,0.0,1,0.7,1,5.26,3,0,3,0,3,5.26,3,0,3,0,3,0,3,120,1,0.10,1,16,1,0.000,1,95,1,143,3,380,1,0.40,1,20,1,1.2,1,1,1,0.05,1,0.19,1,0.1,1,0.362,3,0.036,3,5,3,0,3,1.4,5,0.44,3,50,1,1.00,3,0.06,3,0.2,3,22,3,0,3,0,3,0,3,0,3,,,0,3,0,3,0,3,0,3,1.870,3,0.830,3,0.000,3,0.370,3,0.000,3,0.000,3,0.000,3,0.810,3,0.000,3,0.000,3,0.810,3,0.200,3,0.120,3,0.080,3,0.000,3,0.000,3,0.000,3,,,42,1,,,320,1,90,1,50,1,180,1,190,1,240,1,460,1,250,1,170,1,100,1,28,1,137,1,95,1,221,1,640,1,57,1,297,1,167,1
432,10002,10,Sữa và sản phẩm chế biến,Sữa dê tươi,SỮA DÊ TƯƠI,"Milk goaf's, whole",0.0,464,87.2,1,69,,288,,3.5,1,4.1,1,4.5,1,0.0,1,0.7,1,4.45,3,,,,,,,,,,,,,147,1,0.10,1,14,3,0.020,3,126,1,204,3,50,3,0.30,3,46,3,1.4,3,3,1,0.04,1,0.18,1,0.3,1,0.31,3,0.046,3,1,3,0,3,2,5,0.07,3,50,1,0.30,3,0.07,3,0.3,3,20,3,0,3,0,3,0,3,0,3,,,0,3,0,3,0,3,0,3,2.670,3,0.910,3,0.000,3,0.440,3,0.000,3,0.000,3,0.000,3,1.110,3,0.000,3,0.080,3,0.980,3,0.150,3,0.110,3,0.040,3,0.000,3,0.000,3,0.000,3,,,2,1,,,249,1,80,1,42,1,191,1,161,1,207,1,313,1,159,1,101,1,85,1,85,1,212,1,106,1,244,1,636,1,58,1,350,1,170,1
433,10003,10,Sữa và sản phẩm chế biến,Sữa mẹ (sữa người),SỮA MẸ (SỮA NGƯỜI),"Breast milk (Human milk, whole).",0.0,465,88.3,1,61,,255,,1.5,1,3.0,1,7.0,1,0.0,1,0.2,1,6.89,3,,,,,,,,,,,,,34,1,0.10,1,2,1,0.010,1,15,1,41,1,15,1,0.40,1,14,1,1.8,3,6,1,0.01,1,0.04,1,0.1,1,0.223,3,0.011,3,5,3,0,3,0.7,5,0.05,3,90,1,0.10,3,0.08,3,0.3,3,1,3,0,3,0,3,3,3,1,3,,,,,,,,,,,2.010,3,0.920,3,0.000,3,0.290,3,0.000,3,0.000,3,0.000,3,1.660,3,0.000,3,0.130,3,1.480,3,0.500,3,0.370,3,0.050,3,0.030,3,0.000,3,0.000,3,,,14,3,,,110,1,40,1,30,1,90,1,70,1,130,1,150,1,110,1,60,1,59,1,26,1,82,1,58,1,130,1,264,1,34,1,137,1,60,1
434,10004,10,Sữa và sản phẩm chế biến,Sữa chua (từ sữa bò),SỮA CHUA (TỪ SỮA BÒ),'Yogurt (whole milk),0.0,466,88.7,1,61,,255,,3.3,1,3.7,1,3.6,1,0.0,1,0.7,1,4.66,3,,,,,,,,,,,,,120,1,0.10,1,12,3,0.000,3,95,1,155,3,46,3,0.59,3,9,3,2.2,3,1,1,0.04,1,0.20,1,0.1,1,0.389,3,0.032,3,7,3,0,3,,,0.37,3,25,1,,,,,,,11,3,0,3,0,3,0,3,0,3,,,0,3,0,3,0,3,0,3,2.100,3,0.890,3,0.000,3,0.320,3,0.000,3,0.000,3,0.000,3,0.890,3,0.000,3,0.070,3,0.740,3,0.090,3,0.070,3,0.030,3,0.000,3,0.000,3,0.000,3,,,13,3,,,360,1,107,1,56,1,199,1,181,1,298,1,388,1,228,1,135,1,109,1,39,1,192,1,134,1,310,1,898,1,80,1,417,1,234,1
435,10005,10,Sữa và sản phẩm chế biến,Sữa chua vớt béo,SỮA CHUA VỚT BÉO,"'Yogurt, chocolate, nonfat milk",0.0,467,71.6,1,103,,432,,3.5,1,0.0,1,22.3,1,1.2,1,1.4,1,14.97,3,,,,,,,,,,,,,143,1,0.06,1,40,3,,3,109,1,339,3,135,3,1.13,3,209,3,7,3,1,1,0.04,1,0.20,1,0.1,1,,,0.047,3,12,3,0,3,,,0.5,3,4,1,,,0,3,0,3,,,0,3,0,3,0,3,0,3,,,0,3,0,3,0,3,0,3,0.000,3,0.000,3,0.000,3,0.000,3,0.000,3,0.000,3,0.000,3,0.000,3,0.000,3,0.000,3,0.000,3,0.000,3,0.000,3,0.000,3,0.000,3,0.000,3,0.000,3,,,1,3,,,,,,,,,,,,,,,,,,,,,,,,,,,,,,,,,,,,,,
436,10006,10,Sữa và sản phẩm chế biến,Sữa bột toàn phần,SỮA BỘT TOÀN PHẦN,"Milk powder, whole",0.0,468,3.5,1,494,,2067,,27.0,1,26.0,1,38.0,1,0.0,1,5.5,1,38.42,3,,,,,,,,,,,,,939,1,1.10,1,85,3,0.040,3,790,1,1330,3,371,3,3.34,3,80,3,16.3,3,10,1,0.24,1,1.31,1,0.7,1,2.271,3,0.302,3,37,3,0,3,10,5,3.25,3,318,1,7.80,3,0.48,3,1.8,3,43,3,0,3,0,3,0,3,0,3,,,0,3,0,3,0,3,0,3,16.740,3,7.520,3,0.000,3,2.850,3,0.000,3,0.000,3,0.000,3,7.920,3,0.000,3,1.200,3,6.190,3,0.670,3,0.460,3,0.200,3,0.000,3,0.000,3,0.000,3,,,97,3,,,2230,1,699,1,381,1,1291,1,1231,1,1615,1,2541,1,1301,1,942,1,772,1,243,1,1366,1,1031,1,1909,1,5697,1,524,1,2471,1,132,1
437,10007,10,Sữa và sản phẩm chế biến,Sữa bột tách béo,SỮA BỘT TÁCH BÉO,Skimmed milk powder,0.0,469,4.0,1,357,,1494,,35.0,1,1.0,1,52.0,1,0.0,1,8.0,1,51.48,3,,,,,,,,,,,,,1400,1,0.45,1,110,3,0.020,3,980,1,1794,3,535,3,4.08,3,41,3,27.3,3,6,1,0.42,1,0.60,1,1.2,1,3.568,3,0.361,3,50,3,0,3,16,5,4.03,3,6,3,8.30,3,0,3,0.1,3,1,3,0,3,0,3,0,3,0,3,,,0,3,0,3,0,3,0,3,0.500,3,0.240,3,0.000,3,0.090,3,0.000,3,0.000,3,0.000,3,0.200,3,0.000,3,0.020,3,0.170,3,0.030,3,0.020,3,0.010,3,0.000,3,0.000,3,0.000,3,,,20,3,,,3047,1,1243,1,441,1,1700,1,1542,1,2310,1,3177,1,2278,1,1025,1,877,1,131,1,1559,1,,,,,,,,,,,,
438,10008,10,Sữa và sản phẩm chế biến,Sữa đặc có đường việt nam,SỮA ĐẶC CÓ ĐƯỜNG VIỆT NAM,"Milk condensed, sweetened",0.0,470,25.4,1,336,,1404,,8.1,1,8.8,1,56.0,1,0.0,1,1.7,1,,,,,,,,,,,,,,,307,1,0.60,1,,,,,219,1,,,,,,,,,,,0,1,0.06,1,0.30,1,0.2,1,,,,,,,,,,,,,58,1,,,,,,,50,3,0,3,0,3,0,3,0,3,,,0,3,0,3,0,3,0,3,,,,,,,,,,,,,,,,,,,,,,,,,,,,,,,,,,,,,,,,,536,1,194,1,101,1,401,1,353,1,494,1,698,1,392,1,263,1,206,1,68,1,383,1,272,1,648,1,1518,1,185,1,728,1,428,1
439,10009,10,Sữa và sản phẩm chế biến,Pho mát,PHO MÁT,Cheese (whole fat),0.0,471,38.9,1,380,,1590,,25.5,1,30.9,1,0.0,1,0.0,1,4.7,1,0.52,3,,,,,,,,,,,,,760,1,0.50,1,28,3,0.010,3,424,1,98,3,621,3,3.11,3,31,3,13.9,3,1,1,0.10,1,0.51,1,0.1,1,0.413,3,0.074,3,18,3,0,3,1.7,5,0.83,3,275,1,0.30,3,0.29,3,2.8,3,118,3,0,3,0,3,0,3,0,3,,,0,3,0,3,0,3,0,3,21.090,3,9.800,3,0.000,3,4.010,3,0.000,3,0.000,3,0.000,3,9.390,3,0.000,3,1.000,3,7.910,3,0.940,3,0.580,3,0.370,3,0.000,3,0.000,3,0.000,3,,,105,3,,,1883,1,596,1,369,1,1286,1,943,1,1618,1,2076,1,1138,1,808,1,683,1,141,1,1385,1,734,1,1691,1,5631,1,469,1,2612,1,1401,1
440,11001,11,Đồ hộp,Chuối nước đường,CHUỐI NƯỚC ĐƯỜNG,"Banana, canned, sweetened",0.0,474,83.9,1,58,,241,,0.5,1,0.0,1,13.9,1,1.3,1,0.4,1,,,,,,,,,,,,,,,12,1,0.60,1,,,,,160,1,,,,,,,,,,,9,1,,,,,,,,,,,,,,,,,,,,,,,,,,,,,0,3,0,3,0,3,0,3,,,0,3,0,3,0,3,0,3,,,,,,,,,,,,,,,,,,,,,,,,,,,,,,,,,,,,,0,1,,,,,,,,,,,,,,,,,,,,,,,,,,,,,,,,,,,,,,
441,11002,11,Đồ hộp,Dưa chuột hộp,DƯA CHUỘT HỘP,Cucumber (canned),0.0,475,94.1,1,8,,33,,0.3,1,0.2,1,1.2,1,3.1,1,1.1,1,1.06,3,,,,,,,,,,,,,12,1,0.30,1,4,3,0.010,3,16,1,23,3,1208,3,0.02,3,85,3,0,3,2,1,0.02,1,0.03,1,0.1,1,0.038,3,0.009,3,1,3,0,3,,,0,3,,,,,0.06,3,13,3,55,3,14,3,32,3,0,3,29,3,,,0,3,0,3,0,3,0,3,0.050,3,0.040,3,0.000,3,0.010,3,0.000,3,0.000,3,0.000,3,0.000,3,0.000,3,0.000,3,0.000,3,0.080,3,0.040,3,0.050,3,0.000,3,0.000,3,0.000,3,,,0,1,14,3,14,3,3,3,3,3,9,3,9,3,11,3,14,3,10,3,21,3,5,3,2,3,6,3,11,3,20,3,95,3,12,3,8,3,10,3
442,11003,11,Đồ hộp,Dứa hộp,DỨA HỘP,"Pineapple, canned, sweetened",0.0,476,85.7,1,53,,223,,0.4,1,0.1,1,12.7,1,0.8,1,0.3,1,12.65,3,,,,,,,,,,,,,20,1,0.30,1,16,3,1.100,3,12,1,105,3,1,3,0.12,3,103,3,0.4,3,14,1,0.06,1,0.01,1,0.2,1,0.1,3,0.074,3,5,3,0,3,,,0,3,,,,,0.01,3,0.3,3,23,3,0,3,0,3,0,3,0,3,,,0,3,0,3,0,3,0,3,0.010,3,0.010,3,0.000,3,0.000,3,0.000,3,0.000,3,0.000,3,0.010,3,0.000,3,0.000,3,0.010,3,0.040,3,0.020,3,0.020,3,0.000,3,0.000,3,0.000,3,,,0,1,,,16,3,9,3,5,3,9,3,9,3,12,3,14,3,9,3,12,3,8,3,1,3,9,3,18,3,82,3,41,3,14,3,9,3,19,3
443,11004,11,Đồ hộp,Lạc chao dầu,LẠC CHAO DẦU,"Peanut, oil fried",0.0,477,1.8,1,680,,2843,,25.7,1,59.5,1,10.3,1,,,2.7,1,,,,,,,,,,,,,,,,,,,,,,,,,,,,,,,,,,,,,,,,,,,,,,,,,,,,,,,,,,,,,,,0,3,0,3,0,3,0,3,0,3,,,0,3,0,3,0,3,0,3,,,,,,,,,,,,,,,,,,,,,,,,,,,,,,,,,,,,,0,1,,,,,,,,,,,,,,,,,,,,,,,,,,,,,,,,,,,,,,
444,11005,11,Đồ hộp,Mắc coọc nước đường,MẮC COỌC NƯỚC ĐƯỜNG,Pyrus pachis in syrup,0.0,478,85.1,1,56,,233,,0.2,1,0.0,1,13.7,1,0.7,1,0.3,1,,,,,,,,,,,,,,,20,1,0.40,1,,,,,16,1,,,,,,,,,,,14,1,,,,,,,,,,,,,,,,,,,,,,,,,,,0,3,0,3,0,3,0,3,0,3,,,0,3,0,3,0,3,0,3,,,,,,,,,,,,,,,,,,,,,,,,,,,,,,,,,,,,,0,1,,,,,,,,,,,,,,,,,,,,,,,,,,,,,,,,,,,,,,
445,11006,11,Đồ hộp,Mận nước đường,MẬN NƯỚC ĐƯỜNG,"Plum, canned, sweetened",10.0,479,83.0,1,64,,268,,0.4,1,0.1,1,15.4,1,0.9,1,0.2,1,15.35,3,,,,,,,,,,,,,16,1,0.86,3,5,3,0.030,3,15,1,93,3,20,3,0.08,3,38,3,0,3,0,3,0.02,3,0.04,3,0.3,3,0.072,3,0.027,3,3,3,0,3,,,0,3,,,,,0.18,3,4.3,3,127,3,0,3,23,3,0,3,49,3,,,0,3,0,3,0,3,0,3,0.010,3,0.010,3,0.000,3,0.000,3,0.000,3,0.000,3,0.000,3,0.070,3,0.000,3,0.000,3,0.070,3,0.020,3,0.020,3,0.000,3,0.000,3,0.000,3,0.000,3,,,0,1,,,8,3,3,3,,3,8,3,8,3,9,3,10,3,7,3,6,3,6,3,2,3,3,3,14,3,116,3,17,3,6,3,16,3,9,3
446,11007,11,Đồ hộp,Mứt bí ngô,MỨT BÍ NGÔ,Dried preserved squash,0.0,480,49.4,1,198,,830,,0.5,1,0.0,1,49.1,1,0.7,1,0.3,1,,,,,,,,,,,,,,,32,1,,,,,,,92,1,,,,,,,,,,,,,,,,,,,,,,,,,,,,,,,,,,,,,,,0,3,0,3,0,3,0,3,0,3,,,0,3,0,3,0,3,0,3,,,,,,,,,,,,,,,,,,,,,,,,,,,,,,,,,,,,,0,1,,,,,,,,,,,,,,,,,,,,,,,,,,,,,,,,,,,,,,
447,11008,11,Đồ hộp,Mứt cam có vỏ,MỨT CAM CÓ VỎ,"Orange marmalade, jellies",0.0,481,42.8,1,218,,914,,0.4,1,0.0,1,54.2,1,2.2,1,0.4,1,,,,,,,,,,,,,,,28,1,0.26,1,,,,,22,1,,,,,,,,,,,,,0.03,1,0.01,1,0.0,1,,,,,,,,,,,,,,,,,,,,,50,3,,,,,,,,,,,0,3,0,3,0,3,0,3,,,,,,,,,,,,,,,,,,,,,,,,,,,,,,,,,,,,,0,1,,,,,,,,,,,,,,,,,,,,,,,,,,,,,,,,,,,,,,
448,11009,11,Đồ hộp,Mứt chuối,MỨT CHUỐI,Banana jam,0.0,482,43.8,1,218,,914,,0.7,1,0.0,1,53.9,1,1.3,1,0.3,1,,,,,,,,,,,,,,,28,1,0.30,1,,,,,28,1,,,,,,,,,,,,,,,,,,,,,,,,,,,,,,,,,,,,,,,0,3,0,3,0,3,0,3,0,3,,,0,3,0,3,0,3,0,3,,,,,,,,,,,,,,,,,,,,,,,,,,,,,,,,,,,,,0,1,,,,,,,,,,,,,,,,,,,,,,,,,,,,,,,,,,,,,,
449,11010,11,Đồ hộp,Mứt dứa.,MỨT DỨA.,Pineapple jam,0.0,483,47.2,1,208,,870,,0.5,1,0.0,1,51.5,1,0.4,1,0.4,1,,,,,,,,,,,,,,,20,1,0.30,1,,,,,16,1,,,,,,,,,,,13,1,0.09,1,0.05,1,0.3,1,,,,,,,,,,,,,,,,,,,,,20,3,,,,,,,,,,,0,3,0,3,0,3,0,3,,,,,,,,,,,,,,,,,,,,,,,,,,,,,,,,,,,,,0,1,,,,,,,,,,,,,,,,,,,,,,,,,,,,,,,,,,,,,,
450,11011,11,Đồ hộp,Mứt ðu đủ,MỨT ÐU ĐỦ,Papaya jam,0.0,484,53.2,1,178,,745,,0.4,1,0.0,1,44.1,1,2.0,1,0.3,1,,,,,,,,,,,,,,,24,1,,,,,,,30,1,,,,,,,,,,,,,,,,,,,,,,,,,,,,,,,,,,,,,,,,,,,,,,,,,,,0,3,0,3,0,3,0,3,,,,,,,,,,,,,,,,,,,,,,,,,,,,,,,,,,,,,0,1,,,,,,,,,,,,,,,,,,,,,,,,,,,,,,,,,,,,,,
451,11012,11,Đồ hộp,Nhãn nước đường,NHÃN NƯỚC ĐƯỜNG,"Longan, canned, sweetened",0.0,485,83.3,1,62,,259,,0.5,1,0.0,1,15.0,1,1.0,1,0.2,1,,,,,,,,,,,,,,,12,1,0.30,1,,,,,230,1,,,,,,,,,,,32,1,,,0.04,1,0.1,1,,,,,,,,,,,,,,,,,,,,,0,3,0,3,0,3,0,3,0,3,,,0,3,0,3,0,3,0,3,,,,,,,,,,,,,,,,,,,,,,,,,,,,,,,,,,,,,0,1,,,,,,,,,,,,,,,,,,,,,,,,,,,,,,,,,,,,,,
452,11013,11,Đồ hộp,Nước dứa hộp,NƯỚC DỨA HỘP,Pineapple juice,0.0,486,86.4,1,53,,221,,0.4,1,0.1,1,12.6,1,0.2,1,0.3,1,9.98,3,,,,,,,,,,,,,32,1,0.30,1,12,3,0.500,3,12,1,130,3,2,3,0.11,3,69,3,0.1,3,41,1,0.04,1,0.01,1,0.2,1,0.056,3,0.1,3,18,3,0,3,,,0,3,,,,,0.02,3,0.3,3,3,3,0,3,0,3,0,3,0,3,,,0,3,0,3,0,3,0,3,0.010,3,0.010,3,0.000,3,0.000,3,0.000,3,0.000,3,0.000,3,0.010,3,0.000,3,0.000,3,0.010,3,0.040,3,0.020,3,0.020,3,0.000,3,0.000,3,0.000,3,,,0,1,,,,,,,,,,,,,,,,,,,,,,,,,,,,,,,,,,,,,,
453,11014,11,Đồ hộp,Vải nước đường,VẢI NƯỚC ĐƯỜNG,"Litchi, canned, sweetened",0.0,487,83.6,1,60,,253,,0.4,1,0.0,1,14.7,1,1.1,1,0.2,1,,,,,,,,,,,,,,,8,1,0.60,1,,,,,160,1,,,,,,,,,,,10,1,,,0.04,1,0.1,1,,,,,,,,,,,,,,,,,,,,,0,3,0,3,0,3,0,3,0,3,,,0,3,0,3,0,3,0,3,,,,,,,,,,,,,,,,,,,,,,,,,,,,,,,,,,,,,0,1,,,,,,,,,,,,,,,,,,,,,,,,,,,,,,,,,,,,,,
454,11015,11,Đồ hộp,Cá thu hộp,CÁ THU HỘP,"Mackerel, canned",0.0,488,57.5,1,207,,867,,24.8,1,12.0,1,0.0,1,,,5.7,1,0,3,0,3,0,3,0,3,0,3,0,3,0,3,50,1,1.60,1,,,,,260,1,,,,,,,,,,,,,0.02,1,0.10,1,6.5,1,,,,,,,,,7,5,,,,,,,,,,,0,3,0,3,0,3,0,3,0,3,,,0,3,0,3,0,3,0,3,,,,,,,,,,,,,,,,,,,,,,,,,,,,,,,,,,,,,,,,,,,,,,,,,,,,,,,,,,,,,,,,,,,,,,,,,,,,
455,11016,11,Đồ hộp,Cá trích hộp,CÁ TRÍCH HỘP,"Herring, canned",0.0,489,56.7,1,233,,974,,22.3,1,14.4,1,3.5,1,,,3.1,1,,,,,,,,,,,,,,,86,1,2.30,1,,,,,437,1,,,,,,,,,,,,,0.02,1,0.12,1,2.5,1,,,,,,,,,,,,,28,1,,,,,,,0,3,0,3,0,3,0,3,0,3,,,0,3,0,3,0,3,0,3,,,,,,,,,,,,,,,,,,,,,,,,,,,,,,,,,,,,,,,,,1539,1,587,1,227,1,697,1,845,1,1204,1,1539,1,1013,1,1141,1,414,1,217,1,656,1,1202,1,1854,1,2778,1,1202,1,1162,1,1042,1
456,11017,11,Đồ hộp,Thịt bò hộp,THỊT BÒ HỘP,"Beef, canned",0.0,490,61.4,1,251,,1050,,16.4,1,20.6,1,0.0,1,,,1.6,1,0,3,0,3,0,3,0,3,0,3,0,3,0,3,13,1,2.90,1,,,,,250,1,,,,,,,,,,,,,,,0.23,1,2.5,1,,,,,,,,,,,,,,,,,,,,,0,3,0,3,0,3,0,3,0,3,,,0,3,0,3,0,3,0,3,,,3.300,3,0.000,3,2.700,3,0.000,3,0.000,3,0.000,3,,,,,,,,,,,0.700,3,0.220,3,,,,,,,,,,,,,,,,,,,,,,,,,,,,,,,,,,,,,,,,,,,,,,,,
457,11018,11,Đồ hộp,Thịt gà hộp,THỊT GÀ HỘP,"Chicken, canned",0.0,491,59.0,1,273,,1143,,17.0,1,22.8,1,0.0,1,,,1.2,1,0,3,0,3,0,3,0,3,0,3,0,3,0,3,108,1,2.80,1,,,,,138,1,,,,,,,,,,,,,0.09,1,0.37,1,2.4,1,,,,,,,,,,,,,520,1,,,,,,,0,3,0,3,0,3,0,3,0,3,,,0,3,0,3,0,3,0,3,,,,,,,,,,,,,,,,,,,,,,,,,,,,,,,,,,,,,,,,,,,,,,,,,,,,,,,,,,,,,,,,,,,,,,,,,,,,
458,11019,11,Đồ hộp,Thịt lợn hộp,THỊT LỢN HỘP,"Pork, canned",0.0,492,49.0,1,344,,1438,,17.3,1,29.3,1,2.7,1,,,1.7,1,,,,,,,,,,,,,,,9,1,1.20,1,,,,,200,1,,,,,,,,,,,0,1,0.19,1,0.21,1,3.2,1,,,,,,,,,,,,,,,,,,,,,0,3,0,3,0,3,0,3,0,3,,,0,3,0,3,0,3,0,3,,,2.100,3,0.000,3,0.450,3,0.000,3,0.000,3,0.000,3,,,,,,,,,,,3.940,3,0.430,3,,,,,,,,,,,,,,,,,,,,,,,,,,,,,,,,,,,,,,,,,,,,,,,,
459,11020,11,Đồ hộp,"Thịt lợn, thịt bò xay hộp","THỊT LỢN, THỊT BÒ XAY HỘP","Pork and beef, minced canned",0.0,493,62.8,1,244,,1021,,16.0,1,20.0,1,0.0,1,,,1.2,1,0,3,0,3,0,3,0,3,0,3,0,3,0,3,8,1,2.10,1,,,,,120,1,,,,,,,,,,,1,1,0.26,1,0.19,1,5.5,1,,,,,,,,,,,,,8,1,,,,,,,0,3,0,3,0,3,0,3,0,3,,,0,3,0,3,0,3,0,3,,,,,,,,,,,,,,,,,,,,,,,,,,,,,,,,,,,,,,,,,,,,,,,,,,,,,,,,,,,,,,,,,,,,,,,,,,,,
460,11021,11,Đồ hộp,Thịt vịt hầm,THỊT VỊT HẦM,"Duck, stewed meat",0.0,494,59.9,1,224,,938,,19.6,1,16.2,1,0.0,1,,,4.3,1,0,3,0,3,0,3,0,3,0,3,0,3,0,3,,,,,,,,,,,,,,,,,,,,,0,1,,,,,,,,,,,,,,,,,,,,,,,,,,,0,3,0,3,0,3,0,3,0,3,,,0,3,0,3,0,3,0,3,,,,,,,,,,,,,,,,,,,,,,,,,,,,,,,,,,,,,,,,,,,,,,,,,,,,,,,,,,,,,,,,,,,,,,,,,,,,
461,12001,12,"Đồ ngọt (đường, bánh, mứt, kẹo)",Bánh bích cốt,BÁNH BÍCH CỐT,Whole wheat rusk,0.0,497,12.0,1,346,,1448,,12.3,1,1.3,1,71.3,1,0.8,1,2.3,1,,,,,,,,,,,,,,,39,1,2.70,1,,,,,231,1,,,,,,,,,,,0,1,0.36,1,0.18,1,0.2,1,,,,,,,,,,,,,86,1,,,,,,,13,3,0,3,0,3,0,3,0,3,,,0,3,0,3,0,3,0,3,,,,,,,,,,,,,,,,,,,,,,,,,,,,,,,,,,,,,0,1,,,,,,,,,,,,,,,,,,,,,,,,,,,,,,,,,,,,,,
462,12002,12,"Đồ ngọt (đường, bánh, mứt, kẹo)",Bánh bích quy,BÁNH BÍCH QUY,Biscuits,0.0,498,10.4,1,376,,1574,,8.8,1,4.5,1,75.1,1,0.5,1,0.7,1,,,,,,,,,,,,,,,75,1,3.60,1,,,,,79,1,,,,,,,,,,,0,1,0.40,1,0.26,1,0.7,1,,,,,,,,,,,,,19,1,,,,,,,75,3,0,3,0,3,0,3,0,3,,,0,3,0,3,0,3,0,3,,,0.720,3,,,0.520,3,,,,,,,,,,,,,,,,,1.630,3,0.240,3,,,,,,,,,0,1,,,,,,,,,,,,,,,,,,,,,,,,,,,,,,,,,,,,,,
463,12003,12,"Đồ ngọt (đường, bánh, mứt, kẹo)",Bánh chả,BÁNH CHẢ,Sweet meat pie in lumps,0.0,499,8.0,1,395,,1653,,3.4,1,6.6,1,80.5,1,1.0,1,0.5,1,,,,,,,,,,,,,,,42,1,1.90,1,,,,,29,1,,,,,,,,,,,0,1,0.04,1,0.07,1,0.4,1,,,,,,,,,,,,,,,,,,,,,5,3,0,3,0,3,0,3,0,3,,,0,3,0,3,0,3,0,3,,,,,,,,,,,,,,,,,,,,,,,,,,,,,,,,,,,,,0,1,,,,,,,,,,,,,,,,,,,,,,,,,,,,,,,,,,,,,,
464,12004,12,"Đồ ngọt (đường, bánh, mứt, kẹo)",Bánh con cá,BÁNH CON CÁ,"Small biscuits, fish figured",0.0,500,10.0,1,368,,1541,,7.5,1,2.2,1,79.6,1,0.2,1,0.5,1,,,,,,,,,,,,,,,54,1,2.90,1,,,,,99,1,,,,,,,,,,,0,1,0.13,1,0.13,1,0.9,1,,,,,,,,,,,,,,,,,,,,,5,3,0,3,0,3,0,3,0,3,,,0,3,0,3,0,3,0,3,,,,,,,,,,,,,,,,,,,,,,,,,,,,,,,,,,,,,0,1,,,,,,,,,,,,,,,,,,,,,,,,,,,,,,,,,,,,,,
465,12005,12,"Đồ ngọt (đường, bánh, mứt, kẹo)",Bánh đậu xanh,BÁNH ĐẬU XANH,Mungbean cake,0.0,501,6.8,1,416,,1738,,15.6,1,11.5,1,62.4,1,1.1,1,2.6,1,,,,,,,,,,,,,,,111,1,3.40,1,,,,,273,1,,,,,,,,,,,0,1,0.20,1,0.15,1,6.6,1,,,,,,,,,,,,,,,,,,,,,105,3,0,3,0,3,0,3,0,3,,,0,3,0,3,0,3,0,3,,,,,,,,,,,,,,,,,,,,,,,,,,,,,,,,,,,,,0,1,,,,,,,,,,,,,,,,,,,,,,,,,,,,,,,,,,,,,,
466,12006,12,"Đồ ngọt (đường, bánh, mứt, kẹo)",Bánh kem xốp,BÁNH KEM XỐP,'Wafers filled,0.0,502,1.9,1,492,,2059,,8.3,1,24.0,1,60.7,1,3.5,1,1.6,1,,,,,,,,,,,,,,,86,1,0.80,1,,,,,125,1,,,,,,,,,,,0,1,0.12,1,0.31,1,0.6,1,,,,,,,,,,,,,84,1,,,,,,,0,3,0,3,0,3,0,3,0,3,,,0,3,0,3,0,3,0,3,,,0.120,3,,,0.050,3,,,,,,,,,,,,,,,,,0.010,3,0.010,3,,,,,,,,,0,1,,,,,,,,,,,,,,,,,,,,,,,,,,,,,,,,,,,,,,
467,12007,12,"Đồ ngọt (đường, bánh, mứt, kẹo)",Bánh khảo chay,BÁNH KHẢO CHAY,"Rice cake, plain",0.0,503,5.8,1,376,,1574,,3.2,1,0.3,1,90.2,1,0.2,1,0.3,1,,,,,,,,,,,,,,,2,1,0.10,1,,,,,1,1,,,,,,,,,,,0,1,0.04,1,,,,,,,,,,,,,,,,,,,,,,,,,0,3,0,3,0,3,0,3,0,3,,,0,3,0,3,0,3,0,3,,,,,,,,,,,,,,,,,,,,,,,,,,,,,,,,,,,,,0,1,,,,,,,,,,,,,,,,,,,,,,,,,,,,,,,,,,,,,,
468,12008,12,"Đồ ngọt (đường, bánh, mứt, kẹo)",Bánh quế,BÁNH QUẾ,Cinnamon waffle (roll),0.0,504,3.6,1,435,,1820,,8.3,1,10.7,1,76.4,1,0.3,1,0.7,1,,,,,,,,,,,,,,,33,1,2.00,1,,,,,115,1,,,,,,,,,,,0,1,0.04,1,1.90,1,0.7,1,,,,,,,,,,,,,12,1,,,,,,,75,3,0,3,0,3,0,3,0,3,,,0,3,0,3,0,3,0,3,,,,,,,,,,,,,,,,,,,,,,,,,,,,,,,,,,,,,0,1,,,,,,,,,,,,,,,,,,,,,,,,,,,,,,,,,,,,,,
469,12009,12,"Đồ ngọt (đường, bánh, mứt, kẹo)",Bánh sô cô la,BÁNH SÔ CÔ LA,"Chocolate, filled",0.0,505,8.5,1,449,,1879,,3.9,1,17.6,1,68.8,1,0.0,1,1.2,1,,,,,,,,,,,,,,,58,1,3.70,1,,,,,142,1,,,,,,,,,,,0,1,0.04,1,0.17,1,0.4,1,,,,,,,,,,,,,13,1,,,,,,,10,3,0,3,0,3,0,3,0,3,,,0,3,0,3,0,3,0,3,,,,,,,,,,,,,,,,,,,,,,,,,,,,,,,,,,,,,0,1,,,,,,,,,,,,,,,,,,,,,,,,,,,,,,,,,,,,,,
470,12010,12,"Đồ ngọt (đường, bánh, mứt, kẹo)",Bánh thỏi sô cô la,BÁNH THỎI SÔ CÔ LA,"Chocolate, sweet",0.0,506,0.8,1,543,,2273,,4.9,1,30.4,1,62.5,1,,,1.4,1,,,,,,,,,,,,,,,280,1,1.50,1,,,,,280,1,,,,,,,,,,,0,1,0.03,1,0.01,1,0.6,1,,,,,,,,,3,5,,,,,,,,,,,2,3,0,3,0,3,0,3,0,3,,,0,3,0,3,0,3,0,3,,,,,,,,,,,,,,,,,,,,,,,,,,,,,,,,,,,,,0,1,,,,,,,,,,,,,,,,,,,,,,,,,,,,,,,,,,,,,,
471,12011,12,"Đồ ngọt (đường, bánh, mứt, kẹo)",Bánh trứng nhện,BÁNH TRỨNG NHỆN,Small biscuit,0.0,507,11.6,1,369,,1542,,9.6,1,3.7,1,74.2,1,0.2,1,0.7,1,,,,,,,,,,,,,,,76,1,3.90,1,,,,,140,1,,,,,,,,,,,0,1,0.15,1,0.36,1,0.9,1,,,,,,,,,,,,,17,1,,,,,,,105,3,0,3,0,3,0,3,0,3,,,0,3,0,3,0,3,0,3,,,,,,,,,,,,,,,,,,,,,,,,,,,,,,,,,,,,,0,1,,,,,,,,,,,,,,,,,,,,,,,,,,,,,,,,,,,,,,
472,12012,12,"Đồ ngọt (đường, bánh, mứt, kẹo)",Bột ca cao,BỘT CA CAO,Cocoa powder,0.0,508,3.0,1,414,,1731,,19.6,1,13.7,1,53.0,1,4.6,1,6.1,1,1.75,3,,,,,,,,,,,,,128,3,13.86,3,499,3,3.840,3,734,3,1524,3,21,3,6.81,3,3788,3,14.3,3,0,3,0.08,3,0.24,3,2.2,3,0.254,3,0.118,3,32,3,0,3,,,0,3,0,3,,,0.1,3,2.5,3,0,3,0,3,0,3,0,3,38,3,,,,,,,,,,,8.070,3,3.690,3,0.000,3,4.250,3,0.000,3,0.000,3,0.000,3,4.570,3,0.000,3,0.000,3,4.570,3,0.440,3,0.440,3,0.000,3,0.000,3,0.000,3,0.000,3,0,3,0,1,,,983,3,202,3,293,3,941,3,776,3,1177,3,1189,3,760,3,1111,3,339,3,239,3,735,3,904,3,1953,3,2948,3,879,3,838,3,846,3
473,12013,12,"Đồ ngọt (đường, bánh, mứt, kẹo)",Đường cát,ĐƯỜNG CÁT,Refined sugar,0.0,509,1.7,1,390,,1630,,0.0,1,0.0,1,97.4,1,0.0,3,0.9,1,96.21,3,0,3,0,3,0,3,0.04,3,5.2,3,90.61,3,178,1,5.80,1,29,3,0.320,3,72,1,346,3,39,3,0.18,3,298,3,1.2,3,0,1,0.05,1,0.10,1,0.3,1,0.111,3,0.026,3,1,3,0,3,0,5,0,3,0,1,0.00,3,0,3,0,3,0,3,0,3,0,3,0,3,0,3,0,4,0,3,0,3,0,3,0,3,0.000,3,0.000,3,0.000,3,0.000,3,0.000,3,0.000,3,0.000,3,0.000,3,0.000,3,0.000,3,0.000,3,0.000,3,0.000,3,0.000,3,0.000,3,0.000,3,0.000,3,0,3,0,1,0,3,0,1,0,1,0,1,0,1,0,1,0,1,0,1,0,1,0,1,0,1,0,1,0,1,0,1,0,1,0,1,0,1,0,1,0,1
474,12014,12,"Đồ ngọt (đường, bánh, mứt, kẹo)",Đường kính,ĐƯỜNG KÍNH,Granulated sugar,0.0,510,0.5,1,397,,1662,,0.0,1,0.0,1,99.3,1,0.0,3,0.2,1,,,,,,,,,,,,,,,0,1,0.06,1,,,,,0,1,2,3,,,,,,,,3,0,1,0.00,1,0.03,3,0.0,1,,,,,,,,,,,,,,,,,,,,,0,3,0,3,0,3,0,3,0,3,,,0,3,0,3,0,3,0,3,,,,,,,,,,,,,,,,,,,,,,,,,,,,,,,,,,,,,0,1,,,0,1,0,1,0,1,0,1,0,1,0,1,0,1,0,1,0,1,0,1,0,1,0,1,0,1,0,1,0,1,0,1,0,1,0,1
475,12015,12,"Đồ ngọt (đường, bánh, mứt, kẹo)",Kẹo bơ cứng,KẸO BƠ CỨNG,"Toffee, sweets",0.0,511,8.8,1,448,,1873,,2.1,1,17.2,1,71.1,1,0.0,3,0.8,1,,,,,,,,,,,,,,,64,1,0.76,1,,,,,64,1,,,,,,,,,,,0,1,,,,,0.4,1,,,,,,,,,,,,,,,,,,,,,0,3,0,3,0,3,0,3,0,3,,,0,3,0,3,0,3,0,3,,,,,,,,,,,,,,,,,,,,,,,,,,,,,,,,,,,,,0,1,,,,,,,,,,,,,,,,,,,,,,,,,,,,,,,,,,,,,,
476,12016,12,"Đồ ngọt (đường, bánh, mứt, kẹo)",Kẹo cà phê,KẸO CÀ PHÊ,Coffee sweets,0.0,512,6.6,1,378,,1580,,0.0,1,1.3,1,91.5,1,0.0,3,0.6,1,,,,,,,,,,,,,,,,,,,,,,,,,,,,,,,,,,,0,1,,,,,,,,,,,,,,,,,,,,,,,,,,,0,3,0,3,0,3,0,3,0,3,,,0,3,0,3,0,3,0,3,,,,,,,,,,,,,,,,,,,,,,,,,,,,,,,,,,,,,0,1,,,0,1,0,1,0,1,0,1,0,1,0,1,0,1,0,1,0,1,0,1,0,1,0,1,0,1,0,1,0,1,0,1,0,1,0,1
477,12017,12,"Đồ ngọt (đường, bánh, mứt, kẹo)",Kẹo cam chanh,KẸO CAM CHANH,"Sweets, caramel with citron, orange aroma",0.0,513,5.4,1,377,,1577,,0.0,1,0.5,1,93.1,1,0.3,1,0.7,1,,,,,,,,,,,,,,,23,1,1.40,1,,,,,12,1,,,,,,,,,,,0,1,,,,,,,,,,,,,,,,,,,,,,,,,,,0,3,0,3,0,3,0,3,0,3,,,0,3,0,3,0,3,0,3,,,,,,,,,,,,,,,,,,,,,,,,,,,,,,,,,,,,,0,1,,,0,1,0,1,0,1,0,1,0,1,0,1,0,1,0,1,0,1,0,1,0,1,0,1,0,1,0,1,0,1,0,1,0,1,0,1
478,12018,12,"Đồ ngọt (đường, bánh, mứt, kẹo)",Kẹo dừa mềm,KẸO DỪA MỀM,Sweets with coconut aroma,0.0,514,8.5,1,415,,1735,,0.6,1,12.2,1,75.6,1,2.5,1,0.6,1,,,,,,,,,,,,,,,16,1,0.40,1,,,,,7,1,,,,,,,,,,,0,1,,,,,,,,,,,,,,,,,,,,,,,,,,,0,3,0,3,0,3,0,3,0,3,,,0,3,0,3,0,3,0,3,,,,,,,,,,,,,,,,,,,,,,,,,,,,,,,,,,,,,0,1,,,,,,,,,,,,,,,,,,,,,,,,,,,,,,,,,,,,,,
479,12019,12,"Đồ ngọt (đường, bánh, mứt, kẹo)",Kẹo dứa mềm,KẸO DỨA MỀM,Pineapple sweets candy,0.0,515,8.5,1,415,,1735,,0.6,1,12.2,1,75.6,1,2.5,1,0.6,1,,,,,,,,,,,,,,,16,1,0.40,1,,,,,7,1,,,,,,,,,,,0,1,,,,,,,,,,,,,,,,,,,,,,,,,,,0,3,0,3,0,3,0,3,0,3,,,0,3,0,3,0,3,0,3,,,,,,,,,,,,,,,,,,,,,,,,,,,,,,,,,,,,,0,1,,,,,,,,,,,,,,,,,,,,,,,,,,,,,,,,,,,,,,
480,12020,12,"Đồ ngọt (đường, bánh, mứt, kẹo)",Kẹo lạc,KẸO LẠC,Peanut candy,0.0,516,5.0,1,449,,1878,,10.3,1,16.5,1,64.8,1,2.2,1,1.2,1,,,,,,,,,,,,,,,,,,,,,,,,,,,,,,,,,,,0,1,,,,,,,,,,,,,,,,,,,,,,,,,,,0,3,0,3,0,3,0,3,0,3,,,0,3,0,3,0,3,0,3,,,,,,,,,,,,,,,,,,,,,,,,,,,,,,,,,,,,,0,1,,,,,,,,,,,,,,,,,,,,,,,,,,,,,,,,,,,,,,
481,12021,12,"Đồ ngọt (đường, bánh, mứt, kẹo)",Kẹo pastille (kẹo ngậm bạc hà),KẸO PASTILLE (KẸO NGẬM BẠC HÀ),Menthol pasitille,0.0,517,10.2,1,356,,1490,,5.2,1,0.0,1,83.8,1,,,0.8,1,,,,,,,,,,,,,,,96,1,1.60,1,,,,,18,1,,,,,,,,,,,0,1,,,,,,,,,,,,,,,,,,,,,,,,,,,0,3,0,3,0,3,0,3,0,3,,,0,3,0,3,0,3,0,3,,,,,,,,,,,,,,,,,,,,,,,,,,,,,,,,,,,,,0,1,,,,,,,,,,,,,,,,,,,,,,,,,,,,,,,,,,,,,,
482,12022,12,"Đồ ngọt (đường, bánh, mứt, kẹo)",Kẹo sô cô la,KẸO SÔ CÔ LA,Sweets with chocolate,0.0,518,6.8,1,388,,1624,,1.6,1,4.6,1,85.1,1,1.2,1,0.7,1,,,,,,,,,,,,,,,,,,,,,,,,,,,,,,,,,,,0,1,,,,,,,,,,,,,,,,,,,,,,,,,,,0,3,0,3,0,3,0,3,0,3,,,0,3,0,3,0,3,0,3,,,4.440,3,,,5.150,3,,,,,,,,,,,,,,,,,0.550,3,0.050,3,,,,,,,,,0,1,,,,,,,,,,,,,,,,,,,,,,,,,,,,,,,,,,,,,,
483,12023,12,"Đồ ngọt (đường, bánh, mứt, kẹo)",Kẹo sữa,KẸO SỮA,Sweets with milk,0.0,519,8.4,1,390,,1633,,2.9,1,5.2,1,83.0,1,,,0.5,1,,,,,,,,,,,,,,,,,,,,,,,,,,,,,,,,,,,0,1,,,,,,,,,,,,,,,,,,,,,,,,,,,0,3,0,3,0,3,0,3,0,3,,,0,3,0,3,0,3,0,3,,,8.610,3,,,0.990,3,,,,,,,,,,,,,,,,,0.110,3,,,,,,,,,,,0,1,,,,,,,,,,,,,,,,,,,,,,,,,,,,,,,,,,,,,,
484,12024,12,"Đồ ngọt (đường, bánh, mứt, kẹo)",Kẹo vừng viên,KẸO VỪNG VIÊN,Sesame candy,0.0,520,1.7,1,417,,1744,,2.8,1,6.9,1,85.9,1,1.7,1,1.0,1,,,,,,,,,,,,,,,,,,,,,,,,,,,,,,,,,,,0,1,0.05,1,0.02,1,,,,,,,,,,,,,,,,,,,,,,,0,3,0,3,0,3,0,3,0,3,,,0,3,0,3,0,3,0,3,,,0.240,3,,,1.750,3,,,,,,,,,,,,,,,,,2.510,3,0.490,3,,,,,,,,,0,1,,,,,,,,,,,,,,,,,,,,,,,,,,,,,,,,,,,,,,
485,12025,12,"Đồ ngọt (đường, bánh, mứt, kẹo)",Mạch nha,MẠCH NHA,Malt,0.0,521,15.0,1,331,,1384,,0.2,1,0.0,1,82.5,1,0.0,1,2.3,1,,,,,,,,,,,,,,,,,,,,,,,,,,,,,,,,,,,0,1,,,0.10,1,0.2,1,,,,,,,,,,,,,,,,,,,,,0,3,0,3,0,3,0,3,0,3,,,0,3,0,3,0,3,0,3,,,,,,,,,,,,,,,,,,,,,,,,,,,,,,,,,,,,,0,1,,,,,,,,,,,,,,,,,,,,,,,,,,,,,,,,,,,,,,
486,12026,12,"Đồ ngọt (đường, bánh, mứt, kẹo)",Mật ong,MẬT ONG,Honey,0.0,522,18.0,1,327,,1367,,0.4,1,0.0,1,81.3,1,0.0,1,0.3,1,81.02,3,3.06,3,1.42,3,0,3,40.39,3,35.27,3,0.88,3,5,1,0.90,1,2,3,0.080,3,16,1,52,3,4,3,0.22,3,36,3,0.8,3,4,1,0.00,1,0.04,1,0.2,1,0.068,3,0.024,3,2,3,0,3,0,5,0,3,0,1,0.00,3,0,3,0,3,0,3,0,3,0,3,0,3,0,3,0,4,0,3,0,3,0,3,0,3,0.000,3,0.000,3,0.000,3,0.000,3,0.000,3,0.000,3,0.000,3,0.000,3,0.000,3,0.000,3,0.000,3,0.000,3,0.000,3,0.000,3,0.000,3,0.000,3,0.000,3,0,3,0,3,0,3,8,3,1,3,4,3,11,3,4,3,9,3,10,3,8,3,5,3,1,3,3,3,8,3,6,3,27,3,18,3,7,3,90,3,6,3
487,12027,12,"Đồ ngọt (đường, bánh, mứt, kẹo)",Mứt lạc,MỨT LẠC,Peanut sugar (Jam),0.0,523,1.8,1,431,,1802,,5.4,1,8.6,1,82.9,1,0.7,1,0.6,1,,,,,,,,,,,,,,,,,,,,,,,,,,,,,,,,,,,0,1,0.16,1,0.03,1,3.0,1,,,,,,,,,,,,,,,,,,,,,0,3,0,3,0,3,0,3,0,3,,,0,3,0,3,0,3,0,3,,,,,,,,,,,,,,,,,,,,,,,,,,,,,,,,,,,,,0,1,,,,,,,,,,,,,,,,,,,,,,,,,,,,,,,,,,,,,,
488,13001,13,"Gia vị, nước chấm",Cary bột,CARY BỘT,"Cari powder (Mix, turmeric, red pepper and other spices)",0.0,526,10.0,1,283,,1182,,8.2,1,7.3,1,46.0,1,8.9,1,19.6,1,,,,,,,,,,,,,,,906,1,,,,,,,421,1,,,,,,,,,,,,,0.03,1,0.40,1,2.3,1,,,,,,,,,,,,,,,,,,,,,380,3,,,,,,,,,,,0,3,0,3,0,3,0,3,,,,,,,,,,,,,,,,,,,,,,,,,,,,,,,,,,,,,0,1,,,,,,,,,,,,,,,,,,,,,,,,,,,,,,,,,,,,,,
489,13002,13,"Gia vị, nước chấm",Gừng khô (bột),GỪNG KHÔ (BỘT),"Ginger root, dried powder",0.0,527,9.4,1,323,,1350,,9.1,1,5.9,1,58.3,1,12.5,1,4.8,1,3.4,3,0.19,3,0,3,0,3,1.78,3,1.22,3,0.2,3,180,1,11.52,3,184,3,26.500,3,148,3,1343,3,32,3,4.72,3,480,3,38.5,3,7,3,0.16,1,0.27,1,8.4,1,,,0.84,3,39,3,0,3,,,0,3,,,,,18.02,3,0.8,3,88,3,0,3,0,3,0,3,0,3,,,0,3,0,3,0,3,0,3,1.940,3,1.020,3,0.000,3,0.140,3,0.000,3,0.000,3,0.000,3,1.000,3,0.000,3,0.000,3,1.000,3,1.310,3,1.020,3,0.290,3,0.000,3,0.000,3,0.000,3,,,0,1,83,3,299,3,67,3,63,3,236,3,187,3,382,3,387,3,266,3,226,3,158,3,42,3,102,3,163,3,1090,3,848,3,226,3,216,3,236,3
490,13003,13,"Gia vị, nước chấm",Gừng tươi,GỪNG TƯƠI,"Ginger root, fresh",10.0,528,90.0,1,29,,119,,0.4,1,0.8,3,5.1,1,3.3,1,0.5,1,1.7,3,,,,,,,,,,,,,60,1,2.50,1,43,3,0.230,3,8,1,316,1,7,1,0.34,3,226,3,0.7,3,5,1,0.04,1,0.04,1,0.7,1,0.203,3,0.16,3,11,3,0,3,,,0,3,,,,,0.26,3,0.1,3,0,3,0,3,0,3,0,3,0,3,,,0,3,0,3,0,3,0,3,0.200,3,0.120,3,0.000,3,0.020,3,0.000,3,0.000,3,0.000,3,0.150,3,0.000,3,0.020,3,0.120,3,0.150,3,0.120,3,0.030,3,0.000,3,0.000,3,0.000,3,,,0,1,15,3,57,3,13,3,12,3,45,3,36,3,73,3,74,3,51,3,43,3,30,3,8,3,20,3,31,3,208,3,162,3,43,3,41,3,45,3
491,13004,13,"Gia vị, nước chấm",Hạt tiêu,HẠT TIÊU,"Peppercorn, seeds",0.0,529,13.5,1,231,,967,,7.0,1,7.4,1,34.1,1,33.5,1,4.5,1,0.64,3,,,,,,,,,,,,,732,1,4.60,1,19,1,0.100,1,44,1,1259,3,44,3,0.30,1,100,1,0.7,1,0,1,0.05,1,0.06,1,2.6,1,,,0.34,3,10,3,0,3,,,,,,,,,0.72,3,163.7,3,156,3,0,3,48,3,6,3,205,3,0,4,0,3,0,3,0,3,0,3,0.980,3,0.900,3,0.000,3,0.000,3,0.000,3,0.000,3,0.000,3,1.010,3,0.000,3,0.000,3,1.010,3,1.130,3,0.970,3,0.160,3,0.000,3,0.000,3,0.000,3,0,3,0,1,92,3,,,,,,,,,,,,,,,,,,,,,,,,,,,,,,,,,,,,
492,13005,13,"Gia vị, nước chấm",Muối,MUỐI,Table salt,0.0,530,1.0,1,0,,0,,0.0,1,0.0,1,0.0,1,0.0,1,99.0,1,0,3,0,3,0,3,0,3,0,3,0,3,0,3,150,1,0.81,1,0,1,0.000,1,70,1,4,1,38758,1,0.00,1,0,1,0,1,0,1,0.00,1,0.00,1,0.0,1,0,3,0,3,0,3,0,3,0,5,0,3,0,1,0.00,3,0,3,0,3,0,3,0,3,0,3,0,3,0,3,0,4,0,3,0,3,0,3,0,3,0.000,3,0.000,3,0.000,3,0.000,3,0.000,3,0.000,3,0.000,3,0.000,3,0.000,3,0.000,3,0.000,3,0.000,3,0.000,3,0.000,3,0.000,3,0.000,3,0.000,3,0,3,0,1,0,3,0,1,0,1,0,1,0,1,0,1,0,1,0,1,0,1,0,1,0,1,0,1,0,1,0,1,0,1,0,1,0,1,0,1,0,1
493,13006,13,"Gia vị, nước chấm","Nghệ khô, bột","NGHỆ KHÔ, BỘT","Turmeric rhizome, dried powder",0.0,531,11.4,3,295,,1236,,7.8,3,9.9,3,43.8,3,21.1,3,6.0,3,3.21,3,0,3,0,3,0,3,0.45,3,0.38,3,2.38,3,146,1,18.60,1,193,3,7.830,3,284,1,2525,3,38,3,4.35,3,603,3,4.5,3,26,3,0.03,1,0.12,1,2.3,1,,,1.8,3,39,3,0,3,,,0,3,,,,,3.1,3,13.4,3,0,3,0,3,0,3,0,3,0,3,,,0,3,0,3,0,3,0,3,3.120,3,1.690,3,0.000,3,0.230,3,0.000,3,0.000,3,0.000,3,1.660,3,0.000,3,0.000,3,1.660,3,2.180,3,1.690,3,0.480,3,0.000,3,0.000,3,0.000,3,,,0,1,82,,,,,,,,,,,,,,,,,,,,,,,,,,,,,,,,,,,,,
494,13007,13,"Gia vị, nước chấm",Nghệ tươi,NGHỆ TƯƠI,"Turmeric, rhizome, fresh",10.0,532,86.7,6,25,,103,,1.1,6,0.3,6,4.4,6,6.5,6,1.0,6,,,,,,,,,,,,,,,12,1,,,,,,,22,1,587,6,52,6,,,,,,,4,6,0.03,6,0.03,6,0.4,6,,,,,,,,,,,,,,,,,,,,,,,,,,,,,,,,,,,,,,,,,,,,,,,,,,,,,,,,,,,,,,,,,,,,,,,,,,,,,0,1,,,,,,,,,,,,,,,,,,,,,,,,,,,,,,,,,,,,,,
495,13008,13,"Gia vị, nước chấm",Ớt khô bôt,ỚT KHÔ BÔT,"Red pepper, dried powder",0.0,533,12.0,1,227,,951,,15.6,1,4.2,1,31.8,1,23.6,1,12.8,1,,,,,,,,,,,,,,,85,1,17.00,1,,,,,380,1,,,,,,,,,,,0,1,0.61,1,0.90,1,8.1,1,,,,,,,,,,,,,,,,,,,,,8442,3,,,,,,,,,,,0,3,0,3,0,3,0,3,,,,,,,,,,,,,,,,,,,,,,,,,,,,,,,,,,,,,0,1,,,,,,,,,,,,,,,,,,,,,,,,,,,,,,,,,,,,,,
496,13009,13,"Gia vị, nước chấm",Riềng,RIỀNG,"AIpinia root, fresh",10.0,534,91.7,1,26,,109,,0.3,1,,,2.5,1,3.7,1,1.8,1,,,,,,,,,,,,,,,24,1,,,,,,,28,1,,,,,,,,,,,0,1,,,,,,,,,,,,,,,,,,,,,,,,,,,0,3,0,3,0,3,0,3,0,3,,,0,3,0,3,0,3,0,3,,,,,,,,,,,,,,,,,,,,,,,,,,,,,,,,,,,,,0,1,,,,,,,,,,,,,,,,,,,,,,,,,,,,,,,,,,,,,,
497,13010,13,"Gia vị, nước chấm",Magi,MAGI,Soybean sauce,0.0,535,66.0,3,65,,273,,10.5,1,0.1,3,5.6,3,0.0,1,17.8,3,1.7,3,,,,,,,,,,,,,20,3,2.38,3,40,3,0.500,3,130,3,212,3,5586,3,0.43,3,135,3,0.8,3,0,3,0.06,3,0.15,3,4.0,3,0.376,3,0.2,3,18,3,0,3,,,0,3,0,3,0.00,3,0,3,0,3,0,3,0,3,0,3,0,3,0,3,,,0,3,0,3,0,3,0,3,0.010,3,0.010,3,0.000,3,0.000,3,0.000,3,0.000,3,0.000,3,0.020,3,0.000,3,0.000,3,0.020,3,0.040,3,0.040,3,0.010,3,0.000,3,0.000,3,0.000,3,,,0,3,,,731,3,167,3,181,3,534,3,407,3,524,3,735,3,487,3,405,3,215,3,107,3,342,3,536,3,882,3,2411,3,435,3,806,3,483,3
498,13011,13,"Gia vị, nước chấm",Mắm tôm đặc,MẮM TÔM ĐẶC,Shrimp sauce concentrate,0.0,536,48.0,1,73,,304,,14.8,1,1.5,1,0.0,3,0.0,3,35.7,1,0,3,0,3,0,3,0,3,0,3,0,3,0,3,,,,,,,,,,,,,,,,,,,,,0,1,,,,,,,,,,,,,,,,,,,,,,,,,,,0,3,0,3,0,3,0,3,0,3,,,0,3,0,3,0,3,0,3,,,,,,,,,,,,,,,,,,,,,,,,,,,,,,,,,,,,,,,,,,,,,,,,,,,,,,,,,,,,,,,,,,,,,,,,,,,,
499,13012,13,"Gia vị, nước chấm",Mắm tôm loãng,MẮM TÔM LOÃNG,"Shrimp sauce, diluted",0.0,537,68.6,1,44,,182,,7.0,1,0.8,1,2.1,1,0.0,3,21.5,1,0,3,0,3,0,3,0,3,0,3,0,3,0,3,645,1,,,,,,,226,1,,,,,,,,,,,0,1,,,,,,,,,,,,,,,,,,,,,,,,,,,0,3,0,3,0,3,0,3,0,3,,,0,3,0,3,0,3,0,3,,,,,,,,,,,,,,,,,,,,,,,,,,,,,,,,,,,,,,,,,,,,,,,,,,,,,,,,,,,,,,,,,,,,,,,,,,,,
500,13013,13,"Gia vị, nước chấm",Mắm tép chua,MẮM TÉP CHUA,"Tiny shrimp, sour sauce",0.0,538,55.5,1,68,,283,,8.7,1,1.2,1,5.5,1,0.0,3,29.1,1,0,3,0,3,0,3,0,3,0,3,0,3,0,3,,,,,,,,,,,,,,,,,,,,,0,1,,,,,,,,,,,,,,,,,,,,,,,,,,,0,3,0,3,0,3,0,3,0,3,,,0,3,0,3,0,3,0,3,,,,,,,,,,,,,,,,,,,,,,,,,,,,,,,,,,,,,,,,,,,,,,,,,,,,,,,,,,,,,,,,,,,,,,,,,,,,
501,13014,13,"Gia vị, nước chấm",Nước mắm cá (loại đặc biệt),NƯỚC MẮM CÁ (LOẠI ĐẶC BIỆT),Fish - sauce (super quality).,0.0,539,60.0,1,60,,251,,15.0,1,0.0,1,0.0,1,0.0,3,25.0,1,0,3,0,3,0,3,0,3,0,3,0,3,0,3,387,1,2.70,1,,,,,247,1,,,,,,,,,,,0,1,0.09,1,0.86,1,,,,,,,,,,,,,,,,,,,,,,,0,3,0,3,0,3,0,3,0,3,,,0,3,0,3,0,3,0,3,,,,,,,,,,,,,,,,,,,,,,,,,,,,,,,,,,,,,,,,,,,,,,,,,,,,,,,,,,,,,,,,,,,,,,,,,,,,
502,13015,13,"Gia vị, nước chấm",Nước mắm cá loại i,NƯỚC MẮM CÁ LOẠI I,"Fish sauce, grade I",0.0,540,67.9,1,28,,119,,7.1,1,0.00,1,0.0,1,0.0,1,25.0,1,,3,,3,,3,,3,,3,,3,,3,387,1,2.70,1,,,,,247,1,,,,,,,,,,,0,1,0.03,1,0.27,1,,,,,,,,,,,,,,,,,,,,,,,0,3,0,3,0,3,0,3,0,3,,,,,,,,,,,,,,,,,,,,,,,,,,,,,,,,,,,,,,,,,,,,,,,0,1,,,,,,,,,,,,,,,,,,,,,,,,,,,,,,,,,,,,,,
503,13016,13,"Gia vị, nước chấm",Nước mắm loại ii,NƯỚC MẮM LOẠI II,"Fish sauce, grade II",0.0,541,66.8,1,21,,87,,5.2,1,0.0,1,0.0,1,0.0,1,28.0,1,0,3,0,3,0,3,0,3,0,3,0,3,0,3,314,1,1.90,1,,,,,116,1,,,,,,,,,,,0,1,,,,,,,,,,,,,,,,,,,,,,,,,,,0,3,0,3,0,3,0,3,0,3,,,0,3,0,3,0,3,0,3,,,,,,,,,,,,,,,,,,,,,,,,,,,,,,,,,,,,,0,1,,,,,,,,,,,,,,,,,,,,,,,,,,,,,,,,,,,,,,
504,13017,13,"Gia vị, nước chấm",Nước mắm cá,NƯỚC MẮM CÁ,"Fish sauce, ready-to-serve",0.0,542,71.1,1,35,,146,,5.1,1,0.01,1,3.6,1,0.0,1,20.2,1,0,3,0,3,0,3,0,3,0,3,0,3,0,3,43,3,0.78,3,175,3,0.230,3,7,3,288,3,7720,3,0.20,3,50,3,9.1,3,1,3,0.01,3,0.06,3,2.3,3,0.118,3,0.396,3,51,3,0,3,,,0.48,3,4,3,0.00,3,0,3,0,3,0,3,0,3,0,3,0,3,0,3,,,0,3,0,3,0,3,0,3,0.003,3,0.001,3,0.000,3,0.001,3,0.000,3,0.000,3,0.000,3,0.002,3,0.000,3,0.001,3,0.001,3,0.003,3,0.000,3,0.000,3,0.000,3,0.001,3,0.002,3,,,0,3,,,,,,,,,,,,,,,,,,,,,,,,,,,,,,,,,,,,,,
505,13018,13,"Gia vị, nước chấm",Nước mắm cô,NƯỚC MẮM CÔ,"Fish sauce, concentrated",0.0,543,20.2,1,131,,549,,32.8,1,0.0,3,0.0,3,0.0,1,47.0,1,0,3,0,3,0,3,0,3,0,3,0,3,0,3,,,,,,,,,,,,,,,,,,,,,0,1,,,,,,,,,,,,,,,,,,,,,,,,,,,0,3,0,3,0,3,0,3,0,3,,,0,3,0,3,0,3,0,3,,,,,,,,,,,,,,,,,,,,,,,,,,,,,,,,,,,,,0,3,,,,,,,,,,,,,,,,,,,,,,,,,,,,,,,,,,,,,,
506,13019,13,"Gia vị, nước chấm",Tương ngô,TƯƠNG NGÔ,Soybean sauce with rice and maize,0.0,544,70.3,1,75,,312,,3.9,1,0.1,1,14.5,1,0.0,3,11.2,1,0,3,0,3,0,3,0,3,0,3,0,3,0,3,,,,,,,,,,,,,,,,,,,,,0,1,,,,,,,,,,,,,,,,,,,,,,,,,,,,,,,,,,,,,,,,,,,,,,,,,,,,,,,,,,,,,,,,,,,,,,,,,,,,,,,,,,,0,3,,,,,,,,,,,,,,,,,,,,,,,,,,,,,,,,,,,,,,
507,13020,13,"Gia vị, nước chấm",Tương nếp,TƯƠNG NẾP,Soybean sauce with glutinous rice,0.0,545,68.3,1,86,,361,,4.3,1,0.7,1,15.7,1,0.0,3,11.0,1,0,3,0,3,0,3,0,3,0,3,0,3,0,3,,,,,,,,,,,,,,,,,,,,,0,1,,,,,,,,,,,,,,,,,,,,,,,,,,,0,3,0,3,0,3,0,3,0,3,,,0,3,0,3,0,3,0,3,,,,,,,,,,,,,,,,,,,,,,,,,,,,,,,,,,,,,0,3,,,,,,,,,,,,,,,,,,,,,,,,,,,,,,,,,,,,,,
508,13021,13,"Gia vị, nước chấm",Tương ớt,TƯƠNG ỚT,Red pepper sauce concentrate,0.0,546,84.0,1,37,,154,,0.5,1,0.5,1,7.6,1,0.9,1,6.5,1,2.55,3,,,,,,,,,,,,,9,3,0.50,3,12,3,,,16,3,564,3,25,3,0.15,3,87,3,0.2,3,30,3,0.01,3,0.09,3,0.6,3,,,0.14,3,11,3,0,3,,,0,3,0,3,,,0.36,3,6.7,3,257,3,17,3,19,3,0,3,341,3,,,,,,,,,,,0.080,3,0.070,3,0.000,3,0.010,3,0.000,3,0.000,3,0.000,3,0.410,3,0.000,3,0.010,3,0.400,3,0.070,3,0.070,3,0.000,3,0.000,3,0.000,3,0.000,3,,,0,3,,,,,,,,,,,,,,,,,,,,,,,,,,,,,,,,,,,,,,
509,13022,13,"Gia vị, nước chấm",Xì dầu,XÌ DẦU,Soybean sauce,0.0,547,70.8,3,53,,220,,6.3,3,0.04,3,6.8,3,0.8,3,15.3,3,1.7,3,,,,,,,,,,,,,19,3,1.93,3,43,3,0.420,3,125,3,217,3,5637,3,0.52,3,104,3,0.5,3,0,3,0.03,3,0.17,3,2.2,3,0.297,3,0.148,3,14,3,0,3,,,0,3,0,3,,,0,3,0,3,0,3,0,3,0,3,0,3,0,3,,,0,3,0,3,0,3,0,3,0.005,3,0.004,3,0.000,3,0.001,3,0.000,3,0.000,3,0.000,3,0.006,3,0.000,3,0.000,3,0.006,3,0.019,3,0.016,3,0.002,3,0.000,3,0.000,3,0.000,3,,,0,3,,,357,3,91,3,90,3,330,3,254,3,311,3,503,3,297,3,433,3,163,3,110,3,228,3,276,3,674,3,1479,3,278,3,461,3,363,3
510,13023,13,"Gia vị, nước chấm",Sốt mayonnaise,SỐT MAYONNAISE,Mayonnaise,0.0,548,21.7,3,701,,2931,,0.0,3,77.8,3,0.1,3,0.0,3,0.4,3,0.1,3,,,,,,,,,,,,,7,3,0.23,3,1,3,,,25,3,14,3,486,3,0.13,3,0,3,1.6,3,0,3,0.01,3,0.06,3,0.0,3,,,0.01,3,0,3,0,3,,,0,3,,,,,11.79,3,24.7,3,0,3,0,3,0,3,0,3,0,3,,,0,3,0,3,0,3,0,3,10.780,3,7.360,3,0.000,3,1.950,3,0.000,3,0.000,3,0.000,3,18.030,3,0.000,3,0.000,3,18.030,3,45.540,3,40.570,3,4.970,3,0.000,3,0.000,3,0.000,3,,,0,3,,,0,3,0,3,0,3,0,3,0,3,0,3,0,3,0,3,0,3,0,3,0,3,0,3,0,3,0,3,0,3,0,3,0,3,0,3
511,14001,14,"Nước giải khát, bia, rượu","Bia (cồn: 4,5 g)","BIA (CỒN: 4,5 G)","Beer light (4,5 % Alcohol)",0.0,551,92.5,1,11,,47,,0.5,1,0.0,3,2.3,1,0.0,1,0.2,1,,,,,,,,,,,,,,,6,1,0.10,1,6,3,0.010,3,26,1,27,3,4,3,0.01,3,5,3,0.6,3,0,1,0.01,1,0.03,1,0.8,1,0.041,3,0.046,3,6,3,0,3,3,5,0.02,3,,,,,,,,,0,3,0,3,0,3,0,3,0,3,,,0,3,0,3,0,3,0,3,0.000,3,0.000,3,0.000,3,0.000,3,0.000,3,0.000,3,0.000,3,0.000,3,0.000,3,0.000,3,0.000,3,0.000,3,0.000,3,0.000,3,0.000,3,0.000,3,0.000,3,,,0,1,,,14,1,4,1,7,1,11,1,12,1,19,1,14,1,11,1,14,1,10,1,14,1,7,1,23,1,27,1,74,1,22,1,69,1,15,1
512,14002,14,"Nước giải khát, bia, rượu",Cô nhắc (cồn 32g),CÔ NHẮC (CỒN 32G),Cognac,0.0,552,67.8,1,0,,0,,0.0,3,0.0,3,0.0,3,0.0,1,0.2,1,,,,,,,,,,,,,,,,,,,,,,,,,,,,,,,,,,,0,1,,,,,,,,,,,,,,,,,,,,,,,,,,,0,3,0,3,0,3,0,3,0,3,,,0,3,0,3,0,3,0,3,0.000,3,0.000,3,0.000,3,0.000,3,0.000,3,0.000,3,0.000,3,0.000,3,0.000,3,0.000,3,0.000,3,0.000,3,0.000,3,0.000,3,0.000,3,0.000,3,0.000,3,,,0,1,,,0,1,0,1,0,1,0,1,0,1,0,1,0,1,0,1,0,1,0,1,0,1,0,1,0,1,0,1,0,1,0,1,0,1,0,1
513,14003,14,"Nước giải khát, bia, rượu",Cốc tai (cồn 13 g),CỐC TAI (CỒN 13 G),"Cocktail, vermouth sweet",0.0,553,71.0,1,63,,263,,0.0,1,0.0,3,15.7,1,0.0,1,0.3,1,,,,,,,,,,,,,,,6,1,0.36,1,,,,,6,1,,,,,,,,,,,0,1,,,,,0.0,1,,,,,,,,,,,,,,,,,,,,,0,3,0,3,0,3,0,3,0,3,,,0,3,0,3,0,3,0,3,0.000,3,0.000,3,0.000,3,0.000,3,0.000,3,0.000,3,0.000,3,0.000,3,0.000,3,0.000,3,0.000,3,0.000,3,0.000,3,0.000,3,0.000,3,0.000,3,0.000,3,,,0,1,,,0,1,0,1,0,1,0,1,0,1,0,1,0,1,0,1,0,1,0,1,0,1,0,1,0,1,0,1,0,1,0,1,0,1,0,1
514,14004,14,"Nước giải khát, bia, rượu",Coca cola,COCA COLA,Coca Cola,0.0,554,89.4,1,42,,174,,0.0,1,0.0,3,10.4,1,0.0,1,0.2,1,,,,,,,,,,,,,,,8,1,0.00,1,,,,,15,1,,,,,,,,,,,0,1,,,,,,,,,,,,,,,,,,,,,,,,,,,0,3,0,3,0,3,0,3,0,3,,,0,3,0,3,0,3,0,3,0.000,3,0.000,3,0.000,3,0.000,3,0.000,3,0.000,3,0.000,3,0.000,3,0.000,3,0.000,3,0.000,3,0.000,3,0.000,3,0.000,3,0.000,3,0.000,3,0.000,3,,,0,1,,,0,1,0,1,0,1,0,1,0,1,0,1,0,1,0,1,0,1,0,1,0,1,0,1,0,1,0,1,0,1,0,1,0,1,0,1
515,14005,14,"Nước giải khát, bia, rượu",Nước cam tươi,NƯỚC CAM TƯƠI,"Orange juice, fresh",0.0,555,94.1,1,23,,95,,0.7,1,0.2,3,4.5,1,0.2,3,0.3,1,3.96,3,,,,,,,,,,,,,26,1,0.30,1,11,3,0.010,3,16,1,200,3,1,3,0.05,3,44,3,0.1,3,54,1,0.09,3,0.03,3,0.4,3,0.19,3,0.04,3,30,3,0,3,,,0,3,,,,,0.04,3,0.1,3,33,3,6,3,169,3,0,3,115,3,,,0,3,0,3,0,3,0,3,,,,,,,,,,,,,,,,,,,,,,,,,,,,,,,,,,,,,0,1,,,9,3,3,3,2,3,9,3,8,3,11,3,13,3,8,3,47,3,3,3,5,3,4,3,15,3,75,3,33,3,9,3,44,3,13,3
516,14006,14,"Nước giải khát, bia, rượu",Nước dừa non tươi,NƯỚC DỪA NON TƯƠI,"Coconut milk, immature",0.0,556,94.4,1,21,,87,,0.4,1,0.0,3,4.8,1,0.0,1,0.4,1,,,,,,,,,,,,,,,60,1,0.30,1,,,,,29,1,,,,,,,,,,,1,1,,,,,,,,,,,,,,,,,,,,,,,,,,,0,3,0,3,0,3,0,3,0,3,,,0,3,0,3,0,3,0,3,0.020,3,0.020,3,0.000,3,0.000,3,0.000,3,0.000,3,0.000,3,0.040,3,0.000,3,0.010,3,0.030,3,0.040,3,0.030,3,0.010,3,0.000,3,0.000,3,0.000,3,,,0,1,,,,,,,,,,,,,,,,,,,,,,,,,,,,,,,,,,,,,,
517,14007,14,"Nước giải khát, bia, rượu",Nước ép cà chua,NƯỚC ÉP CÀ CHUA,Tomato juice,0.0,557,94.6,1,19,,79,,0.8,1,0.6,1,2.6,1,0.4,1,1.0,1,,,,,,,,,,,,,,,8,1,0.30,1,11,3,0.070,3,13,1,229,3,269,3,0.15,3,61,3,0.3,3,7,1,0.03,1,0.03,1,0.7,1,0.25,3,0.111,3,20,3,0,3,,,,,,,,,0.32,3,2.3,3,270,3,0,3,0,3,9037,3,60,3,,,0,3,0,3,0,3,0,3,,,,,,,,,,,,,,,,,,,,,,,,,,,,,,,,,,,,,0,1,,,31,1,2,1,6,1,21,1,21,1,21,1,31,1,19,1,19,1,20,1,12,1,11,1,14,1,23,1,114,1,229,1,20,1,15,1
518,14008,14,"Nước giải khát, bia, rượu",Nước khoáng,NƯỚC KHOÁNG,Mineral water,0.0,558,99.7,1,0,,0,,0.0,3,0.0,3,0.0,3,0.0,1,0.3,1,0,3,0,3,0,3,0,3,0,3,0,3,0,3,5,1,0.01,1,,,,,0,1,,,,,,,,,,,0,1,,,,,,,,,,,,,,,,,,,,,,,,,,,0,3,0,3,0,3,0,3,0,3,,,0,3,0,3,0,3,0,3,,,,,,,,,,,,,,,,,,,,,,,,,,,,,,,,,,,,,0,1,,,0,1,0,1,0,1,0,1,0,1,0,1,0,1,0,1,0,1,0,1,0,1,0,1,0,1,0,1,0,1,0,1,0,1,0,1
519,14009,14,"Nước giải khát, bia, rượu",Nước quít tươi,NƯỚC QUÍT TƯƠI,Mandarins juice (fresh),0.0,559,93.8,1,24,,100,,0.4,1,0.2,3,5.1,1,0.2,3,0.3,1,5.39,3,,,,,,,,,,,,,20,1,0.20,1,8,3,0.040,3,24,1,178,3,1,3,0.03,3,25,3,0.1,3,47,1,0.06,1,0.02,1,0.1,1,0.125,3,0.042,3,5,3,0,3,,,0,3,,,,,0.13,3,0,3,38,3,14,3,214,3,0,3,166,3,,,0,3,0,3,0,3,0,3,,,,,,,,,,,,,,,,,,,,,,,,,,,,,,,,,,,,,0,1,,,7,3,2,3,1,3,6,3,6,3,8,3,10,3,5,3,34,3,2,3,4,3,3,3,11,3,53,3,24,3,7,3,31,3,9,3
520,14010,14,"Nước giải khát, bia, rượu","Rượu cam, chanh (cồn 24,2 g)","RƯỢU CAM, CHANH (CỒN 24,2 G)","Liqueur, orange flavor",0.0,560,75.8,1,0,,0,,0.0,3,0.0,3,0.0,1,0.0,1,,,,,,,,,,,,,,,,,,,,,,,,,,,,,,,,,,,,,0,1,,,,,,,,,,,,,,,,,,,,,,,,,,,0,3,0,3,0,3,0,3,0,3,,,0,3,0,3,0,3,0,3,0.020,3,0.020,3,0.000,3,0.000,3,0.000,3,0.000,3,0.000,3,0.040,3,0.000,3,0.010,3,0.030,3,0.040,3,0.030,3,0.010,3,0.000,3,0.000,3,0.000,3,,,0,1,,,0,1,0,1,0,1,0,1,0,1,0,1,0,1,0,1,0,1,0,1,0,1,0,1,0,1,0,1,0,1,0,1,0,1,0,1
521,14011,14,"Nước giải khát, bia, rượu",Rượu nếp (80g/ 24 ml) (cồn 5g),RƯỢU NẾP (80G/ 24 ML) (CỒN 5G),Rice glutinous (Alcohol fermentation rice 80 g water 24 ml),0.0,561,52.4,1,167,,698,,4.0,1,0.0,3,37.7,1,0.2,1,0.7,1,,,,,,,,,,,,,,,,,,,,,,,,,,,,,,,,,,,0,1,,,,,,,,,,,,,,,,,,,,,,,,,,,0,3,0,3,0,3,0,3,0,3,,,0,3,0,3,0,3,0,3,0.000,3,0.000,3,0.000,3,0.000,3,0.000,3,0.000,3,0.000,3,0.000,3,0.000,3,0.000,3,0.000,3,0.000,3,0.000,3,0.000,3,0.000,3,0.000,3,0.000,3,,,0,1,,,,,,,,,,,,,,,,,,,,,,,,,,,,,,,,,,,,,,
522,14012,14,"Nước giải khát, bia, rượu",Rượu trắng (cồn 39 g),RƯỢU TRẮNG (CỒN 39 G),Vodka,0.0,562,61.0,,273,,1142,,,,0.0,3,0.0,,0.0,1,,,,,,,,,,,,,,,,,,,,,,,,,,,,,,,,,,,,,0,1,,,,,,,,,,,,,,,,,,,,,,,,,,,0,3,0,3,0,3,0,3,0,3,,,0,3,0,3,0,3,0,3,0.000,3,0.000,3,0.000,3,0.000,3,0.000,3,0.000,3,0.000,3,0.000,3,0.000,3,0.000,3,0.000,3,0.000,3,0.000,3,0.000,3,0.000,3,0.000,3,0.000,3,,,0,1,,,,,,,,,,,,,,,,,,,,,,,,,,,,,,,,,,,,,,
523,14013,14,"Nước giải khát, bia, rượu","Rượu vang đỏ (cồn 9,5 g)","RƯỢU VANG ĐỎ (CỒN 9,5 G)",Red wine,0.0,563,88.0,1,9,,37,,0.2,1,0.0,3,2.0,1,0.0,1,0.3,1,,,,,,,,,,,,,,,8,1,0.82,1,,,,,10,1,,,,,,,,,,,0,1,,,0.02,1,0.1,1,,,,,,,,,,,,,,,,,,,,,0,3,0,3,0,3,0,3,0,3,,,0,3,0,3,0,3,0,3,0.000,3,0.000,3,0.000,3,0.000,3,0.000,3,0.000,3,0.000,3,0.000,3,0.000,3,0.000,3,0.000,3,0.000,3,0.000,3,0.000,3,0.000,3,0.000,3,0.000,3,,,0,1,,,,,,,,,,,,,,,,,,,,,,,,,,,,,,,,,,,,,,
524,14014,14,"Nước giải khát, bia, rượu","Rượu vang trắng (cồn 9,5 g)","RƯỢU VANG TRẮNG (CỒN 9,5 G)",White wine,0.0,564,89.9,5,1,,5,,0.1,5,0.0,5,0.2,5,0.0,5,0.3,5,0.2,5,0,5,0,5,0,5,0.1,5,0.1,5,0,5,9,5,0.50,5,8,5,0.020,5,6,5,61,5,4,5,0.06,5,40,5,0,5,0,5,,,0.01,5,0.1,5,0.03,5,0.02,5,0,5,0,5,,,0,5,0,5,0.00,5,0,5,0,5,0,,0,,0,,0,,0,,,,,,,,,,,,0.000,5,0.000,5,0.000,5,0.000,5,0.000,5,0.000,5,0.000,5,0.000,5,0.000,5,0.000,5,0.000,5,0.000,5,0.000,5,0.000,5,0.000,5,0.000,5,0.000,5,,,0,5,,,,,,,,,,,,,,,,,,,,,,,,,,,,,,,,,,,,,,
525,14015,14,"Nước giải khát, bia, rượu",Rượu vang trắng ngọt (cồn 10.2 g),RƯỢU VANG TRẮNG NGỌT (CỒN 10.2 G),"White wine, sweet",0.0,565,83.4,5,24,,102,,0.2,5,0.0,5,5.9,5,0.0,5,0.3,5,5.9,,0,,0,,0,,3,,2.9,,0,,14,5,0.58,5,11,5,0.020,5,13,5,110,5,13,5,0.06,5,40,5,0,5,0,5,0.00,5,0.01,5,0.1,5,0.03,5,0.012,5,0,5,0,5,,,0,5,0,5,0.00,5,0,5,0,5,0,,0,,0,,0,,0,,,,0,,0,,0,,0,,0.000,5,0.000,5,0.000,5,0.000,5,0.000,5,0.000,5,0.000,5,0.000,5,0.000,5,0.000,5,0.000,5,0.000,5,0.000,5,0.000,5,0.000,5,0.000,5,0.000,5,,,0,5,,,,,,,,,,,,,,,,,,,,,,,,,,,,,,,,,,,,,,
526,14016,14,"Nước giải khát, bia, rượu","Rượu whisky (cồn 35,2 g)","RƯỢU WHISKY (CỒN 35,2 G)",Whisky liqueur,0.0,566,64.7,1,0,,0,,0.0,1,0.0,1,0.0,1,0.0,1,0.1,1,0,3,0,3,0,3,0,3,0,3,0,3,0,3,2,1,,,,,,,,,,,,,,,,,,,0,1,,,,,,,,,,,,,,,,,,,,,,,,,,,0,3,0,3,0,3,0,3,0,3,,,0,3,0,3,0,3,0,3,0.000,3,0.000,3,0.000,3,0.000,3,0.000,3,0.000,3,0.000,3,0.000,3,0.000,3,0.000,3,0.000,3,0.000,3,0.000,3,0.000,3,0.000,3,0.000,3,0.000,3,,,0,1,,,0,1,0,1,0,1,0,1,0,1,0,1,0,1,0,1,0,1,0,1,0,1,0,1,0,1,0,1,0,1,0,1,0,1,0,1
